{"type":"FeatureCollection","features":[{"type":"Feature","properties":{"axis":"E","value":521000,"spacing":1000,"datum":"agd66"},"geometry":{"type":"LineString","coordinates":[[147.2587584,-42.9366862],[147.2587207,-42.927681],[147.258683,-42.9186758],[147.2586454,-42.9096706],[147.2586077,-42.9006654],[147.2585701,-42.8916602],[147.2585325,-42.882655],[147.2584949,-42.8736497],[147.2584573,-42.8646445],[147.2584198,-42.8556392],[147.2583823,-42.8466339],[147.2583447,-42.8376286],[147.2583072,-42.8286233]]}},{"type":"Feature","properties":{"axis":"E","value":522000,"spacing":1000,"datum":"agd66"},"geometry":{"type":"LineString","coordinates":[[147.2710144,-42.9366578],[147.270975,-42.9276527],[147.2709355,-42.9186475],[147.2708961,-42.9096423],[147.2708566,-42.9006371],[147.2708172,-42.8916319],[147.2707778,-42.8826267],[147.2707385,-42.8736214],[147.2706991,-42.8646162],[147.2706598,-42.8556109],[147.2706205,-42.8466056],[147.2705812,-42.8376003],[147.2705419,-42.828595]]}},{"type":"Feature","properties":{"axis":"E","value":523000,"spacing":1000,"datum":"agd66"},"geometry":{"type":"LineString","coordinates":[[147.2832705,-42.9366281],[147.2832292,-42.927623],[147.283188,-42.9186178],[147.2831467,-42.9096127],[147.2831055,-42.9006075],[147.2830643,-42.8916023],[147.2830232,-42.8825971],[147.282982,-42.8735918],[147.2829409,-42.8645866],[147.2828998,-42.8555813],[147.2828587,-42.8465761],[147.2828176,-42.8375708],[147.2827766,-42.8285655]]}},{"type":"Feature","properties":{"axis":"E","value":524000,"spacing":1000,"datum":"agd66"},"geometry":{"type":"LineString","coordinates":[[147.2955265,-42.9365972],[147.2954834,-42.927592],[147.2954404,-42.9185869],[147.2953974,-42.9095817],[147.2953544,-42.9005765],[147.2953114,-42.8915713],[147.2952685,-42.8825661],[147.2952256,-42.8735609],[147.2951826,-42.8645557],[147.2951398,-42.8555504],[147.2950969,-42.8465452],[147.295054,-42.8375399],[147.2950112,-42.8285346]]}},{"type":"Feature","properties":{"axis":"E","value":525000,"spacing":1000,"datum":"agd66"},"geometry":{"type":"LineString","coordinates":[[147.3077825,-42.9365649],[147.3077376,-42.9275597],[147.3076928,-42.9185546],[147.307648,-42.9095495],[147.3076032,-42.9005443],[147.3075585,-42.8915391],[147.3075138,-42.8825339],[147.3074691,-42.8735287],[147.3074244,-42.8645235],[147.3073797,-42.8555182],[147.3073351,-42.846513],[147.3072904,-42.8375077],[147.3072458,-42.8285024]]}},{"type":"Feature","properties":{"axis":"E","value":526000,"spacing":1000,"datum":"agd66"},"geometry":{"type":"LineString","coordinates":[[147.3200384,-42.9365313],[147.3199918,-42.9275261],[147.3199452,-42.918521],[147.3198986,-42.9095159],[147.3198521,-42.9005107],[147.3198055,-42.8915056],[147.319759,-42.8825004],[147.3197125,-42.8734952],[147.3196661,-42.86449],[147.3196196,-42.8554847],[147.3195732,-42.8464795],[147.3195268,-42.8374742],[147.3194804,-42.828469]]}},{"type":"Feature","properties":{"axis":"E","value":527000,"spacing":1000,"datum":"agd66"},"geometry":{"type":"LineString","coordinates":[[147.3322944,-42.9364963],[147.332246,-42.9274912],[147.3321976,-42.9184861],[147.3321492,-42.909481],[147.3321009,-42.9004759],[147.3320526,-42.8914707],[147.3320043,-42.8824655],[147.331956,-42.8734603],[147.3319078,-42.8644551],[147.3318595,-42.8554499],[147.3318113,-42.8464447],[147.3317632,-42.8374394],[147.331715,-42.8284342]]}},{"type":"Feature","properties":{"axis":"E","value":528000,"spacing":1000,"datum":"agd66"},"geometry":{"type":"LineString","coordinates":[[147.3445503,-42.9364601],[147.3445001,-42.927455],[147.3444499,-42.9184499],[147.3443998,-42.9094448],[147.3443497,-42.9004397],[147.3442996,-42.8914345],[147.3442495,-42.8824294],[147.3441995,-42.8734242],[147.3441494,-42.864419],[147.3440994,-42.8554138],[147.3440494,-42.8464086],[147.3439995,-42.8374033],[147.3439496,-42.8283981]]}},{"type":"Feature","properties":{"axis":"E","value":529000,"spacing":1000,"datum":"agd66"},"geometry":{"type":"LineString","coordinates":[[147.3568062,-42.9364226],[147.3567542,-42.9274175],[147.3567023,-42.9184124],[147.3566503,-42.9094073],[147.3565984,-42.9004022],[147.3565466,-42.891397],[147.3564947,-42.8823919],[147.3564429,-42.8733867],[147.3563911,-42.8643815],[147.3563393,-42.8553764],[147.3562875,-42.8463711],[147.3562358,-42.8373659],[147.3561841,-42.8283607]]}},{"type":"Feature","properties":{"axis":"E","value":530000,"spacing":1000,"datum":"agd66"},"geometry":{"type":"LineString","coordinates":[[147.3690621,-42.9363837],[147.3690083,-42.9273787],[147.3689546,-42.9183736],[147.3689009,-42.9093685],[147.3688472,-42.9003634],[147.3687935,-42.8913582],[147.3687399,-42.8823531],[147.3686863,-42.873348],[147.3686327,-42.8643428],[147.3685791,-42.8553376],[147.3685256,-42.8463324],[147.3684721,-42.8373272],[147.3684186,-42.828322]]}},{"type":"Feature","properties":{"axis":"E","value":531000,"spacing":1000,"datum":"agd66"},"geometry":{"type":"LineString","coordinates":[[147.3813179,-42.9363436],[147.3812624,-42.9273385],[147.3812069,-42.9183334],[147.3811514,-42.9093284],[147.3810959,-42.9003233],[147.3810405,-42.8913181],[147.380985,-42.882313],[147.3809297,-42.8733079],[147.3808743,-42.8643027],[147.3808189,-42.8552976],[147.3807636,-42.8462924],[147.3807083,-42.8372872],[147.3806531,-42.828282]]}},{"type":"Feature","properties":{"axis":"E","value":532000,"spacing":1000,"datum":"agd66"},"geometry":{"type":"LineString","coordinates":[[147.3935738,-42.9363021],[147.3935164,-42.927297],[147.3934591,-42.918292],[147.3934018,-42.9092869],[147.3933446,-42.9002818],[147.3932874,-42.8912767],[147.3932302,-42.8822716],[147.393173,-42.8732665],[147.3931159,-42.8642614],[147.3930587,-42.8552562],[147.3930016,-42.846251],[147.3929446,-42.8372458],[147.3928875,-42.8282406]]}},{"type":"Feature","properties":{"axis":"E","value":533000,"spacing":1000,"datum":"agd66"},"geometry":{"type":"LineString","coordinates":[[147.4058296,-42.9362593],[147.4057704,-42.9272543],[147.4057114,-42.9182492],[147.4056523,-42.9092442],[147.4055933,-42.9002391],[147.4055343,-42.891234],[147.4054753,-42.8822289],[147.4054163,-42.8732238],[147.4053574,-42.8642187],[147.4052985,-42.8552135],[147.4052396,-42.8462084],[147.4051808,-42.8372032],[147.405122,-42.828198]]}},{"type":"Feature","properties":{"axis":"N","value":5246000,"spacing":1000,"datum":"agd66"},"geometry":{"type":"LineString","coordinates":[[147.2587584,-42.9366862],[147.2710144,-42.9366578],[147.2832705,-42.9366281],[147.2955265,-42.9365972],[147.3077825,-42.9365649],[147.3200384,-42.9365313],[147.3322944,-42.9364963],[147.3445503,-42.9364601],[147.3568062,-42.9364226],[147.3690621,-42.9363837],[147.3813179,-42.9363436],[147.3935738,-42.9363021],[147.4058296,-42.9362593]]}},{"type":"Feature","properties":{"axis":"N","value":5247000,"spacing":1000,"datum":"agd66"},"geometry":{"type":"LineString","coordinates":[[147.2587207,-42.927681],[147.270975,-42.9276527],[147.2832292,-42.927623],[147.2954834,-42.927592],[147.3077376,-42.9275597],[147.3199918,-42.9275261],[147.332246,-42.9274912],[147.3445001,-42.927455],[147.3567542,-42.9274175],[147.3690083,-42.9273787],[147.3812624,-42.9273385],[147.3935164,-42.927297],[147.4057704,-42.9272543]]}},{"type":"Feature","properties":{"axis":"N","value":5248000,"spacing":1000,"datum":"agd66"},"geometry":{"type":"LineString","coordinates":[[147.258683,-42.9186758],[147.2709355,-42.9186475],[147.283188,-42.9186178],[147.2954404,-42.9185869],[147.3076928,-42.9185546],[147.3199452,-42.918521],[147.3321976,-42.9184861],[147.3444499,-42.9184499],[147.3567023,-42.9184124],[147.3689546,-42.9183736],[147.3812069,-42.9183334],[147.3934591,-42.918292],[147.4057114,-42.9182492]]}},{"type":"Feature","properties":{"axis":"N","value":5249000,"spacing":1000,"datum":"agd66"},"geometry":{"type":"LineString","coordinates":[[147.2586454,-42.9096706],[147.2708961,-42.9096423],[147.2831467,-42.9096127],[147.2953974,-42.9095817],[147.307648,-42.9095495],[147.3198986,-42.9095159],[147.3321492,-42.909481],[147.3443998,-42.9094448],[147.3566503,-42.9094073],[147.3689009,-42.9093685],[147.3811514,-42.9093284],[147.3934018,-42.9092869],[147.4056523,-42.9092442]]}},{"type":"Feature","properties":{"axis":"N","value":5250000,"spacing":1000,"datum":"agd66"},"geometry":{"type":"LineString","coordinates":[[147.2586077,-42.9006654],[147.2708566,-42.9006371],[147.2831055,-42.9006075],[147.2953544,-42.9005765],[147.3076032,-42.9005443],[147.3198521,-42.9005107],[147.3321009,-42.9004759],[147.3443497,-42.9004397],[147.3565984,-42.9004022],[147.3688472,-42.9003634],[147.3810959,-42.9003233],[147.3933446,-42.9002818],[147.4055933,-42.9002391]]}},{"type":"Feature","properties":{"axis":"N","value":5251000,"spacing":1000,"datum":"agd66"},"geometry":{"type":"LineString","coordinates":[[147.2585701,-42.8916602],[147.2708172,-42.8916319],[147.2830643,-42.8916023],[147.2953114,-42.8915713],[147.3075585,-42.8915391],[147.3198055,-42.8915056],[147.3320526,-42.8914707],[147.3442996,-42.8914345],[147.3565466,-42.891397],[147.3687935,-42.8913582],[147.3810405,-42.8913181],[147.3932874,-42.8912767],[147.4055343,-42.891234]]}},{"type":"Feature","properties":{"axis":"N","value":5252000,"spacing":1000,"datum":"agd66"},"geometry":{"type":"LineString","coordinates":[[147.2585325,-42.882655],[147.2707778,-42.8826267],[147.2830232,-42.8825971],[147.2952685,-42.8825661],[147.3075138,-42.8825339],[147.319759,-42.8825004],[147.3320043,-42.8824655],[147.3442495,-42.8824294],[147.3564947,-42.8823919],[147.3687399,-42.8823531],[147.380985,-42.882313],[147.3932302,-42.8822716],[147.4054753,-42.8822289]]}},{"type":"Feature","properties":{"axis":"N","value":5253000,"spacing":1000,"datum":"agd66"},"geometry":{"type":"LineString","coordinates":[[147.2584949,-42.8736497],[147.2707385,-42.8736214],[147.282982,-42.8735918],[147.2952256,-42.8735609],[147.3074691,-42.8735287],[147.3197125,-42.8734952],[147.331956,-42.8734603],[147.3441995,-42.8734242],[147.3564429,-42.8733867],[147.3686863,-42.873348],[147.3809297,-42.8733079],[147.393173,-42.8732665],[147.4054163,-42.8732238]]}},{"type":"Feature","properties":{"axis":"N","value":5254000,"spacing":1000,"datum":"agd66"},"geometry":{"type":"LineString","coordinates":[[147.2584573,-42.8646445],[147.2706991,-42.8646162],[147.2829409,-42.8645866],[147.2951826,-42.8645557],[147.3074244,-42.8645235],[147.3196661,-42.86449],[147.3319078,-42.8644551],[147.3441494,-42.864419],[147.3563911,-42.8643815],[147.3686327,-42.8643428],[147.3808743,-42.8643027],[147.3931159,-42.8642614],[147.4053574,-42.8642187]]}},{"type":"Feature","properties":{"axis":"N","value":5255000,"spacing":1000,"datum":"agd66"},"geometry":{"type":"LineString","coordinates":[[147.2584198,-42.8556392],[147.2706598,-42.8556109],[147.2828998,-42.8555813],[147.2951398,-42.8555504],[147.3073797,-42.8555182],[147.3196196,-42.8554847],[147.3318595,-42.8554499],[147.3440994,-42.8554138],[147.3563393,-42.8553764],[147.3685791,-42.8553376],[147.3808189,-42.8552976],[147.3930587,-42.8552562],[147.4052985,-42.8552135]]}},{"type":"Feature","properties":{"axis":"N","value":5256000,"spacing":1000,"datum":"agd66"},"geometry":{"type":"LineString","coordinates":[[147.2583823,-42.8466339],[147.2706205,-42.8466056],[147.2828587,-42.8465761],[147.2950969,-42.8465452],[147.3073351,-42.846513],[147.3195732,-42.8464795],[147.3318113,-42.8464447],[147.3440494,-42.8464086],[147.3562875,-42.8463711],[147.3685256,-42.8463324],[147.3807636,-42.8462924],[147.3930016,-42.846251],[147.4052396,-42.8462084]]}},{"type":"Feature","properties":{"axis":"N","value":5257000,"spacing":1000,"datum":"agd66"},"geometry":{"type":"LineString","coordinates":[[147.2583447,-42.8376286],[147.2705812,-42.8376003],[147.2828176,-42.8375708],[147.295054,-42.8375399],[147.3072904,-42.8375077],[147.3195268,-42.8374742],[147.3317632,-42.8374394],[147.3439995,-42.8374033],[147.3562358,-42.8373659],[147.3684721,-42.8373272],[147.3807083,-42.8372872],[147.3929446,-42.8372458],[147.4051808,-42.8372032]]}},{"type":"Feature","properties":{"axis":"N","value":5258000,"spacing":1000,"datum":"agd66"},"geometry":{"type":"LineString","coordinates":[[147.2583072,-42.8286233],[147.2705419,-42.828595],[147.2827766,-42.8285655],[147.2950112,-42.8285346],[147.3072458,-42.8285024],[147.3194804,-42.828469],[147.331715,-42.8284342],[147.3439496,-42.8283981],[147.3561841,-42.8283607],[147.3684186,-42.828322],[147.3806531,-42.828282],[147.3928875,-42.8282406],[147.405122,-42.828198]]}},{"type":"Feature","properties":{"axis":"E","value":521100,"spacing":100,"datum":"agd66"},"geometry":{"type":"LineString","coordinates":[[147.259984,-42.9366834],[147.2599461,-42.9276782],[147.2599083,-42.918673],[147.2598704,-42.9096679],[147.2598326,-42.9006627],[147.2597948,-42.8916574],[147.259757,-42.8826522],[147.2597193,-42.873647],[147.2596815,-42.8646417],[147.2596438,-42.8556364],[147.2596061,-42.8466311],[147.2595684,-42.8376258],[147.2595307,-42.8286205]]}},{"type":"Feature","properties":{"axis":"E","value":521200,"spacing":100,"datum":"agd66"},"geometry":{"type":"LineString","coordinates":[[147.2612096,-42.9366806],[147.2611715,-42.9276754],[147.2611335,-42.9186703],[147.2610955,-42.9096651],[147.2610575,-42.9006599],[147.2610195,-42.8916547],[147.2609816,-42.8826494],[147.2609436,-42.8736442],[147.2609057,-42.8646389],[147.2608678,-42.8556336],[147.2608299,-42.8466284],[147.260792,-42.8376231],[147.2607542,-42.8286177]]}},{"type":"Feature","properties":{"axis":"E","value":521300,"spacing":100,"datum":"agd66"},"geometry":{"type":"LineString","coordinates":[[147.2624352,-42.9366778],[147.262397,-42.9276726],[147.2623588,-42.9186675],[147.2623206,-42.9096623],[147.2622824,-42.9006571],[147.2622442,-42.8916519],[147.2622061,-42.8826466],[147.262168,-42.8736414],[147.2621299,-42.8646361],[147.2620918,-42.8556309],[147.2620537,-42.8466256],[147.2620157,-42.8376203],[147.2619776,-42.828615]]}},{"type":"Feature","properties":{"axis":"E","value":521400,"spacing":100,"datum":"agd66"},"geometry":{"type":"LineString","coordinates":[[147.2636608,-42.936675],[147.2636224,-42.9276698],[147.263584,-42.9186646],[147.2635456,-42.9096595],[147.2635073,-42.9006543],[147.263469,-42.891649],[147.2634306,-42.8826438],[147.2633923,-42.8736386],[147.2633541,-42.8646333],[147.2633158,-42.855628],[147.2632775,-42.8466228],[147.2632393,-42.8376175],[147.2632011,-42.8286121]]}},{"type":"Feature","properties":{"axis":"E","value":521500,"spacing":100,"datum":"agd66"},"geometry":{"type":"LineString","coordinates":[[147.2648864,-42.9366721],[147.2648478,-42.927667],[147.2648093,-42.9186618],[147.2647707,-42.9096566],[147.2647322,-42.9006514],[147.2646937,-42.8916462],[147.2646552,-42.882641],[147.2646167,-42.8736358],[147.2645782,-42.8646305],[147.2645398,-42.8556252],[147.2645014,-42.8466199],[147.264463,-42.8376146],[147.2644246,-42.8286093]]}},{"type":"Feature","properties":{"axis":"E","value":521600,"spacing":100,"datum":"agd66"},"geometry":{"type":"LineString","coordinates":[[147.266112,-42.9366693],[147.2660732,-42.9276641],[147.2660345,-42.918659],[147.2659958,-42.9096538],[147.2659571,-42.9006486],[147.2659184,-42.8916434],[147.2658797,-42.8826382],[147.2658411,-42.8736329],[147.2658024,-42.8646277],[147.2657638,-42.8556224],[147.2657252,-42.8466171],[147.2656866,-42.8376118],[147.265648,-42.8286065]]}},{"type":"Feature","properties":{"axis":"E","value":521700,"spacing":100,"datum":"agd66"},"geometry":{"type":"LineString","coordinates":[[147.2673376,-42.9366665],[147.2672987,-42.9276613],[147.2672598,-42.9186561],[147.2672208,-42.9096509],[147.267182,-42.9006457],[147.2671431,-42.8916405],[147.2671042,-42.8826353],[147.2670654,-42.8736301],[147.2670266,-42.8646248],[147.2669878,-42.8556195],[147.266949,-42.8466143],[147.2669103,-42.837609],[147.2668715,-42.8286037]]}},{"type":"Feature","properties":{"axis":"E","value":521800,"spacing":100,"datum":"agd66"},"geometry":{"type":"LineString","coordinates":[[147.2685632,-42.9366636],[147.2685241,-42.9276584],[147.268485,-42.9186533],[147.2684459,-42.9096481],[147.2684069,-42.9006429],[147.2683678,-42.8916377],[147.2683288,-42.8826324],[147.2682898,-42.8736272],[147.2682508,-42.864622],[147.2682118,-42.8556167],[147.2681728,-42.8466114],[147.2681339,-42.8376061],[147.268095,-42.8286008]]}},{"type":"Feature","properties":{"axis":"E","value":521900,"spacing":100,"datum":"agd66"},"geometry":{"type":"LineString","coordinates":[[147.2697888,-42.9366607],[147.2697495,-42.9276555],[147.2697102,-42.9186504],[147.269671,-42.9096452],[147.2696317,-42.90064],[147.2695925,-42.8916348],[147.2695533,-42.8826296],[147.2695141,-42.8736243],[147.2694749,-42.8646191],[147.2694358,-42.8556138],[147.2693967,-42.8466085],[147.2693575,-42.8376032],[147.2693184,-42.8285979]]}},{"type":"Feature","properties":{"axis":"E","value":522100,"spacing":100,"datum":"agd66"},"geometry":{"type":"LineString","coordinates":[[147.27224,-42.9366549],[147.2722004,-42.9276497],[147.2721607,-42.9186446],[147.2721211,-42.9096394],[147.2720815,-42.9006342],[147.2720419,-42.891629],[147.2720024,-42.8826238],[147.2719628,-42.8736185],[147.2719233,-42.8646133],[147.2718838,-42.855608],[147.2718443,-42.8466027],[147.2718048,-42.8375974],[147.2717654,-42.8285921]]}},{"type":"Feature","properties":{"axis":"E","value":522200,"spacing":100,"datum":"agd66"},"geometry":{"type":"LineString","coordinates":[[147.2734656,-42.936652],[147.2734258,-42.9276468],[147.273386,-42.9186417],[147.2733462,-42.9096365],[147.2733064,-42.9006313],[147.2732667,-42.8916261],[147.2732269,-42.8826209],[147.2731872,-42.8736156],[147.2731475,-42.8646104],[147.2731078,-42.8556051],[147.2730681,-42.8465998],[147.2730285,-42.8375945],[147.2729888,-42.8285892]]}},{"type":"Feature","properties":{"axis":"E","value":522300,"spacing":100,"datum":"agd66"},"geometry":{"type":"LineString","coordinates":[[147.2746912,-42.936649],[147.2746512,-42.9276439],[147.2746112,-42.9186387],[147.2745713,-42.9096336],[147.2745313,-42.9006284],[147.2744914,-42.8916232],[147.2744514,-42.8826179],[147.2744115,-42.8736127],[147.2743717,-42.8646074],[147.2743318,-42.8556022],[147.2742919,-42.8465969],[147.2742521,-42.8375916],[147.2742123,-42.8285863]]}},{"type":"Feature","properties":{"axis":"E","value":522400,"spacing":100,"datum":"agd66"},"geometry":{"type":"LineString","coordinates":[[147.2759168,-42.9366461],[147.2758767,-42.9276409],[147.2758365,-42.9186358],[147.2757963,-42.9096306],[147.2757562,-42.9006254],[147.2757161,-42.8916202],[147.275676,-42.882615],[147.2756359,-42.8736098],[147.2755958,-42.8646045],[147.2755558,-42.8555992],[147.2755158,-42.846594],[147.2754758,-42.8375887],[147.2754358,-42.8285834]]}},{"type":"Feature","properties":{"axis":"E","value":522500,"spacing":100,"datum":"agd66"},"geometry":{"type":"LineString","coordinates":[[147.2771424,-42.9366431],[147.2771021,-42.927638],[147.2770617,-42.9186328],[147.2770214,-42.9096276],[147.2769811,-42.9006225],[147.2769408,-42.8916173],[147.2769005,-42.882612],[147.2768603,-42.8736068],[147.27682,-42.8646016],[147.2767798,-42.8555963],[147.2767396,-42.846591],[147.2766994,-42.8375857],[147.2766592,-42.8285804]]}},{"type":"Feature","properties":{"axis":"E","value":522600,"spacing":100,"datum":"agd66"},"geometry":{"type":"LineString","coordinates":[[147.278368,-42.9366402],[147.2783275,-42.927635],[147.278287,-42.9186299],[147.2782465,-42.9096247],[147.278206,-42.9006195],[147.2781655,-42.8916143],[147.278125,-42.8826091],[147.2780846,-42.8736038],[147.2780442,-42.8645986],[147.2780038,-42.8555933],[147.2779634,-42.8465881],[147.2779231,-42.8375828],[147.2778827,-42.8285775]]}},{"type":"Feature","properties":{"axis":"E","value":522700,"spacing":100,"datum":"agd66"},"geometry":{"type":"LineString","coordinates":[[147.2795936,-42.9366372],[147.2795529,-42.927632],[147.2795122,-42.9186269],[147.2794715,-42.9096217],[147.2794309,-42.9006165],[147.2793902,-42.8916113],[147.2793496,-42.8826061],[147.279309,-42.8736009],[147.2792684,-42.8645956],[147.2792278,-42.8555904],[147.2791872,-42.8465851],[147.2791467,-42.8375798],[147.2791062,-42.8285745]]}},{"type":"Feature","properties":{"axis":"E","value":522800,"spacing":100,"datum":"agd66"},"geometry":{"type":"LineString","coordinates":[[147.2808193,-42.9366342],[147.2807783,-42.927629],[147.2807375,-42.9186239],[147.2806966,-42.9096187],[147.2806557,-42.9006135],[147.2806149,-42.8916083],[147.2805741,-42.8826031],[147.2805333,-42.8735979],[147.2804925,-42.8645926],[147.2804518,-42.8555874],[147.2804111,-42.8465821],[147.2803703,-42.8375768],[147.2803296,-42.8285715]]}},{"type":"Feature","properties":{"axis":"E","value":522900,"spacing":100,"datum":"agd66"},"geometry":{"type":"LineString","coordinates":[[147.2820449,-42.9366312],[147.2820038,-42.927626],[147.2819627,-42.9186209],[147.2819217,-42.9096157],[147.2818806,-42.9006105],[147.2818396,-42.8916053],[147.2817986,-42.8826001],[147.2817577,-42.8735949],[147.2817167,-42.8645896],[147.2816758,-42.8555844],[147.2816349,-42.8465791],[147.281594,-42.8375738],[147.2815531,-42.8285685]]}},{"type":"Feature","properties":{"axis":"E","value":523100,"spacing":100,"datum":"agd66"},"geometry":{"type":"LineString","coordinates":[[147.2844961,-42.9366251],[147.2844546,-42.92762],[147.2844132,-42.9186148],[147.2843718,-42.9096096],[147.2843304,-42.9006044],[147.284289,-42.8915992],[147.2842477,-42.882594],[147.2842064,-42.8735888],[147.2841651,-42.8645836],[147.2841238,-42.8555783],[147.2840825,-42.846573],[147.2840413,-42.8375678],[147.284,-42.8285625]]}},{"type":"Feature","properties":{"axis":"E","value":523200,"spacing":100,"datum":"agd66"},"geometry":{"type":"LineString","coordinates":[[147.2857217,-42.936622],[147.28568,-42.9276169],[147.2856384,-42.9186118],[147.2855969,-42.9096066],[147.2855553,-42.9006014],[147.2855138,-42.8915962],[147.2854722,-42.882591],[147.2854307,-42.8735858],[147.2853892,-42.8645805],[147.2853478,-42.8555753],[147.2853063,-42.84657],[147.2852649,-42.8375647],[147.2852235,-42.8285594]]}},{"type":"Feature","properties":{"axis":"E","value":523300,"spacing":100,"datum":"agd66"},"geometry":{"type":"LineString","coordinates":[[147.2869473,-42.936619],[147.2869055,-42.9276138],[147.2868637,-42.9186087],[147.2868219,-42.9096035],[147.2867802,-42.9005983],[147.2867385,-42.8915931],[147.2866968,-42.8825879],[147.2866551,-42.8735827],[147.2866134,-42.8645775],[147.2865718,-42.8555722],[147.2865302,-42.8465669],[147.2864885,-42.8375617],[147.286447,-42.8285564]]}},{"type":"Feature","properties":{"axis":"E","value":523400,"spacing":100,"datum":"agd66"},"geometry":{"type":"LineString","coordinates":[[147.2881729,-42.9366159],[147.2881309,-42.9276108],[147.2880889,-42.9186056],[147.288047,-42.9096004],[147.2880051,-42.9005953],[147.2879632,-42.8915901],[147.2879213,-42.8825849],[147.2878794,-42.8735796],[147.2878376,-42.8645744],[147.2877958,-42.8555691],[147.287754,-42.8465639],[147.2877122,-42.8375586],[147.2876704,-42.8285533]]}},{"type":"Feature","properties":{"axis":"E","value":523500,"spacing":100,"datum":"agd66"},"geometry":{"type":"LineString","coordinates":[[147.2893985,-42.9366128],[147.2893563,-42.9276077],[147.2893142,-42.9186025],[147.2892721,-42.9095974],[147.28923,-42.9005922],[147.2891879,-42.891587],[147.2891458,-42.8825818],[147.2891038,-42.8735765],[147.2890618,-42.8645713],[147.2890198,-42.8555661],[147.2889778,-42.8465608],[147.2889358,-42.8375555],[147.2888939,-42.8285502]]}},{"type":"Feature","properties":{"axis":"E","value":523600,"spacing":100,"datum":"agd66"},"geometry":{"type":"LineString","coordinates":[[147.2906241,-42.9366097],[147.2905817,-42.9276046],[147.2905394,-42.9185994],[147.2904971,-42.9095943],[147.2904548,-42.9005891],[147.2904126,-42.8915839],[147.2903704,-42.8825787],[147.2903281,-42.8735734],[147.2902859,-42.8645682],[147.2902438,-42.855563],[147.2902016,-42.8465577],[147.2901595,-42.8375524],[147.2901174,-42.8285471]]}},{"type":"Feature","properties":{"axis":"E","value":523700,"spacing":100,"datum":"agd66"},"geometry":{"type":"LineString","coordinates":[[147.2918497,-42.9366066],[147.2918072,-42.9276015],[147.2917647,-42.9185963],[147.2917222,-42.9095911],[147.2916797,-42.900586],[147.2916373,-42.8915808],[147.2915949,-42.8825756],[147.2915525,-42.8735703],[147.2915101,-42.8645651],[147.2914678,-42.8555599],[147.2914254,-42.8465546],[147.2913831,-42.8375493],[147.2913408,-42.828544]]}},{"type":"Feature","properties":{"axis":"E","value":523800,"spacing":100,"datum":"agd66"},"geometry":{"type":"LineString","coordinates":[[147.2930753,-42.9366035],[147.2930326,-42.9275983],[147.2929899,-42.9185932],[147.2929473,-42.909588],[147.2929046,-42.9005828],[147.292862,-42.8915776],[147.2928194,-42.8825724],[147.2927768,-42.8735672],[147.2927343,-42.864562],[147.2926918,-42.8555567],[147.2926492,-42.8465515],[147.2926068,-42.8375462],[147.2925643,-42.8285409]]}},{"type":"Feature","properties":{"axis":"E","value":523900,"spacing":100,"datum":"agd66"},"geometry":{"type":"LineString","coordinates":[[147.2943009,-42.9366003],[147.294258,-42.9275952],[147.2942151,-42.91859],[147.2941723,-42.9095849],[147.2941295,-42.9005797],[147.2940867,-42.8915745],[147.294044,-42.8825693],[147.2940012,-42.8735641],[147.2939585,-42.8645588],[147.2939158,-42.8555536],[147.2938731,-42.8465483],[147.2938304,-42.8375431],[147.2937877,-42.8285378]]}},{"type":"Feature","properties":{"axis":"E","value":524100,"spacing":100,"datum":"agd66"},"geometry":{"type":"LineString","coordinates":[[147.2967521,-42.936594],[147.2967088,-42.9275889],[147.2966656,-42.9185837],[147.2966224,-42.9095785],[147.2965793,-42.9005734],[147.2965361,-42.8915682],[147.296493,-42.882563],[147.2964499,-42.8735578],[147.2964068,-42.8645525],[147.2963638,-42.8555473],[147.2963207,-42.846542],[147.2962777,-42.8375367],[147.2962347,-42.8285315]]}},{"type":"Feature","properties":{"axis":"E","value":524200,"spacing":100,"datum":"agd66"},"geometry":{"type":"LineString","coordinates":[[147.2979777,-42.9365908],[147.2979343,-42.9275857],[147.2978909,-42.9185805],[147.2978475,-42.9095754],[147.2978042,-42.9005702],[147.2977608,-42.891565],[147.2977175,-42.8825598],[147.2976743,-42.8735546],[147.297631,-42.8645494],[147.2975877,-42.8555441],[147.2975445,-42.8465389],[147.2975013,-42.8375336],[147.2974581,-42.8285283]]}},{"type":"Feature","properties":{"axis":"E","value":524300,"spacing":100,"datum":"agd66"},"geometry":{"type":"LineString","coordinates":[[147.2992033,-42.9365876],[147.2991597,-42.9275825],[147.2991161,-42.9185773],[147.2990726,-42.9095722],[147.2990291,-42.900567],[147.2989856,-42.8915618],[147.2989421,-42.8825566],[147.2988986,-42.8735514],[147.2988552,-42.8645462],[147.2988117,-42.8555409],[147.2987683,-42.8465357],[147.298725,-42.8375304],[147.2986816,-42.8285251]]}},{"type":"Feature","properties":{"axis":"E","value":524400,"spacing":100,"datum":"agd66"},"geometry":{"type":"LineString","coordinates":[[147.3004289,-42.9365844],[147.3003851,-42.9275793],[147.3003414,-42.9185741],[147.3002976,-42.909569],[147.3002539,-42.9005638],[147.3002103,-42.8915586],[147.3001666,-42.8825534],[147.300123,-42.8735482],[147.3000793,-42.864543],[147.3000357,-42.8555377],[147.2999922,-42.8465325],[147.2999486,-42.8375272],[147.2999051,-42.8285219]]}},{"type":"Feature","properties":{"axis":"E","value":524500,"spacing":100,"datum":"agd66"},"geometry":{"type":"LineString","coordinates":[[147.3016545,-42.9365812],[147.3016105,-42.927576],[147.3015666,-42.9185709],[147.3015227,-42.9095657],[147.3014788,-42.9005606],[147.301435,-42.8915554],[147.3013911,-42.8825502],[147.3013473,-42.873545],[147.3013035,-42.8645398],[147.3012597,-42.8555345],[147.301216,-42.8465293],[147.3011722,-42.837524],[147.3011285,-42.8285187]]}},{"type":"Feature","properties":{"axis":"E","value":524600,"spacing":100,"datum":"agd66"},"geometry":{"type":"LineString","coordinates":[[147.3028801,-42.9365779],[147.3028359,-42.9275728],[147.3027918,-42.9185677],[147.3027478,-42.9095625],[147.3027037,-42.9005573],[147.3026597,-42.8915522],[147.3026157,-42.882547],[147.3025717,-42.8735417],[147.3025277,-42.8645365],[147.3024837,-42.8555313],[147.3024398,-42.846526],[147.3023959,-42.8375208],[147.302352,-42.8285155]]}},{"type":"Feature","properties":{"axis":"E","value":524700,"spacing":100,"datum":"agd66"},"geometry":{"type":"LineString","coordinates":[[147.3041057,-42.9365747],[147.3040614,-42.9275696],[147.3040171,-42.9185644],[147.3039728,-42.9095593],[147.3039286,-42.9005541],[147.3038844,-42.8915489],[147.3038402,-42.8825437],[147.303796,-42.8735385],[147.3037519,-42.8645333],[147.3037077,-42.855528],[147.3036636,-42.8465228],[147.3036195,-42.8375175],[147.3035754,-42.8285122]]}},{"type":"Feature","properties":{"axis":"E","value":524800,"spacing":100,"datum":"agd66"},"geometry":{"type":"LineString","coordinates":[[147.3053313,-42.9365714],[147.3052868,-42.9275663],[147.3052423,-42.9185612],[147.3051979,-42.909556],[147.3051535,-42.9005508],[147.3051091,-42.8915457],[147.3050647,-42.8825405],[147.3050204,-42.8735353],[147.304976,-42.86453],[147.3049317,-42.8555248],[147.3048874,-42.8465195],[147.3048432,-42.8375143],[147.3047989,-42.828509]]}},{"type":"Feature","properties":{"axis":"E","value":524900,"spacing":100,"datum":"agd66"},"geometry":{"type":"LineString","coordinates":[[147.3065569,-42.9365682],[147.3065122,-42.927563],[147.3064676,-42.9185579],[147.306423,-42.9095527],[147.3063784,-42.9005476],[147.3063338,-42.8915424],[147.3062892,-42.8825372],[147.3062447,-42.873532],[147.3062002,-42.8645268],[147.3061557,-42.8555215],[147.3061112,-42.8465163],[147.3060668,-42.837511],[147.3060224,-42.8285057]]}},{"type":"Feature","properties":{"axis":"E","value":525100,"spacing":100,"datum":"agd66"},"geometry":{"type":"LineString","coordinates":[[147.3090081,-42.9365616],[147.308963,-42.9275564],[147.3089181,-42.9185513],[147.3088731,-42.9095462],[147.3088281,-42.900541],[147.3087832,-42.8915358],[147.3087383,-42.8825306],[147.3086934,-42.8735254],[147.3086485,-42.8645202],[147.3086037,-42.855515],[147.3085589,-42.8465097],[147.3085141,-42.8375044],[147.3084693,-42.8284992]]}},{"type":"Feature","properties":{"axis":"E","value":525200,"spacing":100,"datum":"agd66"},"geometry":{"type":"LineString","coordinates":[[147.3102337,-42.9365582],[147.3101885,-42.9275531],[147.3101433,-42.918548],[147.3100981,-42.9095428],[147.310053,-42.9005377],[147.3100079,-42.8915325],[147.3099628,-42.8825273],[147.3099178,-42.8735221],[147.3098727,-42.8645169],[147.3098277,-42.8555116],[147.3097827,-42.8465064],[147.3097377,-42.8375011],[147.3096927,-42.8284959]]}},{"type":"Feature","properties":{"axis":"E","value":525300,"spacing":100,"datum":"agd66"},"geometry":{"type":"LineString","coordinates":[[147.3114592,-42.9365549],[147.3114139,-42.9275498],[147.3113685,-42.9185447],[147.3113232,-42.9095395],[147.3112779,-42.9005344],[147.3112326,-42.8915292],[147.3111874,-42.882524],[147.3111421,-42.8735188],[147.3110969,-42.8645136],[147.3110517,-42.8555083],[147.3110065,-42.8465031],[147.3109613,-42.8374978],[147.3109162,-42.8284925]]}},{"type":"Feature","properties":{"axis":"E","value":525400,"spacing":100,"datum":"agd66"},"geometry":{"type":"LineString","coordinates":[[147.3126848,-42.9365516],[147.3126393,-42.9275465],[147.3125938,-42.9185413],[147.3125483,-42.9095362],[147.3125028,-42.900531],[147.3124573,-42.8915258],[147.3124119,-42.8825207],[147.3123665,-42.8735154],[147.3123211,-42.8645102],[147.3122757,-42.855505],[147.3122303,-42.8464997],[147.312185,-42.8374945],[147.3121397,-42.8284892]]}},{"type":"Feature","properties":{"axis":"E","value":525500,"spacing":100,"datum":"agd66"},"geometry":{"type":"LineString","coordinates":[[147.3139104,-42.9365482],[147.3138647,-42.9275431],[147.313819,-42.918538],[147.3137733,-42.9095328],[147.3137277,-42.9005277],[147.313682,-42.8915225],[147.3136364,-42.8825173],[147.3135908,-42.8735121],[147.3135452,-42.8645069],[147.3134997,-42.8555017],[147.3134541,-42.8464964],[147.3134086,-42.8374911],[147.3133631,-42.8284859]]}},{"type":"Feature","properties":{"axis":"E","value":525600,"spacing":100,"datum":"agd66"},"geometry":{"type":"LineString","coordinates":[[147.315136,-42.9365449],[147.3150901,-42.9275397],[147.3150443,-42.9185346],[147.3149984,-42.9095295],[147.3149526,-42.9005243],[147.3149067,-42.8915191],[147.3148609,-42.8825139],[147.3148152,-42.8735087],[147.3147694,-42.8645035],[147.3147237,-42.8554983],[147.314678,-42.846493],[147.3146323,-42.8374878],[147.3145866,-42.8284825]]}},{"type":"Feature","properties":{"axis":"E","value":525700,"spacing":100,"datum":"agd66"},"geometry":{"type":"LineString","coordinates":[[147.3163616,-42.9365415],[147.3163156,-42.9275364],[147.3162695,-42.9185312],[147.3162235,-42.9095261],[147.3161774,-42.9005209],[147.3161314,-42.8915158],[147.3160855,-42.8825106],[147.3160395,-42.8735054],[147.3159936,-42.8645002],[147.3159477,-42.8554949],[147.3159018,-42.8464897],[147.3158559,-42.8374844],[147.31581,-42.8284791]]}},{"type":"Feature","properties":{"axis":"E","value":525800,"spacing":100,"datum":"agd66"},"geometry":{"type":"LineString","coordinates":[[147.3175872,-42.9365381],[147.317541,-42.927533],[147.3174947,-42.9185278],[147.3174485,-42.9095227],[147.3174023,-42.9005175],[147.3173561,-42.8915124],[147.31731,-42.8825072],[147.3172639,-42.873502],[147.3172177,-42.8644968],[147.3171717,-42.8554915],[147.3171256,-42.8464863],[147.3170795,-42.837481],[147.3170335,-42.8284758]]}},{"type":"Feature","properties":{"axis":"E","value":525900,"spacing":100,"datum":"agd66"},"geometry":{"type":"LineString","coordinates":[[147.3188128,-42.9365347],[147.3187664,-42.9275296],[147.31872,-42.9185244],[147.3186736,-42.9095193],[147.3186272,-42.9005141],[147.3185808,-42.891509],[147.3185345,-42.8825038],[147.3184882,-42.8734986],[147.3184419,-42.8644934],[147.3183956,-42.8554881],[147.3183494,-42.8464829],[147.3183032,-42.8374776],[147.318257,-42.8284724]]}},{"type":"Feature","properties":{"axis":"E","value":526100,"spacing":100,"datum":"agd66"},"geometry":{"type":"LineString","coordinates":[[147.321264,-42.9365278],[147.3212172,-42.9275227],[147.3211704,-42.9185176],[147.3211237,-42.9095125],[147.321077,-42.9005073],[147.3210303,-42.8915021],[147.3209836,-42.8824969],[147.3209369,-42.8734917],[147.3208903,-42.8644865],[147.3208436,-42.8554813],[147.320797,-42.8464761],[147.3207504,-42.8374708],[147.3207039,-42.8284655]]}},{"type":"Feature","properties":{"axis":"E","value":526200,"spacing":100,"datum":"agd66"},"geometry":{"type":"LineString","coordinates":[[147.3224896,-42.9365244],[147.3224426,-42.9275193],[147.3223957,-42.9185141],[147.3223488,-42.909509],[147.3223018,-42.9005039],[147.322255,-42.8914987],[147.3222081,-42.8824935],[147.3221612,-42.8734883],[147.3221144,-42.8644831],[147.3220676,-42.8554779],[147.3220208,-42.8464726],[147.3219741,-42.8374674],[147.3219273,-42.8284621]]}},{"type":"Feature","properties":{"axis":"E","value":526300,"spacing":100,"datum":"agd66"},"geometry":{"type":"LineString","coordinates":[[147.3237152,-42.9365209],[147.3236681,-42.9275158],[147.3236209,-42.9185107],[147.3235738,-42.9095056],[147.3235267,-42.9005004],[147.3234797,-42.8914952],[147.3234326,-42.8824901],[147.3233856,-42.8734849],[147.3233386,-42.8644796],[147.3232916,-42.8554744],[147.3232447,-42.8464692],[147.3231977,-42.8374639],[147.3231508,-42.8284587]]}},{"type":"Feature","properties":{"axis":"E","value":526400,"spacing":100,"datum":"agd66"},"geometry":{"type":"LineString","coordinates":[[147.3249408,-42.9365175],[147.3248935,-42.9275123],[147.3248462,-42.9185072],[147.3247989,-42.9095021],[147.3247516,-42.9004969],[147.3247044,-42.8914918],[147.3246571,-42.8824866],[147.3246099,-42.8734814],[147.3245628,-42.8644762],[147.3245156,-42.855471],[147.3244685,-42.8464657],[147.3244213,-42.8374605],[147.3243743,-42.8284552]]}},{"type":"Feature","properties":{"axis":"E","value":526500,"spacing":100,"datum":"agd66"},"geometry":{"type":"LineString","coordinates":[[147.3261664,-42.936514],[147.3261189,-42.9275089],[147.3260714,-42.9185037],[147.3260239,-42.9094986],[147.3259765,-42.9004935],[147.3259291,-42.8914883],[147.3258817,-42.8824831],[147.3258343,-42.8734779],[147.3257869,-42.8644727],[147.3257396,-42.8554675],[147.3256923,-42.8464623],[147.325645,-42.837457],[147.3255977,-42.8284517]]}},{"type":"Feature","properties":{"axis":"E","value":526600,"spacing":100,"datum":"agd66"},"geometry":{"type":"LineString","coordinates":[[147.327392,-42.9365105],[147.3273443,-42.9275054],[147.3272966,-42.9185002],[147.327249,-42.9094951],[147.3272014,-42.90049],[147.3271538,-42.8914848],[147.3271062,-42.8824796],[147.3270586,-42.8734744],[147.3270111,-42.8644692],[147.3269636,-42.855464],[147.3269161,-42.8464588],[147.3268686,-42.8374535],[147.3268212,-42.8284483]]}},{"type":"Feature","properties":{"axis":"E","value":526700,"spacing":100,"datum":"agd66"},"geometry":{"type":"LineString","coordinates":[[147.3286176,-42.936507],[147.3285697,-42.9275019],[147.3285219,-42.9184967],[147.3284741,-42.9094916],[147.3284263,-42.9004865],[147.3283785,-42.8914813],[147.3283307,-42.8824761],[147.328283,-42.8734709],[147.3282353,-42.8644657],[147.3281876,-42.8554605],[147.3281399,-42.8464553],[147.3280923,-42.83745],[147.3280446,-42.8284448]]}},{"type":"Feature","properties":{"axis":"E","value":526800,"spacing":100,"datum":"agd66"},"geometry":{"type":"LineString","coordinates":[[147.3298432,-42.9365034],[147.3297951,-42.9274983],[147.3297471,-42.9184932],[147.3296991,-42.9094881],[147.3296511,-42.9004829],[147.3296032,-42.8914778],[147.3295552,-42.8824726],[147.3295073,-42.8734674],[147.3294594,-42.8644622],[147.3294116,-42.855457],[147.3293637,-42.8464518],[147.3293159,-42.8374465],[147.3292681,-42.8284412]]}},{"type":"Feature","properties":{"axis":"E","value":526900,"spacing":100,"datum":"agd66"},"geometry":{"type":"LineString","coordinates":[[147.3310688,-42.9364999],[147.3310206,-42.9274948],[147.3309723,-42.9184897],[147.3309242,-42.9094845],[147.330876,-42.9004794],[147.3308279,-42.8914742],[147.3307798,-42.8824691],[147.3307317,-42.8734639],[147.3306836,-42.8644587],[147.3306356,-42.8554535],[147.3305875,-42.8464482],[147.3305395,-42.837443],[147.3304915,-42.8284377]]}},{"type":"Feature","properties":{"axis":"E","value":527100,"spacing":100,"datum":"agd66"},"geometry":{"type":"LineString","coordinates":[[147.33352,-42.9364928],[147.3334714,-42.9274877],[147.3334228,-42.9184826],[147.3333743,-42.9094774],[147.3333258,-42.9004723],[147.3332773,-42.8914671],[147.3332288,-42.882462],[147.3331804,-42.8734568],[147.3331319,-42.8644516],[147.3330835,-42.8554464],[147.3330352,-42.8464411],[147.3329868,-42.8374359],[147.3329385,-42.8284306]]}},{"type":"Feature","properties":{"axis":"E","value":527200,"spacing":100,"datum":"agd66"},"geometry":{"type":"LineString","coordinates":[[147.3347456,-42.9364892],[147.3346968,-42.9274841],[147.3346481,-42.918479],[147.3345993,-42.9094739],[147.3345507,-42.9004687],[147.334502,-42.8914636],[147.3344533,-42.8824584],[147.3344047,-42.8734532],[147.3343561,-42.864448],[147.3343075,-42.8554428],[147.334259,-42.8464376],[147.3342104,-42.8374323],[147.3341619,-42.8284271]]}},{"type":"Feature","properties":{"axis":"E","value":527300,"spacing":100,"datum":"agd66"},"geometry":{"type":"LineString","coordinates":[[147.3359712,-42.9364856],[147.3359222,-42.9274805],[147.3358733,-42.9184754],[147.3358244,-42.9094703],[147.3357755,-42.9004651],[147.3357267,-42.89146],[147.3356779,-42.8824548],[147.3356291,-42.8734496],[147.3355803,-42.8644444],[147.3355315,-42.8554392],[147.3354828,-42.846434],[147.3354341,-42.8374287],[147.3353854,-42.8284235]]}},{"type":"Feature","properties":{"axis":"E","value":527400,"spacing":100,"datum":"agd66"},"geometry":{"type":"LineString","coordinates":[[147.3371967,-42.936482],[147.3371476,-42.9274769],[147.3370985,-42.9184718],[147.3370495,-42.9094667],[147.3370004,-42.9004615],[147.3369514,-42.8914564],[147.3369024,-42.8824512],[147.3368534,-42.873446],[147.3368044,-42.8644408],[147.3367555,-42.8554356],[147.3367066,-42.8464304],[147.3366577,-42.8374252],[147.3366088,-42.8284199]]}},{"type":"Feature","properties":{"axis":"E","value":527500,"spacing":100,"datum":"agd66"},"geometry":{"type":"LineString","coordinates":[[147.3384223,-42.9364784],[147.338373,-42.9274733],[147.3383238,-42.9184682],[147.3382745,-42.9094631],[147.3382253,-42.9004579],[147.3381761,-42.8914528],[147.3381269,-42.8824476],[147.3380777,-42.8734424],[147.3380286,-42.8644372],[147.3379795,-42.855432],[147.3379304,-42.8464268],[147.3378813,-42.8374216],[147.3378323,-42.8284163]]}},{"type":"Feature","properties":{"axis":"E","value":527600,"spacing":100,"datum":"agd66"},"geometry":{"type":"LineString","coordinates":[[147.3396479,-42.9364748],[147.3395985,-42.9274697],[147.339549,-42.9184646],[147.3394996,-42.9094594],[147.3394502,-42.9004543],[147.3394008,-42.8914491],[147.3393514,-42.882444],[147.3393021,-42.8734388],[147.3392528,-42.8644336],[147.3392035,-42.8554284],[147.3391542,-42.8464232],[147.339105,-42.8374179],[147.3390557,-42.8284127]]}},{"type":"Feature","properties":{"axis":"E","value":527700,"spacing":100,"datum":"agd66"},"geometry":{"type":"LineString","coordinates":[[147.3408735,-42.9364711],[147.3408239,-42.927466],[147.3407742,-42.9184609],[147.3407246,-42.9094558],[147.340675,-42.9004507],[147.3406255,-42.8914455],[147.3405759,-42.8824403],[147.3405264,-42.8734352],[147.3404769,-42.86443],[147.3404275,-42.8554248],[147.340378,-42.8464195],[147.3403286,-42.8374143],[147.3402792,-42.8284091]]}},{"type":"Feature","properties":{"axis":"E","value":527800,"spacing":100,"datum":"agd66"},"geometry":{"type":"LineString","coordinates":[[147.3420991,-42.9364675],[147.3420493,-42.9274624],[147.3419995,-42.9184573],[147.3419497,-42.9094521],[147.3418999,-42.900447],[147.3418502,-42.8914419],[147.3418005,-42.8824367],[147.3417508,-42.8734315],[147.3417011,-42.8644263],[147.3416515,-42.8554211],[147.3416018,-42.8464159],[147.3415522,-42.8374107],[147.3415026,-42.8284054]]}},{"type":"Feature","properties":{"axis":"E","value":527900,"spacing":100,"datum":"agd66"},"geometry":{"type":"LineString","coordinates":[[147.3433247,-42.9364638],[147.3432747,-42.9274587],[147.3432247,-42.9184536],[147.3431747,-42.9094485],[147.3431248,-42.9004433],[147.3430749,-42.8914382],[147.343025,-42.882433],[147.3429751,-42.8734279],[147.3429253,-42.8644227],[147.3428754,-42.8554175],[147.3428256,-42.8464122],[147.3427759,-42.837407],[147.3427261,-42.8284018]]}},{"type":"Feature","properties":{"axis":"E","value":528100,"spacing":100,"datum":"agd66"},"geometry":{"type":"LineString","coordinates":[[147.3457759,-42.9364564],[147.3457255,-42.9274513],[147.3456752,-42.9184462],[147.3456249,-42.9094411],[147.3455746,-42.900436],[147.3455243,-42.8914308],[147.345474,-42.8824257],[147.3454238,-42.8734205],[147.3453736,-42.8644153],[147.3453234,-42.8554101],[147.3452733,-42.8464049],[147.3452231,-42.8373997],[147.345173,-42.8283944]]}},{"type":"Feature","properties":{"axis":"E","value":528200,"spacing":100,"datum":"agd66"},"geometry":{"type":"LineString","coordinates":[[147.3470015,-42.9364527],[147.3469509,-42.9274476],[147.3469004,-42.9184425],[147.3468499,-42.9094374],[147.3467994,-42.9004323],[147.346749,-42.8914271],[147.3466986,-42.882422],[147.3466481,-42.8734168],[147.3465978,-42.8644116],[147.3465474,-42.8554064],[147.3464971,-42.8464012],[147.3464468,-42.837396],[147.3463965,-42.8283907]]}},{"type":"Feature","properties":{"axis":"E","value":528300,"spacing":100,"datum":"agd66"},"geometry":{"type":"LineString","coordinates":[[147.3482271,-42.936449],[147.3481763,-42.9274439],[147.3481256,-42.9184388],[147.348075,-42.9094337],[147.3480243,-42.9004286],[147.3479737,-42.8914234],[147.3479231,-42.8824183],[147.3478725,-42.8734131],[147.3478219,-42.8644079],[147.3477714,-42.8554027],[147.3477209,-42.8463975],[147.3476704,-42.8373923],[147.3476199,-42.828387]]}},{"type":"Feature","properties":{"axis":"E","value":528400,"spacing":100,"datum":"agd66"},"geometry":{"type":"LineString","coordinates":[[147.3494527,-42.9364453],[147.3494018,-42.9274402],[147.3493509,-42.9184351],[147.3493,-42.90943],[147.3492492,-42.9004248],[147.3491984,-42.8914197],[147.3491476,-42.8824145],[147.3490968,-42.8734094],[147.3490461,-42.8644042],[147.3489954,-42.855399],[147.3489447,-42.8463938],[147.348894,-42.8373885],[147.3488434,-42.8283833]]}},{"type":"Feature","properties":{"axis":"E","value":528500,"spacing":100,"datum":"agd66"},"geometry":{"type":"LineString","coordinates":[[147.3506782,-42.9364415],[147.3506272,-42.9274364],[147.3505761,-42.9184313],[147.3505251,-42.9094262],[147.3504741,-42.9004211],[147.3504231,-42.8914159],[147.3503721,-42.8824108],[147.3503212,-42.8734056],[147.3502703,-42.8644004],[147.3502194,-42.8553952],[147.3501685,-42.84639],[147.3501176,-42.8373848],[147.3500668,-42.8283796]]}},{"type":"Feature","properties":{"axis":"E","value":528600,"spacing":100,"datum":"agd66"},"geometry":{"type":"LineString","coordinates":[[147.3519038,-42.9364377],[147.3518526,-42.9274327],[147.3518013,-42.9184276],[147.3517501,-42.9094225],[147.3516989,-42.9004173],[147.3516478,-42.8914122],[147.3515966,-42.882407],[147.3515455,-42.8734019],[147.3514944,-42.8643967],[147.3514433,-42.8553915],[147.3513923,-42.8463863],[147.3513413,-42.837381],[147.3512903,-42.8283758]]}},{"type":"Feature","properties":{"axis":"E","value":528700,"spacing":100,"datum":"agd66"},"geometry":{"type":"LineString","coordinates":[[147.3531294,-42.936434],[147.353078,-42.9274289],[147.3530266,-42.9184238],[147.3529752,-42.9094187],[147.3529238,-42.9004136],[147.3528725,-42.8914084],[147.3528212,-42.8824033],[147.3527699,-42.8733981],[147.3527186,-42.8643929],[147.3526673,-42.8553877],[147.3526161,-42.8463825],[147.3525649,-42.8373773],[147.3525137,-42.828372]]}},{"type":"Feature","properties":{"axis":"E","value":528800,"spacing":100,"datum":"agd66"},"geometry":{"type":"LineString","coordinates":[[147.354355,-42.9364302],[147.3543034,-42.9274251],[147.3542518,-42.91842],[147.3542002,-42.9094149],[147.3541487,-42.9004098],[147.3540972,-42.8914046],[147.3540457,-42.8823995],[147.3539942,-42.8733943],[147.3539427,-42.8643891],[147.3538913,-42.8553839],[147.3538399,-42.8463787],[147.3537885,-42.8373735],[147.3537372,-42.8283683]]}},{"type":"Feature","properties":{"axis":"E","value":528900,"spacing":100,"datum":"agd66"},"geometry":{"type":"LineString","coordinates":[[147.3555806,-42.9364264],[147.3555288,-42.9274213],[147.355477,-42.9184162],[147.3554253,-42.9094111],[147.3553736,-42.900406],[147.3553219,-42.8914008],[147.3552702,-42.8823957],[147.3552185,-42.8733905],[147.3551669,-42.8643854],[147.3551153,-42.8553802],[147.3550637,-42.8463749],[147.3550122,-42.8373697],[147.3549606,-42.8283645]]}},{"type":"Feature","properties":{"axis":"E","value":529100,"spacing":100,"datum":"agd66"},"geometry":{"type":"LineString","coordinates":[[147.3580318,-42.9364187],[147.3579796,-42.9274137],[147.3579275,-42.9184086],[147.3578754,-42.9094035],[147.3578233,-42.9003984],[147.3577713,-42.8913932],[147.3577192,-42.8823881],[147.3576672,-42.8733829],[147.3576152,-42.8643777],[147.3575633,-42.8553725],[147.3575113,-42.8463673],[147.3574594,-42.8373621],[147.3574075,-42.8283569]]}},{"type":"Feature","properties":{"axis":"E","value":529200,"spacing":100,"datum":"agd66"},"geometry":{"type":"LineString","coordinates":[[147.3592574,-42.9364149],[147.359205,-42.9274098],[147.3591527,-42.9184047],[147.3591005,-42.9093996],[147.3590482,-42.9003945],[147.358996,-42.8913894],[147.3589437,-42.8823842],[147.3588916,-42.8733791],[147.3588394,-42.8643739],[147.3587873,-42.8553687],[147.3587351,-42.8463635],[147.3586831,-42.8373583],[147.358631,-42.8283531]]}},{"type":"Feature","properties":{"axis":"E","value":529300,"spacing":100,"datum":"agd66"},"geometry":{"type":"LineString","coordinates":[[147.360483,-42.9364111],[147.3604305,-42.927406],[147.360378,-42.9184009],[147.3603255,-42.9093958],[147.3602731,-42.9003907],[147.3602207,-42.8913855],[147.3601683,-42.8823804],[147.3601159,-42.8733752],[147.3600636,-42.8643701],[147.3600112,-42.8553649],[147.359959,-42.8463597],[147.3599067,-42.8373544],[147.3598544,-42.8283492]]}},{"type":"Feature","properties":{"axis":"E","value":529400,"spacing":100,"datum":"agd66"},"geometry":{"type":"LineString","coordinates":[[147.3617086,-42.9364072],[147.3616559,-42.9274021],[147.3616032,-42.918397],[147.3615506,-42.9093919],[147.3614979,-42.9003868],[147.3614454,-42.8913817],[147.3613928,-42.8823765],[147.3613402,-42.8733714],[147.3612877,-42.8643662],[147.3612352,-42.855361],[147.3611828,-42.8463558],[147.3611303,-42.8373506],[147.3610779,-42.8283454]]}},{"type":"Feature","properties":{"axis":"E","value":529500,"spacing":100,"datum":"agd66"},"geometry":{"type":"LineString","coordinates":[[147.3629341,-42.9364033],[147.3628813,-42.9273982],[147.3628284,-42.9183932],[147.3627756,-42.9093881],[147.3627228,-42.9003829],[147.36267,-42.8913778],[147.3626173,-42.8823727],[147.3625646,-42.8733675],[147.3625119,-42.8643623],[147.3624592,-42.8553571],[147.3624066,-42.8463519],[147.3623539,-42.8373467],[147.3623013,-42.8283415]]}},{"type":"Feature","properties":{"axis":"E","value":529600,"spacing":100,"datum":"agd66"},"geometry":{"type":"LineString","coordinates":[[147.3641597,-42.9363994],[147.3641067,-42.9273943],[147.3640537,-42.9183893],[147.3640007,-42.9093842],[147.3639477,-42.900379],[147.3638947,-42.8913739],[147.3638418,-42.8823688],[147.3637889,-42.8733636],[147.363736,-42.8643585],[147.3636832,-42.8553533],[147.3636304,-42.8463481],[147.3635776,-42.8373429],[147.3635248,-42.8283376]]}},{"type":"Feature","properties":{"axis":"E","value":529700,"spacing":100,"datum":"agd66"},"geometry":{"type":"LineString","coordinates":[[147.3653853,-42.9363955],[147.3653321,-42.9273904],[147.3652789,-42.9183854],[147.3652257,-42.9093803],[147.3651726,-42.9003751],[147.3651194,-42.89137],[147.3650663,-42.8823649],[147.3650133,-42.8733597],[147.3649602,-42.8643546],[147.3649072,-42.8553494],[147.3648542,-42.8463442],[147.3648012,-42.837339],[147.3647482,-42.8283337]]}},{"type":"Feature","properties":{"axis":"E","value":529800,"spacing":100,"datum":"agd66"},"geometry":{"type":"LineString","coordinates":[[147.3666109,-42.9363916],[147.3665575,-42.9273865],[147.3665041,-42.9183814],[147.3664508,-42.9093763],[147.3663974,-42.9003712],[147.3663441,-42.8913661],[147.3662909,-42.882361],[147.3662376,-42.8733558],[147.3661844,-42.8643506],[147.3661312,-42.8553455],[147.366078,-42.8463403],[147.3660248,-42.8373351],[147.3659717,-42.8283298]]}},{"type":"Feature","properties":{"axis":"E","value":529900,"spacing":100,"datum":"agd66"},"geometry":{"type":"LineString","coordinates":[[147.3678365,-42.9363877],[147.3677829,-42.9273826],[147.3677294,-42.9183775],[147.3676758,-42.9093724],[147.3676223,-42.9003673],[147.3675688,-42.8913622],[147.3675154,-42.882357],[147.3674619,-42.8733519],[147.3674085,-42.8643467],[147.3673551,-42.8553415],[147.3673018,-42.8463363],[147.3672485,-42.8373311],[147.3671951,-42.8283259]]}},{"type":"Feature","properties":{"axis":"E","value":530100,"spacing":100,"datum":"agd66"},"geometry":{"type":"LineString","coordinates":[[147.3702877,-42.9363798],[147.3702337,-42.9273747],[147.3701798,-42.9183696],[147.3701259,-42.9093645],[147.3700721,-42.9003594],[147.3700182,-42.8913543],[147.3699644,-42.8823492],[147.3699106,-42.873344],[147.3698569,-42.8643388],[147.3698031,-42.8553337],[147.3697494,-42.8463285],[147.3696957,-42.8373233],[147.369642,-42.828318]]}},{"type":"Feature","properties":{"axis":"E","value":530200,"spacing":100,"datum":"agd66"},"geometry":{"type":"LineString","coordinates":[[147.3715132,-42.9363758],[147.3714591,-42.9273707],[147.371405,-42.9183657],[147.371351,-42.9093606],[147.3712969,-42.9003555],[147.3712429,-42.8913503],[147.3711889,-42.8823452],[147.371135,-42.87334],[147.371081,-42.8643349],[147.3710271,-42.8553297],[147.3709732,-42.8463245],[147.3709193,-42.8373193],[147.3708655,-42.8283141]]}},{"type":"Feature","properties":{"axis":"E","value":530300,"spacing":100,"datum":"agd66"},"geometry":{"type":"LineString","coordinates":[[147.3727388,-42.9363718],[147.3726845,-42.9273667],[147.3726303,-42.9183617],[147.372576,-42.9093566],[147.3725218,-42.9003515],[147.3724676,-42.8913464],[147.3724134,-42.8823412],[147.3723593,-42.8733361],[147.3723052,-42.8643309],[147.3722511,-42.8553257],[147.372197,-42.8463205],[147.372143,-42.8373153],[147.3720889,-42.8283101]]}},{"type":"Feature","properties":{"axis":"E","value":530400,"spacing":100,"datum":"agd66"},"geometry":{"type":"LineString","coordinates":[[147.3739644,-42.9363678],[147.3739099,-42.9273628],[147.3738555,-42.9183577],[147.3738011,-42.9093526],[147.3737467,-42.9003475],[147.3736923,-42.8913424],[147.373638,-42.8823372],[147.3735836,-42.8733321],[147.3735293,-42.8643269],[147.3734751,-42.8553217],[147.3734208,-42.8463166],[147.3733666,-42.8373114],[147.3733124,-42.8283061]]}},{"type":"Feature","properties":{"axis":"E","value":530500,"spacing":100,"datum":"agd66"},"geometry":{"type":"LineString","coordinates":[[147.37519,-42.9363638],[147.3751354,-42.9273587],[147.3750807,-42.9183537],[147.3750261,-42.9093486],[147.3749715,-42.9003435],[147.374917,-42.8913384],[147.3748625,-42.8823332],[147.374808,-42.8733281],[147.3747535,-42.8643229],[147.374699,-42.8553177],[147.3746446,-42.8463126],[147.3745902,-42.8373074],[147.3745358,-42.8283021]]}},{"type":"Feature","properties":{"axis":"E","value":530600,"spacing":100,"datum":"agd66"},"geometry":{"type":"LineString","coordinates":[[147.3764156,-42.9363598],[147.3763608,-42.9273547],[147.376306,-42.9183496],[147.3762512,-42.9093446],[147.3761964,-42.9003395],[147.3761417,-42.8913343],[147.376087,-42.8823292],[147.3760323,-42.8733241],[147.3759777,-42.8643189],[147.375923,-42.8553137],[147.3758684,-42.8463085],[147.3758138,-42.8373033],[147.3757593,-42.8282981]]}},{"type":"Feature","properties":{"axis":"E","value":530700,"spacing":100,"datum":"agd66"},"geometry":{"type":"LineString","coordinates":[[147.3776412,-42.9363557],[147.3775862,-42.9273507],[147.3775312,-42.9183456],[147.3774762,-42.9093405],[147.3774213,-42.9003354],[147.3773664,-42.8913303],[147.3773115,-42.8823252],[147.3772566,-42.87332],[147.3772018,-42.8643149],[147.377147,-42.8553097],[147.3770922,-42.8463045],[147.3770375,-42.8372993],[147.3769827,-42.8282941]]}},{"type":"Feature","properties":{"axis":"E","value":530800,"spacing":100,"datum":"agd66"},"geometry":{"type":"LineString","coordinates":[[147.3788668,-42.9363517],[147.3788116,-42.9273466],[147.3787564,-42.9183416],[147.3787013,-42.9093365],[147.3786462,-42.9003314],[147.3785911,-42.8913263],[147.378536,-42.8823211],[147.378481,-42.873316],[147.378426,-42.8643108],[147.378371,-42.8553057],[147.378316,-42.8463005],[147.3782611,-42.8372953],[147.3782062,-42.8282901]]}},{"type":"Feature","properties":{"axis":"E","value":530900,"spacing":100,"datum":"agd66"},"geometry":{"type":"LineString","coordinates":[[147.3800923,-42.9363476],[147.380037,-42.9273426],[147.3799816,-42.9183375],[147.3799263,-42.9093324],[147.379871,-42.9003273],[147.3798158,-42.8913222],[147.3797605,-42.8823171],[147.3797053,-42.8733119],[147.3796501,-42.8643068],[147.379595,-42.8553016],[147.3795398,-42.8462964],[147.3794847,-42.8372912],[147.3794296,-42.828286]]}},{"type":"Feature","properties":{"axis":"E","value":531100,"spacing":100,"datum":"agd66"},"geometry":{"type":"LineString","coordinates":[[147.3825435,-42.9363395],[147.3824878,-42.9273344],[147.3824321,-42.9183293],[147.3823764,-42.9093243],[147.3823208,-42.9003192],[147.3822652,-42.8913141],[147.3822096,-42.8823089],[147.382154,-42.8733038],[147.3820984,-42.8642986],[147.3820429,-42.8552935],[147.3819874,-42.8462883],[147.381932,-42.8372831],[147.3818765,-42.8282779]]}},{"type":"Feature","properties":{"axis":"E","value":531200,"spacing":100,"datum":"agd66"},"geometry":{"type":"LineString","coordinates":[[147.3837691,-42.9363354],[147.3837132,-42.9273303],[147.3836573,-42.9183252],[147.3836015,-42.9093202],[147.3835456,-42.9003151],[147.3834898,-42.89131],[147.3834341,-42.8823048],[147.3833783,-42.8732997],[147.3833226,-42.8642946],[147.3832669,-42.8552894],[147.3832112,-42.8462842],[147.3831556,-42.837279],[147.3831,-42.8282738]]}},{"type":"Feature","properties":{"axis":"E","value":531300,"spacing":100,"datum":"agd66"},"geometry":{"type":"LineString","coordinates":[[147.3849947,-42.9363313],[147.3849386,-42.9273262],[147.3848825,-42.9183211],[147.3848265,-42.9093161],[147.3847705,-42.900311],[147.3847145,-42.8913059],[147.3846586,-42.8823007],[147.3846027,-42.8732956],[147.3845468,-42.8642905],[147.3844909,-42.8552853],[147.384435,-42.8462801],[147.3843792,-42.8372749],[147.3843234,-42.8282697]]}},{"type":"Feature","properties":{"axis":"E","value":531400,"spacing":100,"datum":"agd66"},"geometry":{"type":"LineString","coordinates":[[147.3862203,-42.9363271],[147.386164,-42.9273221],[147.3861078,-42.918317],[147.3860516,-42.9093119],[147.3859954,-42.9003068],[147.3859392,-42.8913017],[147.3858831,-42.8822966],[147.385827,-42.8732915],[147.3857709,-42.8642863],[147.3857149,-42.8552812],[147.3856588,-42.846276],[147.3856028,-42.8372708],[147.3855469,-42.8282656]]}},{"type":"Feature","properties":{"axis":"E","value":531500,"spacing":100,"datum":"agd66"},"geometry":{"type":"LineString","coordinates":[[147.3874458,-42.936323],[147.3873894,-42.9273179],[147.387333,-42.9183129],[147.3872766,-42.9093078],[147.3872203,-42.9003027],[147.3871639,-42.8912976],[147.3871076,-42.8822925],[147.3870513,-42.8732874],[147.3869951,-42.8642822],[147.3869388,-42.855277],[147.3868826,-42.8462719],[147.3868265,-42.8372667],[147.3867703,-42.8282615]]}},{"type":"Feature","properties":{"axis":"E","value":531600,"spacing":100,"datum":"agd66"},"geometry":{"type":"LineString","coordinates":[[147.3886714,-42.9363188],[147.3886148,-42.9273138],[147.3885582,-42.9183087],[147.3885017,-42.9093036],[147.3884451,-42.9002986],[147.3883886,-42.8912935],[147.3883321,-42.8822883],[147.3882757,-42.8732832],[147.3882192,-42.8642781],[147.3881628,-42.8552729],[147.3881064,-42.8462677],[147.3880501,-42.8372625],[147.3879938,-42.8282573]]}},{"type":"Feature","properties":{"axis":"E","value":531700,"spacing":100,"datum":"agd66"},"geometry":{"type":"LineString","coordinates":[[147.389897,-42.9363147],[147.3898402,-42.9273096],[147.3897834,-42.9183046],[147.3897267,-42.9092995],[147.38967,-42.9002944],[147.3896133,-42.8912893],[147.3895566,-42.8822842],[147.3895,-42.873279],[147.3894434,-42.8642739],[147.3893868,-42.8552687],[147.3893302,-42.8462636],[147.3892737,-42.8372584],[147.3892172,-42.8282532]]}},{"type":"Feature","properties":{"axis":"E","value":531800,"spacing":100,"datum":"agd66"},"geometry":{"type":"LineString","coordinates":[[147.3911226,-42.9363105],[147.3910656,-42.9273054],[147.3910087,-42.9183004],[147.3909518,-42.9092953],[147.3908949,-42.9002902],[147.390838,-42.8912851],[147.3907811,-42.88228],[147.3907243,-42.8732749],[147.3906675,-42.8642697],[147.3906108,-42.8552646],[147.390554,-42.8462594],[147.3904973,-42.8372542],[147.3904406,-42.828249]]}},{"type":"Feature","properties":{"axis":"E","value":531900,"spacing":100,"datum":"agd66"},"geometry":{"type":"LineString","coordinates":[[147.3923482,-42.9363063],[147.392291,-42.9273012],[147.3922339,-42.9182962],[147.3921768,-42.9092911],[147.3921197,-42.900286],[147.3920627,-42.8912809],[147.3920057,-42.8822758],[147.3919487,-42.8732707],[147.3918917,-42.8642655],[147.3918348,-42.8552604],[147.3917778,-42.8462552],[147.391721,-42.83725],[147.3916641,-42.8282448]]}},{"type":"Feature","properties":{"axis":"E","value":532100,"spacing":100,"datum":"agd66"},"geometry":{"type":"LineString","coordinates":[[147.3947993,-42.9362979],[147.3947418,-42.9272928],[147.3946843,-42.9182878],[147.3946269,-42.9092827],[147.3945695,-42.9002776],[147.3945121,-42.8912725],[147.3944547,-42.8822674],[147.3943973,-42.8732623],[147.39434,-42.8642571],[147.3942827,-42.855252],[147.3942254,-42.8462468],[147.3941682,-42.8372416],[147.394111,-42.8282364]]}},{"type":"Feature","properties":{"axis":"E","value":532200,"spacing":100,"datum":"agd66"},"geometry":{"type":"LineString","coordinates":[[147.3960249,-42.9362936],[147.3959672,-42.9272886],[147.3959096,-42.9182835],[147.3958519,-42.9092785],[147.3957943,-42.9002734],[147.3957367,-42.8912683],[147.3956792,-42.8822632],[147.3956217,-42.8732581],[147.3955642,-42.8642529],[147.3955067,-42.8552478],[147.3954492,-42.8462426],[147.3953918,-42.8372374],[147.3953344,-42.8282322]]}},{"type":"Feature","properties":{"axis":"E","value":532300,"spacing":100,"datum":"agd66"},"geometry":{"type":"LineString","coordinates":[[147.3972505,-42.9362894],[147.3971926,-42.9272843],[147.3971348,-42.9182793],[147.397077,-42.9092742],[147.3970192,-42.9002691],[147.3969614,-42.8912641],[147.3969037,-42.8822589],[147.396846,-42.8732538],[147.3967883,-42.8642487],[147.3967307,-42.8552435],[147.396673,-42.8462384],[147.3966154,-42.8372332],[147.3965579,-42.828228]]}},{"type":"Feature","properties":{"axis":"E","value":532400,"spacing":100,"datum":"agd66"},"geometry":{"type":"LineString","coordinates":[[147.3984761,-42.9362851],[147.398418,-42.9272801],[147.39836,-42.918275],[147.398302,-42.90927],[147.3982441,-42.9002649],[147.3981861,-42.8912598],[147.3981282,-42.8822547],[147.3980703,-42.8732496],[147.3980125,-42.8642444],[147.3979546,-42.8552393],[147.3978968,-42.8462341],[147.3978391,-42.8372289],[147.3977813,-42.8282238]]}},{"type":"Feature","properties":{"axis":"E","value":532500,"spacing":100,"datum":"agd66"},"geometry":{"type":"LineString","coordinates":[[147.3997017,-42.9362808],[147.3996434,-42.9272758],[147.3995852,-42.9182708],[147.3995271,-42.9092657],[147.3994689,-42.9002606],[147.3994108,-42.8912555],[147.3993527,-42.8822504],[147.3992947,-42.8732453],[147.3992366,-42.8642402],[147.3991786,-42.855235],[147.3991206,-42.8462299],[147.3990627,-42.8372247],[147.3990048,-42.8282195]]}},{"type":"Feature","properties":{"axis":"E","value":532600,"spacing":100,"datum":"agd66"},"geometry":{"type":"LineString","coordinates":[[147.4009272,-42.9362766],[147.4008688,-42.9272715],[147.4008105,-42.9182665],[147.4007521,-42.9092614],[147.4006938,-42.9002563],[147.4006355,-42.8912513],[147.4005772,-42.8822462],[147.400519,-42.873241],[147.4004608,-42.8642359],[147.4004026,-42.8552308],[147.4003444,-42.8462256],[147.4002863,-42.8372204],[147.4002282,-42.8282152]]}},{"type":"Feature","properties":{"axis":"E","value":532700,"spacing":100,"datum":"agd66"},"geometry":{"type":"LineString","coordinates":[[147.4021528,-42.9362723],[147.4020942,-42.9272672],[147.4020357,-42.9182622],[147.4019772,-42.9092571],[147.4019187,-42.9002521],[147.4018602,-42.891247],[147.4018017,-42.8822419],[147.4017433,-42.8732367],[147.4016849,-42.8642316],[147.4016266,-42.8552265],[147.4015682,-42.8462213],[147.4015099,-42.8372161],[147.4014516,-42.8282109]]}},{"type":"Feature","properties":{"axis":"E","value":532800,"spacing":100,"datum":"agd66"},"geometry":{"type":"LineString","coordinates":[[147.4033784,-42.936268],[147.4033196,-42.9272629],[147.4032609,-42.9182579],[147.4032022,-42.9092528],[147.4031435,-42.9002477],[147.4030849,-42.8912427],[147.4030263,-42.8822376],[147.4029677,-42.8732324],[147.4029091,-42.8642273],[147.4028505,-42.8552222],[147.402792,-42.846217],[147.4027335,-42.8372118],[147.4026751,-42.8282066]]}},{"type":"Feature","properties":{"axis":"E","value":532900,"spacing":100,"datum":"agd66"},"geometry":{"type":"LineString","coordinates":[[147.404604,-42.9362636],[147.404545,-42.9272586],[147.4044861,-42.9182536],[147.4044272,-42.9092485],[147.4043684,-42.9002434],[147.4043096,-42.8912383],[147.4042508,-42.8822332],[147.404192,-42.8732281],[147.4041332,-42.864223],[147.4040745,-42.8552179],[147.4040158,-42.8462127],[147.4039572,-42.8372075],[147.4038985,-42.8282023]]}},{"type":"Feature","properties":{"axis":"N","value":5246100,"spacing":100,"datum":"agd66"},"geometry":{"type":"LineString","coordinates":[[147.2587546,-42.9357856],[147.2710105,-42.9357573],[147.2832663,-42.9357276],[147.2955222,-42.9356966],[147.307778,-42.9356644],[147.3200338,-42.9356308],[147.3322895,-42.9355958],[147.3445453,-42.9355596],[147.356801,-42.9355221],[147.3690567,-42.9354832],[147.3813124,-42.9354431],[147.393568,-42.9354016],[147.4058236,-42.9353588]]}},{"type":"Feature","properties":{"axis":"N","value":5246200,"spacing":100,"datum":"agd66"},"geometry":{"type":"LineString","coordinates":[[147.2587508,-42.9348851],[147.2710065,-42.9348568],[147.2832622,-42.9348271],[147.2955179,-42.9347961],[147.3077735,-42.9347638],[147.3200291,-42.9347302],[147.3322847,-42.9346953],[147.3445403,-42.9346591],[147.3567958,-42.9346216],[147.3690513,-42.9345827],[147.3813068,-42.9345425],[147.3935623,-42.9345011],[147.4058177,-42.9344583]]}},{"type":"Feature","properties":{"axis":"N","value":5246300,"spacing":100,"datum":"agd66"},"geometry":{"type":"LineString","coordinates":[[147.2587471,-42.9339846],[147.2710026,-42.9339563],[147.2832581,-42.9339266],[147.2955135,-42.9338956],[147.307769,-42.9338633],[147.3200244,-42.9338297],[147.3322798,-42.9337948],[147.3445352,-42.9337586],[147.3567906,-42.9337211],[147.3690459,-42.9336822],[147.3813013,-42.933642],[147.3935566,-42.9336006],[147.4058118,-42.9335578]]}},{"type":"Feature","properties":{"axis":"N","value":5246400,"spacing":100,"datum":"agd66"},"geometry":{"type":"LineString","coordinates":[[147.2587433,-42.9330841],[147.2709986,-42.9330557],[147.2832539,-42.9330261],[147.2955092,-42.9329951],[147.3077645,-42.9329628],[147.3200198,-42.9329292],[147.332275,-42.9328943],[147.3445302,-42.9328581],[147.3567854,-42.9328205],[147.3690406,-42.9327817],[147.3812957,-42.9327415],[147.3935508,-42.9327001],[147.4058059,-42.9326573]]}},{"type":"Feature","properties":{"axis":"N","value":5246500,"spacing":100,"datum":"agd66"},"geometry":{"type":"LineString","coordinates":[[147.2587395,-42.9321836],[147.2709947,-42.9321552],[147.2832498,-42.9321256],[147.2955049,-42.9320946],[147.30776,-42.9320623],[147.3200151,-42.9320287],[147.3322702,-42.9319938],[147.3445252,-42.9319576],[147.3567802,-42.93192],[147.3690352,-42.9318812],[147.3812902,-42.931841],[147.3935451,-42.9317996],[147.4058,-42.9317568]]}},{"type":"Feature","properties":{"axis":"N","value":5246600,"spacing":100,"datum":"agd66"},"geometry":{"type":"LineString","coordinates":[[147.2587358,-42.9312831],[147.2709907,-42.9312547],[147.2832457,-42.9312251],[147.2955006,-42.9311941],[147.3077556,-42.9311618],[147.3200105,-42.9311282],[147.3322653,-42.9310933],[147.3445202,-42.9310571],[147.356775,-42.9310195],[147.3690298,-42.9309807],[147.3812846,-42.9309405],[147.3935394,-42.9308991],[147.4057941,-42.9308563]]}},{"type":"Feature","properties":{"axis":"N","value":5246700,"spacing":100,"datum":"agd66"},"geometry":{"type":"LineString","coordinates":[[147.258732,-42.9303826],[147.2709868,-42.9303542],[147.2832416,-42.9303245],[147.2954963,-42.9302936],[147.3077511,-42.9302613],[147.3200058,-42.9302277],[147.3322605,-42.9301928],[147.3445152,-42.9301566],[147.3567698,-42.930119],[147.3690244,-42.9300802],[147.381279,-42.93004],[147.3935336,-42.9299986],[147.4057882,-42.9299558]]}},{"type":"Feature","properties":{"axis":"N","value":5246800,"spacing":100,"datum":"agd66"},"geometry":{"type":"LineString","coordinates":[[147.2587282,-42.929482],[147.2709828,-42.9294537],[147.2832374,-42.929424],[147.295492,-42.9293931],[147.3077466,-42.9293608],[147.3200011,-42.9293272],[147.3322556,-42.9292923],[147.3445101,-42.929256],[147.3567646,-42.9292185],[147.3690191,-42.9291797],[147.3812735,-42.9291395],[147.3935279,-42.929098],[147.4057823,-42.9290553]]}},{"type":"Feature","properties":{"axis":"N","value":5246900,"spacing":100,"datum":"agd66"},"geometry":{"type":"LineString","coordinates":[[147.2587245,-42.9285815],[147.2709789,-42.9285532],[147.2832333,-42.9285235],[147.2954877,-42.9284925],[147.3077421,-42.9284603],[147.3199965,-42.9284267],[147.3322508,-42.9283918],[147.3445051,-42.9283555],[147.3567594,-42.928318],[147.3690137,-42.9282792],[147.3812679,-42.928239],[147.3935222,-42.9281975],[147.4057764,-42.9281548]]}},{"type":"Feature","properties":{"axis":"N","value":5247100,"spacing":100,"datum":"agd66"},"geometry":{"type":"LineString","coordinates":[[147.2587169,-42.9267805],[147.270971,-42.9267521],[147.2832251,-42.9267225],[147.2954791,-42.9266915],[147.3077331,-42.9266592],[147.3199871,-42.9266256],[147.3322411,-42.9265907],[147.3444951,-42.9265545],[147.356749,-42.926517],[147.3690029,-42.9264781],[147.3812568,-42.926438],[147.3935107,-42.9263965],[147.4057645,-42.9263538]]}},{"type":"Feature","properties":{"axis":"N","value":5247200,"spacing":100,"datum":"agd66"},"geometry":{"type":"LineString","coordinates":[[147.2587132,-42.92588],[147.2709671,-42.9258516],[147.2832209,-42.925822],[147.2954748,-42.925791],[147.3077287,-42.9257587],[147.3199825,-42.9257251],[147.3322363,-42.9256902],[147.3444901,-42.925654],[147.3567438,-42.9256165],[147.3689976,-42.9255776],[147.3812513,-42.9255375],[147.393505,-42.925496],[147.4057586,-42.9254533]]}},{"type":"Feature","properties":{"axis":"N","value":5247300,"spacing":100,"datum":"agd66"},"geometry":{"type":"LineString","coordinates":[[147.2587094,-42.9249794],[147.2709631,-42.9249511],[147.2832168,-42.9249214],[147.2954705,-42.9248905],[147.3077242,-42.9248582],[147.3199778,-42.9248246],[147.3322315,-42.9247897],[147.3444851,-42.9247535],[147.3567386,-42.924716],[147.3689922,-42.9246771],[147.3812457,-42.924637],[147.3934992,-42.9245955],[147.4057527,-42.9245528]]}},{"type":"Feature","properties":{"axis":"N","value":5247400,"spacing":100,"datum":"agd66"},"geometry":{"type":"LineString","coordinates":[[147.2587056,-42.9240789],[147.2709592,-42.9240506],[147.2832127,-42.9240209],[147.2954662,-42.92399],[147.3077197,-42.9239577],[147.3199732,-42.9239241],[147.3322266,-42.9238892],[147.34448,-42.923853],[147.3567334,-42.9238155],[147.3689868,-42.9237766],[147.3812402,-42.9237365],[147.3934935,-42.923695],[147.4057468,-42.9236522]]}},{"type":"Feature","properties":{"axis":"N","value":5247500,"spacing":100,"datum":"agd66"},"geometry":{"type":"LineString","coordinates":[[147.2587019,-42.9231784],[147.2709552,-42.9231501],[147.2832086,-42.9231204],[147.2954619,-42.9230895],[147.3077152,-42.9230572],[147.3199685,-42.9230236],[147.3322218,-42.9229887],[147.344475,-42.9229525],[147.3567282,-42.922915],[147.3689814,-42.9228761],[147.3812346,-42.922836],[147.3934878,-42.9227945],[147.4057409,-42.9227517]]}},{"type":"Feature","properties":{"axis":"N","value":5247600,"spacing":100,"datum":"agd66"},"geometry":{"type":"LineString","coordinates":[[147.2586981,-42.9222779],[147.2709513,-42.9222496],[147.2832044,-42.9222199],[147.2954576,-42.9221889],[147.3077107,-42.9221567],[147.3199638,-42.9221231],[147.3322169,-42.9220882],[147.34447,-42.922052],[147.3567231,-42.9220144],[147.3689761,-42.9219756],[147.3812291,-42.9219355],[147.393482,-42.921894],[147.405735,-42.9218512]]}},{"type":"Feature","properties":{"axis":"N","value":5247700,"spacing":100,"datum":"agd66"},"geometry":{"type":"LineString","coordinates":[[147.2586943,-42.9213774],[147.2709473,-42.921349],[147.2832003,-42.9213194],[147.2954533,-42.9212884],[147.3077063,-42.9212561],[147.3199592,-42.9212226],[147.3322121,-42.9211877],[147.344465,-42.9211515],[147.3567179,-42.9211139],[147.3689707,-42.9210751],[147.3812235,-42.921035],[147.3934763,-42.9209935],[147.4057291,-42.9209507]]}},{"type":"Feature","properties":{"axis":"N","value":5247800,"spacing":100,"datum":"agd66"},"geometry":{"type":"LineString","coordinates":[[147.2586906,-42.9204769],[147.2709434,-42.9204485],[147.2831962,-42.9204189],[147.295449,-42.9203879],[147.3077018,-42.9203556],[147.3199545,-42.920322],[147.3322073,-42.9202872],[147.34446,-42.9202509],[147.3567127,-42.9202134],[147.3689653,-42.9201746],[147.381218,-42.9201344],[147.3934706,-42.920093],[147.4057232,-42.9200502]]}},{"type":"Feature","properties":{"axis":"N","value":5247900,"spacing":100,"datum":"agd66"},"geometry":{"type":"LineString","coordinates":[[147.2586868,-42.9195763],[147.2709394,-42.919548],[147.2831921,-42.9195184],[147.2954447,-42.9194874],[147.3076973,-42.9194551],[147.3199499,-42.9194215],[147.3322024,-42.9193866],[147.344455,-42.9193504],[147.3567075,-42.9193129],[147.36896,-42.9192741],[147.3812124,-42.9192339],[147.3934649,-42.9191925],[147.4057173,-42.9191497]]}},{"type":"Feature","properties":{"axis":"N","value":5248100,"spacing":100,"datum":"agd66"},"geometry":{"type":"LineString","coordinates":[[147.2586793,-42.9177753],[147.2709315,-42.917747],[147.2831838,-42.9177173],[147.2954361,-42.9176864],[147.3076883,-42.9176541],[147.3199406,-42.9176205],[147.3321927,-42.9175856],[147.3444449,-42.9175494],[147.3566971,-42.9175119],[147.3689492,-42.9174731],[147.3812013,-42.9174329],[147.3934534,-42.9173915],[147.4057054,-42.9173487]]}},{"type":"Feature","properties":{"axis":"N","value":5248200,"spacing":100,"datum":"agd66"},"geometry":{"type":"LineString","coordinates":[[147.2586755,-42.9168748],[147.2709276,-42.9168465],[147.2831797,-42.9168168],[147.2954318,-42.9167858],[147.3076839,-42.9167536],[147.3199359,-42.91672],[147.3321879,-42.9166851],[147.3444399,-42.9166489],[147.3566919,-42.9166114],[147.3689438,-42.9165726],[147.3811958,-42.9165324],[147.3934477,-42.916491],[147.4056995,-42.9164482]]}},{"type":"Feature","properties":{"axis":"N","value":5248300,"spacing":100,"datum":"agd66"},"geometry":{"type":"LineString","coordinates":[[147.2586717,-42.9159743],[147.2709237,-42.9159459],[147.2831756,-42.9159163],[147.2954275,-42.9158853],[147.3076794,-42.9158531],[147.3199312,-42.9158195],[147.3321831,-42.9157846],[147.3444349,-42.9157484],[147.3566867,-42.9157109],[147.3689385,-42.915672],[147.3811902,-42.9156319],[147.3934419,-42.9155905],[147.4056936,-42.9155477]]}},{"type":"Feature","properties":{"axis":"N","value":5248400,"spacing":100,"datum":"agd66"},"geometry":{"type":"LineString","coordinates":[[147.258668,-42.9150738],[147.2709197,-42.9150454],[147.2831715,-42.9150158],[147.2954232,-42.9149848],[147.3076749,-42.9149525],[147.3199266,-42.914919],[147.3321782,-42.9148841],[147.3444299,-42.9148479],[147.3566815,-42.9148104],[147.3689331,-42.9147715],[147.3811847,-42.9147314],[147.3934362,-42.91469],[147.4056877,-42.9146472]]}},{"type":"Feature","properties":{"axis":"N","value":5248500,"spacing":100,"datum":"agd66"},"geometry":{"type":"LineString","coordinates":[[147.2586642,-42.9141732],[147.2709158,-42.9141449],[147.2831673,-42.9141153],[147.2954189,-42.9140843],[147.3076704,-42.914052],[147.3199219,-42.9140185],[147.3321734,-42.9139836],[147.3444249,-42.9139474],[147.3566763,-42.9139099],[147.3689277,-42.913871],[147.3811791,-42.9138309],[147.3934305,-42.9137895],[147.4056818,-42.9137467]]}},{"type":"Feature","properties":{"axis":"N","value":5248600,"spacing":100,"datum":"agd66"},"geometry":{"type":"LineString","coordinates":[[147.2586604,-42.9132727],[147.2709118,-42.9132444],[147.2831632,-42.9132147],[147.2954146,-42.9131838],[147.3076659,-42.9131515],[147.3199173,-42.9131179],[147.3321686,-42.9130831],[147.3444199,-42.9130469],[147.3566711,-42.9130093],[147.3689224,-42.9129705],[147.3811736,-42.9129304],[147.3934248,-42.9128889],[147.4056759,-42.9128462]]}},{"type":"Feature","properties":{"axis":"N","value":5248700,"spacing":100,"datum":"agd66"},"geometry":{"type":"LineString","coordinates":[[147.2586567,-42.9123722],[147.2709079,-42.9123439],[147.2831591,-42.9123142],[147.2954103,-42.9122833],[147.3076615,-42.912251],[147.3199126,-42.9122174],[147.3321637,-42.9121825],[147.3444148,-42.9121463],[147.3566659,-42.9121088],[147.368917,-42.91207],[147.381168,-42.9120299],[147.393419,-42.9119884],[147.40567,-42.9119457]]}},{"type":"Feature","properties":{"axis":"N","value":5248800,"spacing":100,"datum":"agd66"},"geometry":{"type":"LineString","coordinates":[[147.2586529,-42.9114717],[147.2709039,-42.9114433],[147.283155,-42.9114137],[147.295406,-42.9113827],[147.307657,-42.9113505],[147.3199079,-42.9113169],[147.3321589,-42.911282],[147.3444098,-42.9112458],[147.3566607,-42.9112083],[147.3689116,-42.9111695],[147.3811625,-42.9111294],[147.3934133,-42.9110879],[147.4056641,-42.9110452]]}},{"type":"Feature","properties":{"axis":"N","value":5248900,"spacing":100,"datum":"agd66"},"geometry":{"type":"LineString","coordinates":[[147.2586491,-42.9105712],[147.2709,-42.9105428],[147.2831509,-42.9105132],[147.2954017,-42.9104822],[147.3076525,-42.91045],[147.3199033,-42.9104164],[147.3321541,-42.9103815],[147.3444048,-42.9103453],[147.3566555,-42.9103078],[147.3689062,-42.910269],[147.3811569,-42.9102289],[147.3934076,-42.9101874],[147.4056582,-42.9101447]]}},{"type":"Feature","properties":{"axis":"N","value":5249100,"spacing":100,"datum":"agd66"},"geometry":{"type":"LineString","coordinates":[[147.2586416,-42.9087701],[147.2708921,-42.9087418],[147.2831426,-42.9087121],[147.2953931,-42.9086812],[147.3076435,-42.9086489],[147.319894,-42.9086154],[147.3321444,-42.9085805],[147.3443948,-42.9085443],[147.3566452,-42.9085068],[147.3688955,-42.908468],[147.3811458,-42.9084278],[147.3933961,-42.9083864],[147.4056464,-42.9083437]]}},{"type":"Feature","properties":{"axis":"N","value":5249200,"spacing":100,"datum":"agd66"},"geometry":{"type":"LineString","coordinates":[[147.2586378,-42.9078696],[147.2708882,-42.9078413],[147.2831385,-42.9078116],[147.2953888,-42.9077807],[147.3076391,-42.9077484],[147.3198893,-42.9077149],[147.3321396,-42.90768],[147.3443898,-42.9076438],[147.35664,-42.9076063],[147.3688901,-42.9075675],[147.3811403,-42.9075273],[147.3933904,-42.9074859],[147.4056405,-42.9074432]]}},{"type":"Feature","properties":{"axis":"N","value":5249300,"spacing":100,"datum":"agd66"},"geometry":{"type":"LineString","coordinates":[[147.2586341,-42.9069691],[147.2708842,-42.9069407],[147.2831344,-42.9069111],[147.2953845,-42.9068802],[147.3076346,-42.9068479],[147.3198847,-42.9068143],[147.3321347,-42.9067795],[147.3443848,-42.9067433],[147.3566348,-42.9067058],[147.3688848,-42.9066669],[147.3811347,-42.9066268],[147.3933847,-42.9065854],[147.4056346,-42.9065426]]}},{"type":"Feature","properties":{"axis":"N","value":5249400,"spacing":100,"datum":"agd66"},"geometry":{"type":"LineString","coordinates":[[147.2586303,-42.9060686],[147.2708803,-42.9060402],[147.2831302,-42.9060106],[147.2953802,-42.9059796],[147.3076301,-42.9059474],[147.31988,-42.9059138],[147.3321299,-42.9058789],[147.3443797,-42.9058428],[147.3566296,-42.9058052],[147.3688794,-42.9057664],[147.3811292,-42.9057263],[147.3933789,-42.9056849],[147.4056287,-42.9056421]]}},{"type":"Feature","properties":{"axis":"N","value":5249500,"spacing":100,"datum":"agd66"},"geometry":{"type":"LineString","coordinates":[[147.2586265,-42.905168],[147.2708763,-42.9051397],[147.2831261,-42.9051101],[147.2953759,-42.9050791],[147.3076256,-42.9050469],[147.3198754,-42.9050133],[147.3321251,-42.9049784],[147.3443747,-42.9049422],[147.3566244,-42.9049047],[147.368874,-42.9048659],[147.3811236,-42.9048258],[147.3933732,-42.9047844],[147.4056228,-42.9047416]]}},{"type":"Feature","properties":{"axis":"N","value":5249600,"spacing":100,"datum":"agd66"},"geometry":{"type":"LineString","coordinates":[[147.2586228,-42.9042675],[147.2708724,-42.9042392],[147.283122,-42.9042096],[147.2953716,-42.9041786],[147.3076212,-42.9041464],[147.3198707,-42.9041128],[147.3321202,-42.9040779],[147.3443697,-42.9040417],[147.3566192,-42.9040042],[147.3688687,-42.9039654],[147.3811181,-42.9039253],[147.3933675,-42.9038839],[147.4056169,-42.9038411]]}},{"type":"Feature","properties":{"axis":"N","value":5249700,"spacing":100,"datum":"agd66"},"geometry":{"type":"LineString","coordinates":[[147.258619,-42.903367],[147.2708685,-42.9033387],[147.2831179,-42.903309],[147.2953673,-42.9032781],[147.3076167,-42.9032458],[147.319866,-42.9032123],[147.3321154,-42.9031774],[147.3443647,-42.9031412],[147.356614,-42.9031037],[147.3688633,-42.9030649],[147.3811125,-42.9030248],[147.3933618,-42.9029834],[147.405611,-42.9029406]]}},{"type":"Feature","properties":{"axis":"N","value":5249800,"spacing":100,"datum":"agd66"},"geometry":{"type":"LineString","coordinates":[[147.2586152,-42.9024665],[147.2708645,-42.9024382],[147.2831138,-42.9024085],[147.295363,-42.9023776],[147.3076122,-42.9023453],[147.3198614,-42.9023118],[147.3321106,-42.9022769],[147.3443597,-42.9022407],[147.3566088,-42.9022032],[147.3688579,-42.9021644],[147.381107,-42.9021243],[147.393356,-42.9020828],[147.4056051,-42.9020401]]}},{"type":"Feature","properties":{"axis":"N","value":5249900,"spacing":100,"datum":"agd66"},"geometry":{"type":"LineString","coordinates":[[147.2586115,-42.901566],[147.2708606,-42.9015376],[147.2831096,-42.901508],[147.2953587,-42.9014771],[147.3076077,-42.9014448],[147.3198567,-42.9014112],[147.3321057,-42.9013764],[147.3443547,-42.9013402],[147.3566036,-42.9013027],[147.3688526,-42.9012639],[147.3811014,-42.9012238],[147.3933503,-42.9011823],[147.4055992,-42.9011396]]}},{"type":"Feature","properties":{"axis":"N","value":5250100,"spacing":100,"datum":"agd66"},"geometry":{"type":"LineString","coordinates":[[147.258604,-42.8997649],[147.2708527,-42.8997366],[147.2831014,-42.899707],[147.2953501,-42.899676],[147.3075988,-42.8996438],[147.3198474,-42.8996102],[147.3320961,-42.8995753],[147.3443447,-42.8995392],[147.3565933,-42.8995017],[147.3688418,-42.8994629],[147.3810904,-42.8994227],[147.3933389,-42.8993813],[147.4055874,-42.8993386]]}},{"type":"Feature","properties":{"axis":"N","value":5250200,"spacing":100,"datum":"agd66"},"geometry":{"type":"LineString","coordinates":[[147.2586002,-42.8988644],[147.2708488,-42.8988361],[147.2830973,-42.8988064],[147.2953458,-42.8987755],[147.3075943,-42.8987433],[147.3198428,-42.8987097],[147.3320912,-42.8986748],[147.3443397,-42.8986386],[147.3565881,-42.8986011],[147.3688365,-42.8985623],[147.3810848,-42.8985222],[147.3933331,-42.8984808],[147.4055815,-42.8984381]]}},{"type":"Feature","properties":{"axis":"N","value":5250300,"spacing":100,"datum":"agd66"},"geometry":{"type":"LineString","coordinates":[[147.2585964,-42.8979639],[147.2708448,-42.8979355],[147.2830932,-42.8979059],[147.2953415,-42.897875],[147.3075898,-42.8978427],[147.3198381,-42.8978092],[147.3320864,-42.8977743],[147.3443346,-42.8977381],[147.3565829,-42.8977006],[147.3688311,-42.8976618],[147.3810793,-42.8976217],[147.3933274,-42.8975803],[147.4055756,-42.8975376]]}},{"type":"Feature","properties":{"axis":"N","value":5250400,"spacing":100,"datum":"agd66"},"geometry":{"type":"LineString","coordinates":[[147.2585927,-42.8970633],[147.2708409,-42.897035],[147.283089,-42.8970054],[147.2953372,-42.8969745],[147.3075853,-42.8969422],[147.3198335,-42.8969087],[147.3320816,-42.8968738],[147.3443296,-42.8968376],[147.3565777,-42.8968001],[147.3688257,-42.8967613],[147.3810737,-42.8967212],[147.3933217,-42.8966798],[147.4055697,-42.8966371]]}},{"type":"Feature","properties":{"axis":"N","value":5250500,"spacing":100,"datum":"agd66"},"geometry":{"type":"LineString","coordinates":[[147.2585889,-42.8961628],[147.2708369,-42.8961345],[147.2830849,-42.8961049],[147.2953329,-42.8960739],[147.3075809,-42.8960417],[147.3198288,-42.8960081],[147.3320767,-42.8959733],[147.3443246,-42.8959371],[147.3565725,-42.8958996],[147.3688204,-42.8958608],[147.3810682,-42.8958207],[147.393316,-42.8957793],[147.4055638,-42.8957366]]}},{"type":"Feature","properties":{"axis":"N","value":5250600,"spacing":100,"datum":"agd66"},"geometry":{"type":"LineString","coordinates":[[147.2585851,-42.8952623],[147.270833,-42.895234],[147.2830808,-42.8952044],[147.2953286,-42.8951734],[147.3075764,-42.8951412],[147.3198242,-42.8951076],[147.3320719,-42.8950728],[147.3443196,-42.8950366],[147.3565673,-42.8949991],[147.368815,-42.8949603],[147.3810626,-42.8949202],[147.3933103,-42.8948788],[147.4055579,-42.894836]]}},{"type":"Feature","properties":{"axis":"N","value":5250700,"spacing":100,"datum":"agd66"},"geometry":{"type":"LineString","coordinates":[[147.2585814,-42.8943618],[147.270829,-42.8943335],[147.2830767,-42.8943038],[147.2953243,-42.8942729],[147.3075719,-42.8942407],[147.3198195,-42.8942071],[147.3320671,-42.8941722],[147.3443146,-42.8941361],[147.3565621,-42.8940986],[147.3688096,-42.8940598],[147.3810571,-42.8940197],[147.3933045,-42.8939783],[147.405552,-42.8939355]]}},{"type":"Feature","properties":{"axis":"N","value":5250800,"spacing":100,"datum":"agd66"},"geometry":{"type":"LineString","coordinates":[[147.2585776,-42.8934613],[147.2708251,-42.8934329],[147.2830726,-42.8934033],[147.29532,-42.8933724],[147.3075674,-42.8933401],[147.3198149,-42.8933066],[147.3320622,-42.8932717],[147.3443096,-42.8932356],[147.3565569,-42.8931981],[147.3688043,-42.8931593],[147.3810515,-42.8931192],[147.3932988,-42.8930778],[147.4055461,-42.893035]]}},{"type":"Feature","properties":{"axis":"N","value":5250900,"spacing":100,"datum":"agd66"},"geometry":{"type":"LineString","coordinates":[[147.2585739,-42.8925607],[147.2708212,-42.8925324],[147.2830685,-42.8925028],[147.2953157,-42.8924719],[147.307563,-42.8924396],[147.3198102,-42.8924061],[147.3320574,-42.8923712],[147.3443046,-42.892335],[147.3565518,-42.8922976],[147.3687989,-42.8922588],[147.381046,-42.8922187],[147.3932931,-42.8921772],[147.4055402,-42.8921345]]}},{"type":"Feature","properties":{"axis":"N","value":5251100,"spacing":100,"datum":"agd66"},"geometry":{"type":"LineString","coordinates":[[147.2585663,-42.8907597],[147.2708133,-42.8907314],[147.2830602,-42.8907018],[147.2953071,-42.8906708],[147.307554,-42.8906386],[147.3198009,-42.890605],[147.3320477,-42.8905702],[147.3442946,-42.890534],[147.3565414,-42.8904965],[147.3687882,-42.8904577],[147.3810349,-42.8904176],[147.3932816,-42.8903762],[147.4055284,-42.8903335]]}},{"type":"Feature","properties":{"axis":"N","value":5251200,"spacing":100,"datum":"agd66"},"geometry":{"type":"LineString","coordinates":[[147.2585626,-42.8898592],[147.2708094,-42.8898309],[147.2830561,-42.8898012],[147.2953028,-42.8897703],[147.3075496,-42.8897381],[147.3197962,-42.8897045],[147.3320429,-42.8896697],[147.3442896,-42.8896335],[147.3565362,-42.889596],[147.3687828,-42.8895572],[147.3810294,-42.8895171],[147.3932759,-42.8894757],[147.4055225,-42.889433]]}},{"type":"Feature","properties":{"axis":"N","value":5251300,"spacing":100,"datum":"agd66"},"geometry":{"type":"LineString","coordinates":[[147.2585588,-42.8889586],[147.2708054,-42.8889303],[147.283052,-42.8889007],[147.2952985,-42.8888698],[147.3075451,-42.8888376],[147.3197916,-42.888804],[147.3320381,-42.8887691],[147.3442846,-42.888733],[147.356531,-42.8886955],[147.3687774,-42.8886567],[147.3810238,-42.8886166],[147.3932702,-42.8885752],[147.4055166,-42.8885325]]}},{"type":"Feature","properties":{"axis":"N","value":5251400,"spacing":100,"datum":"agd66"},"geometry":{"type":"LineString","coordinates":[[147.2585551,-42.8880581],[147.2708015,-42.8880298],[147.2830479,-42.8880002],[147.2952942,-42.8879693],[147.3075406,-42.887937],[147.3197869,-42.8879035],[147.3320333,-42.8878686],[147.3442796,-42.8878325],[147.3565258,-42.887795],[147.3687721,-42.8877562],[147.3810183,-42.8877161],[147.3932645,-42.8876747],[147.4055107,-42.887632]]}},{"type":"Feature","properties":{"axis":"N","value":5251500,"spacing":100,"datum":"agd66"},"geometry":{"type":"LineString","coordinates":[[147.2585513,-42.8871576],[147.2707975,-42.8871293],[147.2830438,-42.8870997],[147.29529,-42.8870687],[147.3075361,-42.8870365],[147.3197823,-42.887003],[147.3320284,-42.8869681],[147.3442745,-42.8869319],[147.3565206,-42.8868945],[147.3687667,-42.8868557],[147.3810127,-42.8868156],[147.3932588,-42.8867742],[147.4055048,-42.8867315]]}},{"type":"Feature","properties":{"axis":"N","value":5251600,"spacing":100,"datum":"agd66"},"geometry":{"type":"LineString","coordinates":[[147.2585475,-42.8862571],[147.2707936,-42.8862288],[147.2830396,-42.8861992],[147.2952857,-42.8861682],[147.3075317,-42.886136],[147.3197776,-42.8861024],[147.3320236,-42.8860676],[147.3442695,-42.8860314],[147.3565155,-42.885994],[147.3687613,-42.8859552],[147.3810072,-42.8859151],[147.393253,-42.8858737],[147.4054989,-42.885831]]}},{"type":"Feature","properties":{"axis":"N","value":5251700,"spacing":100,"datum":"agd66"},"geometry":{"type":"LineString","coordinates":[[147.2585438,-42.8853566],[147.2707897,-42.8853282],[147.2830355,-42.8852986],[147.2952814,-42.8852677],[147.3075272,-42.8852355],[147.319773,-42.8852019],[147.3320188,-42.8851671],[147.3442645,-42.8851309],[147.3565103,-42.8850934],[147.368756,-42.8850547],[147.3810017,-42.8850146],[147.3932473,-42.8849732],[147.405493,-42.8849304]]}},{"type":"Feature","properties":{"axis":"N","value":5251800,"spacing":100,"datum":"agd66"},"geometry":{"type":"LineString","coordinates":[[147.25854,-42.884456],[147.2707857,-42.8844277],[147.2830314,-42.8843981],[147.2952771,-42.8843672],[147.3075227,-42.884335],[147.3197683,-42.8843014],[147.3320139,-42.8842666],[147.3442595,-42.8842304],[147.3565051,-42.8841929],[147.3687506,-42.8841541],[147.3809961,-42.884114],[147.3932416,-42.8840726],[147.4054871,-42.8840299]]}},{"type":"Feature","properties":{"axis":"N","value":5251900,"spacing":100,"datum":"agd66"},"geometry":{"type":"LineString","coordinates":[[147.2585363,-42.8835555],[147.2707818,-42.8835272],[147.2830273,-42.8834976],[147.2952728,-42.8834667],[147.3075182,-42.8834344],[147.3197637,-42.8834009],[147.3320091,-42.883366],[147.3442545,-42.8833299],[147.3564999,-42.8832924],[147.3687453,-42.8832536],[147.3809906,-42.8832135],[147.3932359,-42.8831721],[147.4054812,-42.8831294]]}},{"type":"Feature","properties":{"axis":"N","value":5252100,"spacing":100,"datum":"agd66"},"geometry":{"type":"LineString","coordinates":[[147.2585287,-42.8817545],[147.2707739,-42.8817262],[147.2830191,-42.8816965],[147.2952642,-42.8816656],[147.3075093,-42.8816334],[147.3197544,-42.8815999],[147.3319995,-42.881565],[147.3442445,-42.8815288],[147.3564895,-42.8814914],[147.3687345,-42.8814526],[147.3809795,-42.8814125],[147.3932245,-42.8813711],[147.4054694,-42.8813284]]}},{"type":"Feature","properties":{"axis":"N","value":5252200,"spacing":100,"datum":"agd66"},"geometry":{"type":"LineString","coordinates":[[147.258525,-42.8808539],[147.27077,-42.8808256],[147.2830149,-42.880796],[147.2952599,-42.8807651],[147.3075048,-42.8807329],[147.3197497,-42.8806993],[147.3319946,-42.8806645],[147.3442395,-42.8806283],[147.3564843,-42.8805909],[147.3687292,-42.8805521],[147.380974,-42.880512],[147.3932187,-42.8804706],[147.4054635,-42.8804279]]}},{"type":"Feature","properties":{"axis":"N","value":5252300,"spacing":100,"datum":"agd66"},"geometry":{"type":"LineString","coordinates":[[147.2585212,-42.8799534],[147.270766,-42.8799251],[147.2830108,-42.8798955],[147.2952556,-42.8798646],[147.3075004,-42.8798324],[147.3197451,-42.8797988],[147.3319898,-42.879764],[147.3442345,-42.8797278],[147.3564792,-42.8796903],[147.3687238,-42.8796516],[147.3809684,-42.8796115],[147.393213,-42.8795701],[147.4054576,-42.8795274]]}},{"type":"Feature","properties":{"axis":"N","value":5252400,"spacing":100,"datum":"agd66"},"geometry":{"type":"LineString","coordinates":[[147.2585175,-42.8790529],[147.2707621,-42.8790246],[147.2830067,-42.878995],[147.2952513,-42.8789641],[147.3074959,-42.8789318],[147.3197404,-42.8788983],[147.331985,-42.8788634],[147.3442295,-42.8788273],[147.356474,-42.8787898],[147.3687184,-42.878751],[147.3809629,-42.878711],[147.3932073,-42.8786696],[147.4054517,-42.8786269]]}},{"type":"Feature","properties":{"axis":"N","value":5252500,"spacing":100,"datum":"agd66"},"geometry":{"type":"LineString","coordinates":[[147.2585137,-42.8781524],[147.2707582,-42.8781241],[147.2830026,-42.8780945],[147.295247,-42.8780635],[147.3074914,-42.8780313],[147.3197358,-42.8779978],[147.3319801,-42.8779629],[147.3442245,-42.8779268],[147.3564688,-42.8778893],[147.3687131,-42.8778505],[147.3809573,-42.8778105],[147.3932016,-42.8777691],[147.4054458,-42.8777264]]}},{"type":"Feature","properties":{"axis":"N","value":5252600,"spacing":100,"datum":"agd66"},"geometry":{"type":"LineString","coordinates":[[147.2585099,-42.8772518],[147.2707542,-42.8772235],[147.2829985,-42.8771939],[147.2952427,-42.877163],[147.3074869,-42.8771308],[147.3197311,-42.8770973],[147.3319753,-42.8770624],[147.3442195,-42.8770263],[147.3564636,-42.8769888],[147.3687077,-42.87695],[147.3809518,-42.8769099],[147.3931959,-42.8768685],[147.4054399,-42.8768258]]}},{"type":"Feature","properties":{"axis":"N","value":5252700,"spacing":100,"datum":"agd66"},"geometry":{"type":"LineString","coordinates":[[147.2585062,-42.8763513],[147.2707503,-42.876323],[147.2829944,-42.8762934],[147.2952384,-42.8762625],[147.3074825,-42.8762303],[147.3197265,-42.8761967],[147.3319705,-42.8761619],[147.3442145,-42.8761257],[147.3564584,-42.8760883],[147.3687024,-42.8760495],[147.3809463,-42.8760094],[147.3931901,-42.875968],[147.405434,-42.8759253]]}},{"type":"Feature","properties":{"axis":"N","value":5252800,"spacing":100,"datum":"agd66"},"geometry":{"type":"LineString","coordinates":[[147.2585024,-42.8754508],[147.2707463,-42.8754225],[147.2829903,-42.8753929],[147.2952341,-42.875362],[147.307478,-42.8753297],[147.3197218,-42.8752962],[147.3319657,-42.8752614],[147.3442095,-42.8752252],[147.3564532,-42.8751878],[147.368697,-42.875149],[147.3809407,-42.8751089],[147.3931844,-42.8750675],[147.4054281,-42.8750248]]}},{"type":"Feature","properties":{"axis":"N","value":5252900,"spacing":100,"datum":"agd66"},"geometry":{"type":"LineString","coordinates":[[147.2584987,-42.8745503],[147.2707424,-42.874522],[147.2829861,-42.8744924],[147.2952298,-42.8744614],[147.3074735,-42.8744292],[147.3197172,-42.8743957],[147.3319608,-42.8743609],[147.3442045,-42.8743247],[147.3564481,-42.8742872],[147.3686916,-42.8742485],[147.3809352,-42.8742084],[147.3931787,-42.874167],[147.4054222,-42.8741243]]}},{"type":"Feature","properties":{"axis":"N","value":5253100,"spacing":100,"datum":"agd66"},"geometry":{"type":"LineString","coordinates":[[147.2584912,-42.8727492],[147.2707345,-42.8727209],[147.2829779,-42.8726913],[147.2952213,-42.8726604],[147.3074646,-42.8726282],[147.3197079,-42.8725947],[147.3319512,-42.8725598],[147.3441945,-42.8725237],[147.3564377,-42.8724862],[147.3686809,-42.8724474],[147.3809241,-42.8724074],[147.3931673,-42.872366],[147.4054104,-42.8723233]]}},{"type":"Feature","properties":{"axis":"N","value":5253200,"spacing":100,"datum":"agd66"},"geometry":{"type":"LineString","coordinates":[[147.2584874,-42.8718487],[147.2707306,-42.8718204],[147.2829738,-42.8717908],[147.295217,-42.8717599],[147.3074601,-42.8717277],[147.3197033,-42.8716941],[147.3319464,-42.8716593],[147.3441895,-42.8716231],[147.3564325,-42.8715857],[147.3686756,-42.8715469],[147.3809186,-42.8715069],[147.3931616,-42.8714655],[147.4054045,-42.8714228]]}},{"type":"Feature","properties":{"axis":"N","value":5253300,"spacing":100,"datum":"agd66"},"geometry":{"type":"LineString","coordinates":[[147.2584836,-42.8709482],[147.2707267,-42.8709199],[147.2829697,-42.8708903],[147.2952127,-42.8708594],[147.3074557,-42.8708271],[147.3196986,-42.8707936],[147.3319415,-42.8707588],[147.3441844,-42.8707226],[147.3564273,-42.8706852],[147.3686702,-42.8706464],[147.380913,-42.8706063],[147.3931559,-42.870565],[147.4053986,-42.8705223]]}},{"type":"Feature","properties":{"axis":"N","value":5253400,"spacing":100,"datum":"agd66"},"geometry":{"type":"LineString","coordinates":[[147.2584799,-42.8700476],[147.2707227,-42.8700193],[147.2829656,-42.8699897],[147.2952084,-42.8699588],[147.3074512,-42.8699266],[147.319694,-42.8698931],[147.3319367,-42.8698583],[147.3441794,-42.8698221],[147.3564222,-42.8697847],[147.3686648,-42.8697459],[147.3809075,-42.8697058],[147.3931501,-42.8696644],[147.4053927,-42.8696217]]}},{"type":"Feature","properties":{"axis":"N","value":5253500,"spacing":100,"datum":"agd66"},"geometry":{"type":"LineString","coordinates":[[147.2584761,-42.8691471],[147.2707188,-42.8691188],[147.2829615,-42.8690892],[147.2952041,-42.8690583],[147.3074467,-42.8690261],[147.3196893,-42.8689926],[147.3319319,-42.8689577],[147.3441744,-42.8689216],[147.356417,-42.8688841],[147.3686595,-42.8688454],[147.380902,-42.8688053],[147.3931444,-42.8687639],[147.4053869,-42.8687212]]}},{"type":"Feature","properties":{"axis":"N","value":5253600,"spacing":100,"datum":"agd66"},"geometry":{"type":"LineString","coordinates":[[147.2584724,-42.8682466],[147.2707149,-42.8682183],[147.2829573,-42.8681887],[147.2951998,-42.8681578],[147.3074422,-42.8681256],[147.3196847,-42.868092],[147.3319271,-42.8680572],[147.3441694,-42.8680211],[147.3564118,-42.8679836],[147.3686541,-42.8679449],[147.3808964,-42.8679048],[147.3931387,-42.8678634],[147.405381,-42.8678207]]}},{"type":"Feature","properties":{"axis":"N","value":5253700,"spacing":100,"datum":"agd66"},"geometry":{"type":"LineString","coordinates":[[147.2584686,-42.8673461],[147.2707109,-42.8673178],[147.2829532,-42.8672882],[147.2951955,-42.8672573],[147.3074378,-42.867225],[147.31968,-42.8671915],[147.3319222,-42.8671567],[147.3441644,-42.8671206],[147.3564066,-42.8670831],[147.3686488,-42.8670443],[147.3808909,-42.8670043],[147.393133,-42.8669629],[147.4053751,-42.8669202]]}},{"type":"Feature","properties":{"axis":"N","value":5253800,"spacing":100,"datum":"agd66"},"geometry":{"type":"LineString","coordinates":[[147.2584649,-42.8664455],[147.270707,-42.8664172],[147.2829491,-42.8663876],[147.2951912,-42.8663567],[147.3074333,-42.8663245],[147.3196754,-42.866291],[147.3319174,-42.8662562],[147.3441594,-42.86622],[147.3564014,-42.8661826],[147.3686434,-42.8661438],[147.3808854,-42.8661038],[147.3931273,-42.8660624],[147.4053692,-42.8660197]]}},{"type":"Feature","properties":{"axis":"N","value":5253900,"spacing":100,"datum":"agd66"},"geometry":{"type":"LineString","coordinates":[[147.2584611,-42.865545],[147.2707031,-42.8655167],[147.282945,-42.8654871],[147.2951869,-42.8654562],[147.3074288,-42.865424],[147.3196707,-42.8653905],[147.3319126,-42.8653557],[147.3441544,-42.8653195],[147.3563963,-42.8652821],[147.3686381,-42.8652433],[147.3808798,-42.8652032],[147.3931216,-42.8651619],[147.4053633,-42.8651192]]}},{"type":"Feature","properties":{"axis":"N","value":5254100,"spacing":100,"datum":"agd66"},"geometry":{"type":"LineString","coordinates":[[147.2584536,-42.8637439],[147.2706952,-42.8637157],[147.2829368,-42.8636861],[147.2951784,-42.8636552],[147.3074199,-42.863623],[147.3196614,-42.8635894],[147.3319029,-42.8635546],[147.3441444,-42.8635185],[147.3563859,-42.863481],[147.3686273,-42.8634423],[147.3808688,-42.8634022],[147.3931101,-42.8633608],[147.4053515,-42.8633182]]}},{"type":"Feature","properties":{"axis":"N","value":5254200,"spacing":100,"datum":"agd66"},"geometry":{"type":"LineString","coordinates":[[147.2584498,-42.8628434],[147.2706913,-42.8628151],[147.2829327,-42.8627855],[147.2951741,-42.8627546],[147.3074154,-42.8627224],[147.3196568,-42.8626889],[147.3318981,-42.8626541],[147.3441394,-42.862618],[147.3563807,-42.8625805],[147.368622,-42.8625418],[147.3808632,-42.8625017],[147.3931044,-42.8624603],[147.4053456,-42.8624176]]}},{"type":"Feature","properties":{"axis":"N","value":5254300,"spacing":100,"datum":"agd66"},"geometry":{"type":"LineString","coordinates":[[147.2584461,-42.8619429],[147.2706873,-42.8619146],[147.2829286,-42.861885],[147.2951698,-42.8618541],[147.307411,-42.8618219],[147.3196521,-42.8617884],[147.3318933,-42.8617536],[147.3441344,-42.8617174],[147.3563755,-42.86168],[147.3686166,-42.8616412],[147.3808577,-42.8616012],[147.3930987,-42.8615598],[147.4053397,-42.8615171]]}},{"type":"Feature","properties":{"axis":"N","value":5254400,"spacing":100,"datum":"agd66"},"geometry":{"type":"LineString","coordinates":[[147.2584423,-42.8610424],[147.2706834,-42.8610141],[147.2829244,-42.8609845],[147.2951655,-42.8609536],[147.3074065,-42.8609214],[147.3196475,-42.8608879],[147.3318885,-42.860853],[147.3441294,-42.8608169],[147.3563704,-42.8607795],[147.3686113,-42.8607407],[147.3808521,-42.8607007],[147.393093,-42.8606593],[147.4053338,-42.8606166]]}},{"type":"Feature","properties":{"axis":"N","value":5254500,"spacing":100,"datum":"agd66"},"geometry":{"type":"LineString","coordinates":[[147.2584386,-42.8601418],[147.2706795,-42.8601136],[147.2829203,-42.860084],[147.2951612,-42.8600531],[147.307402,-42.8600209],[147.3196429,-42.8599873],[147.3318837,-42.8599525],[147.3441244,-42.8599164],[147.3563652,-42.859879],[147.3686059,-42.8598402],[147.3808466,-42.8598001],[147.3930873,-42.8597588],[147.4053279,-42.8597161]]}},{"type":"Feature","properties":{"axis":"N","value":5254600,"spacing":100,"datum":"agd66"},"geometry":{"type":"LineString","coordinates":[[147.2584348,-42.8592413],[147.2706755,-42.859213],[147.2829162,-42.8591834],[147.2951569,-42.8591525],[147.3073976,-42.8591203],[147.3196382,-42.8590868],[147.3318788,-42.859052],[147.3441194,-42.8590159],[147.35636,-42.8589784],[147.3686006,-42.8589397],[147.3808411,-42.8588996],[147.3930816,-42.8588583],[147.4053221,-42.8588156]]}},{"type":"Feature","properties":{"axis":"N","value":5254700,"spacing":100,"datum":"agd66"},"geometry":{"type":"LineString","coordinates":[[147.2584311,-42.8583408],[147.2706716,-42.8583125],[147.2829121,-42.8582829],[147.2951526,-42.858252],[147.3073931,-42.8582198],[147.3196336,-42.8581863],[147.331874,-42.8581515],[147.3441144,-42.8581154],[147.3563548,-42.8580779],[147.3685952,-42.8580392],[147.3808355,-42.8579991],[147.3930759,-42.8579577],[147.4053162,-42.8579151]]}},{"type":"Feature","properties":{"axis":"N","value":5254800,"spacing":100,"datum":"agd66"},"geometry":{"type":"LineString","coordinates":[[147.2584273,-42.8574403],[147.2706677,-42.857412],[147.282908,-42.8573824],[147.2951483,-42.8573515],[147.3073886,-42.8573193],[147.3196289,-42.8572858],[147.3318692,-42.857251],[147.3441094,-42.8572148],[147.3563496,-42.8571774],[147.3685898,-42.8571386],[147.38083,-42.8570986],[147.3930702,-42.8570572],[147.4053103,-42.8570146]]}},{"type":"Feature","properties":{"axis":"N","value":5254900,"spacing":100,"datum":"agd66"},"geometry":{"type":"LineString","coordinates":[[147.2584235,-42.8565397],[147.2706637,-42.8565114],[147.2829039,-42.8564819],[147.295144,-42.856451],[147.3073842,-42.8564188],[147.3196243,-42.8563853],[147.3318644,-42.8563504],[147.3441044,-42.8563143],[147.3563445,-42.8562769],[147.3685845,-42.8562381],[147.3808245,-42.8561981],[147.3930644,-42.8561567],[147.4053044,-42.856114]]}},{"type":"Feature","properties":{"axis":"N","value":5255100,"spacing":100,"datum":"agd66"},"geometry":{"type":"LineString","coordinates":[[147.258416,-42.8547387],[147.2706559,-42.8547104],[147.2828957,-42.8546808],[147.2951355,-42.8546499],[147.3073752,-42.8546177],[147.319615,-42.8545842],[147.3318547,-42.8545494],[147.3440944,-42.8545133],[147.3563341,-42.8544758],[147.3685738,-42.8544371],[147.3808134,-42.854397],[147.393053,-42.8543557],[147.4052926,-42.854313]]}},{"type":"Feature","properties":{"axis":"N","value":5255200,"spacing":100,"datum":"agd66"},"geometry":{"type":"LineString","coordinates":[[147.2584123,-42.8538381],[147.2706519,-42.8538099],[147.2828916,-42.8537803],[147.2951312,-42.8537494],[147.3073708,-42.8537172],[147.3196103,-42.8536837],[147.3318499,-42.8536489],[147.3440894,-42.8536127],[147.3563289,-42.8535753],[147.3685684,-42.8535366],[147.3808079,-42.8534965],[147.3930473,-42.8534552],[147.4052867,-42.8534125]]}},{"type":"Feature","properties":{"axis":"N","value":5255300,"spacing":100,"datum":"agd66"},"geometry":{"type":"LineString","coordinates":[[147.2584085,-42.8529376],[147.270648,-42.8529093],[147.2828875,-42.8528798],[147.2951269,-42.8528489],[147.3073663,-42.8528167],[147.3196057,-42.8527832],[147.3318451,-42.8527483],[147.3440844,-42.8527122],[147.3563238,-42.8526748],[147.3685631,-42.8526361],[147.3808023,-42.852596],[147.3930416,-42.8525546],[147.4052808,-42.852512]]}},{"type":"Feature","properties":{"axis":"N","value":5255400,"spacing":100,"datum":"agd66"},"geometry":{"type":"LineString","coordinates":[[147.2584048,-42.8520371],[147.2706441,-42.8520088],[147.2828833,-42.8519792],[147.2951226,-42.8519483],[147.3073618,-42.8519161],[147.3196011,-42.8518826],[147.3318403,-42.8518478],[147.3440794,-42.8518117],[147.3563186,-42.8517743],[147.3685577,-42.8517355],[147.3807968,-42.8516955],[147.3930359,-42.8516541],[147.4052749,-42.8516115]]}},{"type":"Feature","properties":{"axis":"N","value":5255500,"spacing":100,"datum":"agd66"},"geometry":{"type":"LineString","coordinates":[[147.258401,-42.8511366],[147.2706401,-42.8511083],[147.2828792,-42.8510787],[147.2951183,-42.8510478],[147.3073574,-42.8510156],[147.3195964,-42.8509821],[147.3318354,-42.8509473],[147.3440744,-42.8509112],[147.3563134,-42.8508738],[147.3685524,-42.850835],[147.3807913,-42.850795],[147.3930302,-42.8507536],[147.4052691,-42.850711]]}},{"type":"Feature","properties":{"axis":"N","value":5255600,"spacing":100,"datum":"agd66"},"geometry":{"type":"LineString","coordinates":[[147.2583973,-42.850236],[147.2706362,-42.8502078],[147.2828751,-42.8501782],[147.295114,-42.8501473],[147.3073529,-42.8501151],[147.3195918,-42.8500816],[147.3318306,-42.8500468],[147.3440694,-42.8500107],[147.3563082,-42.8499732],[147.368547,-42.8499345],[147.3807858,-42.8498945],[147.3930245,-42.8498531],[147.4052632,-42.8498104]]}},{"type":"Feature","properties":{"axis":"N","value":5255700,"spacing":100,"datum":"agd66"},"geometry":{"type":"LineString","coordinates":[[147.2583935,-42.8493355],[147.2706323,-42.8493072],[147.282871,-42.8492776],[147.2951097,-42.8492468],[147.3073485,-42.8492146],[147.3195871,-42.8491811],[147.3318258,-42.8491463],[147.3440644,-42.8491101],[147.3563031,-42.8490727],[147.3685417,-42.849034],[147.3807802,-42.8489939],[147.3930188,-42.8489526],[147.4052573,-42.8489099]]}},{"type":"Feature","properties":{"axis":"N","value":5255800,"spacing":100,"datum":"agd66"},"geometry":{"type":"LineString","coordinates":[[147.2583898,-42.848435],[147.2706283,-42.8484067],[147.2828669,-42.8483771],[147.2951055,-42.8483462],[147.307344,-42.848314],[147.3195825,-42.8482805],[147.331821,-42.8482457],[147.3440594,-42.8482096],[147.3562979,-42.8481722],[147.3685363,-42.8481335],[147.3807747,-42.8480934],[147.3930131,-42.8480521],[147.4052514,-42.8480094]]}},{"type":"Feature","properties":{"axis":"N","value":5255900,"spacing":100,"datum":"agd66"},"geometry":{"type":"LineString","coordinates":[[147.258386,-42.8475344],[147.2706244,-42.8475062],[147.2828628,-42.8474766],[147.2951012,-42.8474457],[147.3073395,-42.8474135],[147.3195779,-42.84738],[147.3318162,-42.8473452],[147.3440544,-42.8473091],[147.3562927,-42.8472717],[147.3685309,-42.8472329],[147.3807692,-42.8471929],[147.3930073,-42.8471515],[147.4052455,-42.8471089]]}},{"type":"Feature","properties":{"axis":"N","value":5256100,"spacing":100,"datum":"agd66"},"geometry":{"type":"LineString","coordinates":[[147.2583785,-42.8457334],[147.2706166,-42.8457051],[147.2828546,-42.8456755],[147.2950926,-42.8456447],[147.3073306,-42.8456125],[147.3195686,-42.845579],[147.3318065,-42.8455442],[147.3440445,-42.845508],[147.3562824,-42.8454706],[147.3685202,-42.8454319],[147.3807581,-42.8453919],[147.3929959,-42.8453505],[147.4052337,-42.8453079]]}},{"type":"Feature","properties":{"axis":"N","value":5256200,"spacing":100,"datum":"agd66"},"geometry":{"type":"LineString","coordinates":[[147.2583748,-42.8448328],[147.2706126,-42.8448046],[147.2828505,-42.844775],[147.2950883,-42.8447441],[147.3073261,-42.8447119],[147.3195639,-42.8446784],[147.3318017,-42.8446436],[147.3440395,-42.8446075],[147.3562772,-42.8445701],[147.3685149,-42.8445314],[147.3807526,-42.8444913],[147.3929902,-42.84445],[147.4052279,-42.8444073]]}},{"type":"Feature","properties":{"axis":"N","value":5256300,"spacing":100,"datum":"agd66"},"geometry":{"type":"LineString","coordinates":[[147.258371,-42.8439323],[147.2706087,-42.8439041],[147.2828464,-42.8438745],[147.295084,-42.8438436],[147.3073217,-42.8438114],[147.3195593,-42.8437779],[147.3317969,-42.8437431],[147.3440345,-42.843707],[147.356272,-42.8436696],[147.3685095,-42.8436309],[147.380747,-42.8435908],[147.3929845,-42.8435495],[147.405222,-42.8435068]]}},{"type":"Feature","properties":{"axis":"N","value":5256400,"spacing":100,"datum":"agd66"},"geometry":{"type":"LineString","coordinates":[[147.2583672,-42.8430318],[147.2706048,-42.8430035],[147.2828423,-42.842974],[147.2950797,-42.8429431],[147.3073172,-42.8429109],[147.3195546,-42.8428774],[147.3317921,-42.8428426],[147.3440295,-42.8428065],[147.3562668,-42.8427691],[147.3685042,-42.8427303],[147.3807415,-42.8426903],[147.3929788,-42.842649],[147.4052161,-42.8426063]]}},{"type":"Feature","properties":{"axis":"N","value":5256500,"spacing":100,"datum":"agd66"},"geometry":{"type":"LineString","coordinates":[[147.2583635,-42.8421313],[147.2706008,-42.842103],[147.2828382,-42.8420734],[147.2950755,-42.8420425],[147.3073127,-42.8420104],[147.31955,-42.8419769],[147.3317872,-42.8419421],[147.3440245,-42.841906],[147.3562617,-42.8418685],[147.3684988,-42.8418298],[147.380736,-42.8417898],[147.3929731,-42.8417484],[147.4052102,-42.8417058]]}},{"type":"Feature","properties":{"axis":"N","value":5256600,"spacing":100,"datum":"agd66"},"geometry":{"type":"LineString","coordinates":[[147.2583597,-42.8412307],[147.2705969,-42.8412025],[147.282834,-42.8411729],[147.2950712,-42.841142],[147.3073083,-42.8411098],[147.3195454,-42.8410763],[147.3317824,-42.8410415],[147.3440195,-42.8410054],[147.3562565,-42.840968],[147.3684935,-42.8409293],[147.3807305,-42.8408893],[147.3929674,-42.8408479],[147.4052043,-42.8408053]]}},{"type":"Feature","properties":{"axis":"N","value":5256700,"spacing":100,"datum":"agd66"},"geometry":{"type":"LineString","coordinates":[[147.258356,-42.8403302],[147.270593,-42.8403019],[147.2828299,-42.8402724],[147.2950669,-42.8402415],[147.3073038,-42.8402093],[147.3195407,-42.8401758],[147.3317776,-42.840141],[147.3440145,-42.8401049],[147.3562513,-42.8400675],[147.3684881,-42.8400288],[147.3807249,-42.8399887],[147.3929617,-42.8399474],[147.4051984,-42.8399048]]}},{"type":"Feature","properties":{"axis":"N","value":5256800,"spacing":100,"datum":"agd66"},"geometry":{"type":"LineString","coordinates":[[147.2583522,-42.8394297],[147.270589,-42.8394014],[147.2828258,-42.8393718],[147.2950626,-42.839341],[147.3072994,-42.8393088],[147.3195361,-42.8392753],[147.3317728,-42.8392405],[147.3440095,-42.8392044],[147.3562461,-42.839167],[147.3684828,-42.8391282],[147.3807194,-42.8390882],[147.392956,-42.8390469],[147.4051925,-42.8390042]]}},{"type":"Feature","properties":{"axis":"N","value":5256900,"spacing":100,"datum":"agd66"},"geometry":{"type":"LineString","coordinates":[[147.2583485,-42.8385291],[147.2705851,-42.8385009],[147.2828217,-42.8384713],[147.2950583,-42.8384404],[147.3072949,-42.8384083],[147.3195314,-42.8383748],[147.331768,-42.83834],[147.3440045,-42.8383039],[147.356241,-42.8382664],[147.3684774,-42.8382277],[147.3807139,-42.8381877],[147.3929503,-42.8381464],[147.4051867,-42.8381037]]}},{"type":"Feature","properties":{"axis":"N","value":5257100,"spacing":100,"datum":"agd66"},"geometry":{"type":"LineString","coordinates":[[147.258341,-42.8367281],[147.2705773,-42.8366998],[147.2828135,-42.8366703],[147.2950498,-42.8366394],[147.307286,-42.8366072],[147.3195222,-42.8365737],[147.3317583,-42.8365389],[147.3439945,-42.8365028],[147.3562306,-42.8364654],[147.3684667,-42.8364267],[147.3807028,-42.8363867],[147.3929389,-42.8363453],[147.4051749,-42.8363027]]}},{"type":"Feature","properties":{"axis":"N","value":5257200,"spacing":100,"datum":"agd66"},"geometry":{"type":"LineString","coordinates":[[147.2583372,-42.8358275],[147.2705733,-42.8357993],[147.2828094,-42.8357697],[147.2950455,-42.8357389],[147.3072815,-42.8357067],[147.3195175,-42.8356732],[147.3317535,-42.8356384],[147.3439895,-42.8356023],[147.3562255,-42.8355649],[147.3684614,-42.8355262],[147.3806973,-42.8354861],[147.3929332,-42.8354448],[147.405169,-42.8354022]]}},{"type":"Feature","properties":{"axis":"N","value":5257300,"spacing":100,"datum":"agd66"},"geometry":{"type":"LineString","coordinates":[[147.2583335,-42.834927],[147.2705694,-42.8348988],[147.2828053,-42.8348692],[147.2950412,-42.8348383],[147.307277,-42.8348061],[147.3195129,-42.8347727],[147.3317487,-42.8347379],[147.3439845,-42.8347018],[147.3562203,-42.8346644],[147.368456,-42.8346256],[147.3806918,-42.8345856],[147.3929275,-42.8345443],[147.4051631,-42.8345016]]}},{"type":"Feature","properties":{"axis":"N","value":5257400,"spacing":100,"datum":"agd66"},"geometry":{"type":"LineString","coordinates":[[147.2583297,-42.8340265],[147.2705655,-42.8339982],[147.2828012,-42.8339687],[147.2950369,-42.8339378],[147.3072726,-42.8339056],[147.3195083,-42.8338721],[147.3317439,-42.8338373],[147.3439795,-42.8338012],[147.3562151,-42.8337638],[147.3684507,-42.8337251],[147.3806862,-42.8336851],[147.3929218,-42.8336438],[147.4051573,-42.8336011]]}},{"type":"Feature","properties":{"axis":"N","value":5257500,"spacing":100,"datum":"agd66"},"geometry":{"type":"LineString","coordinates":[[147.258326,-42.8331259],[147.2705615,-42.8330977],[147.2827971,-42.8330681],[147.2950326,-42.8330373],[147.3072681,-42.8330051],[147.3195036,-42.8329716],[147.3317391,-42.8329368],[147.3439745,-42.8329007],[147.3562099,-42.8328633],[147.3684453,-42.8328246],[147.3806807,-42.8327846],[147.3929161,-42.8327432],[147.4051514,-42.8327006]]}},{"type":"Feature","properties":{"axis":"N","value":5257600,"spacing":100,"datum":"agd66"},"geometry":{"type":"LineString","coordinates":[[147.2583222,-42.8322254],[147.2705576,-42.8321972],[147.282793,-42.8321676],[147.2950283,-42.8321367],[147.3072637,-42.8321046],[147.319499,-42.8320711],[147.3317343,-42.8320363],[147.3439695,-42.8320002],[147.3562048,-42.8319628],[147.36844,-42.8319241],[147.3806752,-42.8318841],[147.3929103,-42.8318427],[147.4051455,-42.8318001]]}},{"type":"Feature","properties":{"axis":"N","value":5257700,"spacing":100,"datum":"agd66"},"geometry":{"type":"LineString","coordinates":[[147.2583185,-42.8313249],[147.2705537,-42.8312966],[147.2827889,-42.8312671],[147.2950241,-42.8312362],[147.3072592,-42.831204],[147.3194943,-42.8311706],[147.3317294,-42.8311358],[147.3439645,-42.8310997],[147.3561996,-42.8310623],[147.3684346,-42.8310236],[147.3806697,-42.8309835],[147.3929046,-42.8309422],[147.4051396,-42.8308996]]}},{"type":"Feature","properties":{"axis":"N","value":5257800,"spacing":100,"datum":"agd66"},"geometry":{"type":"LineString","coordinates":[[147.2583147,-42.8304244],[147.2705498,-42.8303961],[147.2827848,-42.8303665],[147.2950198,-42.8303357],[147.3072547,-42.8303035],[147.3194897,-42.83027],[147.3317246,-42.8302352],[147.3439595,-42.8301991],[147.3561944,-42.8301617],[147.3684293,-42.830123],[147.3806641,-42.830083],[147.3928989,-42.8300417],[147.4051337,-42.8299991]]}},{"type":"Feature","properties":{"axis":"N","value":5257900,"spacing":100,"datum":"agd66"},"geometry":{"type":"LineString","coordinates":[[147.258311,-42.8295238],[147.2705458,-42.8294956],[147.2827807,-42.829466],[147.2950155,-42.8294351],[147.3072503,-42.829403],[147.3194851,-42.8293695],[147.3317198,-42.8293347],[147.3439545,-42.8292986],[147.3561893,-42.8292612],[147.3684239,-42.8292225],[147.3806586,-42.8291825],[147.3928932,-42.8291412],[147.4051278,-42.8290985]]}}]}