{"type":"FeatureCollection","features":[{"type":"Feature","properties":{"axis":"E","value":521000,"spacing":1000,"datum":"gda2020"},"geometry":{"type":"LineString","coordinates":[[147.257385,-42.9383425],[147.2573475,-42.9293374],[147.2573101,-42.9203322],[147.2572726,-42.9113271],[147.2572352,-42.902322],[147.2571977,-42.8933168],[147.2571603,-42.8843116],[147.2571229,-42.8753064],[147.2570855,-42.8663012],[147.2570482,-42.857296],[147.2570108,-42.8482908],[147.2569735,-42.8392855],[147.2569362,-42.8302803]]}},{"type":"Feature","properties":{"axis":"E","value":522000,"spacing":1000,"datum":"gda2020"},"geometry":{"type":"LineString","coordinates":[[147.2696413,-42.9383142],[147.2696021,-42.9293092],[147.2695628,-42.920304],[147.2695235,-42.9112989],[147.2694843,-42.9022938],[147.2694451,-42.8932886],[147.2694059,-42.8842835],[147.2693667,-42.8752783],[147.2693276,-42.8662731],[147.2692884,-42.8572679],[147.2692493,-42.8482627],[147.2692102,-42.8392574],[147.2691711,-42.8302522]]}},{"type":"Feature","properties":{"axis":"E","value":523000,"spacing":1000,"datum":"gda2020"},"geometry":{"type":"LineString","coordinates":[[147.2818976,-42.9382847],[147.2818566,-42.9292796],[147.2818155,-42.9202745],[147.2817745,-42.9112694],[147.2817335,-42.9022643],[147.2816925,-42.8932592],[147.2816515,-42.884254],[147.2816105,-42.8752488],[147.2815696,-42.8662436],[147.2815287,-42.8572384],[147.2814878,-42.8482332],[147.2814469,-42.839228],[147.281406,-42.8302228]]}},{"type":"Feature","properties":{"axis":"E","value":524000,"spacing":1000,"datum":"gda2020"},"geometry":{"type":"LineString","coordinates":[[147.2941539,-42.9382539],[147.294111,-42.9292488],[147.2940682,-42.9202437],[147.2940254,-42.9112386],[147.2939826,-42.9022335],[147.2939398,-42.8932284],[147.2938971,-42.8842232],[147.2938543,-42.8752181],[147.2938116,-42.8662129],[147.2937689,-42.8572077],[147.2937262,-42.8482025],[147.2936836,-42.8391973],[147.2936409,-42.830192]]}},{"type":"Feature","properties":{"axis":"E","value":525000,"spacing":1000,"datum":"gda2020"},"geometry":{"type":"LineString","coordinates":[[147.3064101,-42.9382217],[147.3063655,-42.9292167],[147.3063209,-42.9202116],[147.3062763,-42.9112065],[147.3062317,-42.9022014],[147.3061871,-42.8931963],[147.3061426,-42.8841911],[147.3060981,-42.875186],[147.3060536,-42.8661808],[147.3060091,-42.8571756],[147.3059647,-42.8481704],[147.3059202,-42.8391652],[147.3058758,-42.83016]]}},{"type":"Feature","properties":{"axis":"E","value":526000,"spacing":1000,"datum":"gda2020"},"geometry":{"type":"LineString","coordinates":[[147.3186664,-42.9381883],[147.3186199,-42.9291832],[147.3185735,-42.9201781],[147.3185271,-42.9111731],[147.3184808,-42.902168],[147.3184344,-42.8931629],[147.3183881,-42.8841577],[147.3183418,-42.8751526],[147.3182955,-42.8661474],[147.3182493,-42.8571423],[147.3182031,-42.8481371],[147.3181568,-42.8391319],[147.3181107,-42.8301267]]}},{"type":"Feature","properties":{"axis":"E","value":527000,"spacing":1000,"datum":"gda2020"},"geometry":{"type":"LineString","coordinates":[[147.3309226,-42.9381535],[147.3308743,-42.9291485],[147.3308262,-42.9201434],[147.330778,-42.9111383],[147.3307298,-42.9021332],[147.3306817,-42.8931281],[147.3306336,-42.884123],[147.3305855,-42.8751179],[147.3305375,-42.8661127],[147.3304895,-42.8571076],[147.3304414,-42.8481024],[147.3303935,-42.8390972],[147.3303455,-42.830092]]}},{"type":"Feature","properties":{"axis":"E","value":528000,"spacing":1000,"datum":"gda2020"},"geometry":{"type":"LineString","coordinates":[[147.3431787,-42.9381174],[147.3431287,-42.9291124],[147.3430788,-42.9201073],[147.3430288,-42.9111023],[147.3429789,-42.9020972],[147.342929,-42.8930921],[147.3428791,-42.884087],[147.3428292,-42.8750819],[147.3427794,-42.8660767],[147.3427296,-42.8570716],[147.3426798,-42.8480664],[147.34263,-42.8390613],[147.3425803,-42.8300561]]}},{"type":"Feature","properties":{"axis":"E","value":529000,"spacing":1000,"datum":"gda2020"},"geometry":{"type":"LineString","coordinates":[[147.3554349,-42.93808],[147.3553831,-42.929075],[147.3553314,-42.92007],[147.3552796,-42.9110649],[147.3552279,-42.9020598],[147.3551762,-42.8930548],[147.3551246,-42.8840497],[147.3550729,-42.8750446],[147.3550213,-42.8660394],[147.3549697,-42.8570343],[147.3549181,-42.8480292],[147.3548666,-42.839024],[147.3548151,-42.8300188]]}},{"type":"Feature","properties":{"axis":"E","value":530000,"spacing":1000,"datum":"gda2020"},"geometry":{"type":"LineString","coordinates":[[147.367691,-42.9380413],[147.3676375,-42.9290363],[147.3675839,-42.9200313],[147.3675304,-42.9110262],[147.3674769,-42.9020212],[147.3674234,-42.8930161],[147.36737,-42.884011],[147.3673166,-42.8750059],[147.3672632,-42.8660008],[147.3672098,-42.8569957],[147.3671565,-42.8479906],[147.3671031,-42.8389854],[147.3670498,-42.8299802]]}},{"type":"Feature","properties":{"axis":"E","value":531000,"spacing":1000,"datum":"gda2020"},"geometry":{"type":"LineString","coordinates":[[147.3799471,-42.9380013],[147.3798918,-42.9289963],[147.3798365,-42.9199913],[147.3797812,-42.9109862],[147.3797259,-42.9019812],[147.3796706,-42.8929762],[147.3796154,-42.8839711],[147.3795602,-42.874966],[147.379505,-42.8659609],[147.3794499,-42.8569558],[147.3793948,-42.8479507],[147.3793397,-42.8389455],[147.3792846,-42.8299404]]}},{"type":"Feature","properties":{"axis":"E","value":532000,"spacing":1000,"datum":"gda2020"},"geometry":{"type":"LineString","coordinates":[[147.3922032,-42.9379599],[147.3921461,-42.928955],[147.392089,-42.91995],[147.3920319,-42.910945],[147.3919748,-42.9019399],[147.3919178,-42.8929349],[147.3918608,-42.8839298],[147.3918038,-42.8749248],[147.3917468,-42.8659197],[147.3916899,-42.8569146],[147.391633,-42.8479095],[147.3915761,-42.8389043],[147.3915193,-42.8298992]]}},{"type":"Feature","properties":{"axis":"E","value":533000,"spacing":1000,"datum":"gda2020"},"geometry":{"type":"LineString","coordinates":[[147.4044593,-42.9379173],[147.4044003,-42.9289123],[147.4043415,-42.9199073],[147.4042826,-42.9109023],[147.4042237,-42.9018973],[147.4041649,-42.8928923],[147.4041061,-42.8838873],[147.4040474,-42.8748822],[147.4039886,-42.8658771],[147.4039299,-42.856872],[147.4038713,-42.8478669],[147.4038126,-42.8388618],[147.403754,-42.8298567]]}},{"type":"Feature","properties":{"axis":"N","value":5246000,"spacing":1000,"datum":"gda2020"},"geometry":{"type":"LineString","coordinates":[[147.257385,-42.9383425],[147.2696413,-42.9383142],[147.2818976,-42.9382847],[147.2941539,-42.9382539],[147.3064101,-42.9382217],[147.3186664,-42.9381883],[147.3309226,-42.9381535],[147.3431787,-42.9381174],[147.3554349,-42.93808],[147.367691,-42.9380413],[147.3799471,-42.9380013],[147.3922032,-42.9379599],[147.4044593,-42.9379173]]}},{"type":"Feature","properties":{"axis":"N","value":5247000,"spacing":1000,"datum":"gda2020"},"geometry":{"type":"LineString","coordinates":[[147.2573475,-42.9293374],[147.2696021,-42.9293092],[147.2818566,-42.9292796],[147.294111,-42.9292488],[147.3063655,-42.9292167],[147.3186199,-42.9291832],[147.3308743,-42.9291485],[147.3431287,-42.9291124],[147.3553831,-42.929075],[147.3676375,-42.9290363],[147.3798918,-42.9289963],[147.3921461,-42.928955],[147.4044003,-42.9289123]]}},{"type":"Feature","properties":{"axis":"N","value":5248000,"spacing":1000,"datum":"gda2020"},"geometry":{"type":"LineString","coordinates":[[147.2573101,-42.9203322],[147.2695628,-42.920304],[147.2818155,-42.9202745],[147.2940682,-42.9202437],[147.3063209,-42.9202116],[147.3185735,-42.9201781],[147.3308262,-42.9201434],[147.3430788,-42.9201073],[147.3553314,-42.92007],[147.3675839,-42.9200313],[147.3798365,-42.9199913],[147.392089,-42.91995],[147.4043415,-42.9199073]]}},{"type":"Feature","properties":{"axis":"N","value":5249000,"spacing":1000,"datum":"gda2020"},"geometry":{"type":"LineString","coordinates":[[147.2572726,-42.9113271],[147.2695235,-42.9112989],[147.2817745,-42.9112694],[147.2940254,-42.9112386],[147.3062763,-42.9112065],[147.3185271,-42.9111731],[147.330778,-42.9111383],[147.3430288,-42.9111023],[147.3552796,-42.9110649],[147.3675304,-42.9110262],[147.3797812,-42.9109862],[147.3920319,-42.910945],[147.4042826,-42.9109023]]}},{"type":"Feature","properties":{"axis":"N","value":5250000,"spacing":1000,"datum":"gda2020"},"geometry":{"type":"LineString","coordinates":[[147.2572352,-42.902322],[147.2694843,-42.9022938],[147.2817335,-42.9022643],[147.2939826,-42.9022335],[147.3062317,-42.9022014],[147.3184808,-42.902168],[147.3307298,-42.9021332],[147.3429789,-42.9020972],[147.3552279,-42.9020598],[147.3674769,-42.9020212],[147.3797259,-42.9019812],[147.3919748,-42.9019399],[147.4042237,-42.9018973]]}},{"type":"Feature","properties":{"axis":"N","value":5251000,"spacing":1000,"datum":"gda2020"},"geometry":{"type":"LineString","coordinates":[[147.2571977,-42.8933168],[147.2694451,-42.8932886],[147.2816925,-42.8932592],[147.2939398,-42.8932284],[147.3061871,-42.8931963],[147.3184344,-42.8931629],[147.3306817,-42.8931281],[147.342929,-42.8930921],[147.3551762,-42.8930548],[147.3674234,-42.8930161],[147.3796706,-42.8929762],[147.3919178,-42.8929349],[147.4041649,-42.8928923]]}},{"type":"Feature","properties":{"axis":"N","value":5252000,"spacing":1000,"datum":"gda2020"},"geometry":{"type":"LineString","coordinates":[[147.2571603,-42.8843116],[147.2694059,-42.8842835],[147.2816515,-42.884254],[147.2938971,-42.8842232],[147.3061426,-42.8841911],[147.3183881,-42.8841577],[147.3306336,-42.884123],[147.3428791,-42.884087],[147.3551246,-42.8840497],[147.36737,-42.884011],[147.3796154,-42.8839711],[147.3918608,-42.8839298],[147.4041061,-42.8838873]]}},{"type":"Feature","properties":{"axis":"N","value":5253000,"spacing":1000,"datum":"gda2020"},"geometry":{"type":"LineString","coordinates":[[147.2571229,-42.8753064],[147.2693667,-42.8752783],[147.2816105,-42.8752488],[147.2938543,-42.8752181],[147.3060981,-42.875186],[147.3183418,-42.8751526],[147.3305855,-42.8751179],[147.3428292,-42.8750819],[147.3550729,-42.8750446],[147.3673166,-42.8750059],[147.3795602,-42.874966],[147.3918038,-42.8749248],[147.4040474,-42.8748822]]}},{"type":"Feature","properties":{"axis":"N","value":5254000,"spacing":1000,"datum":"gda2020"},"geometry":{"type":"LineString","coordinates":[[147.2570855,-42.8663012],[147.2693276,-42.8662731],[147.2815696,-42.8662436],[147.2938116,-42.8662129],[147.3060536,-42.8661808],[147.3182955,-42.8661474],[147.3305375,-42.8661127],[147.3427794,-42.8660767],[147.3550213,-42.8660394],[147.3672632,-42.8660008],[147.379505,-42.8659609],[147.3917468,-42.8659197],[147.4039886,-42.8658771]]}},{"type":"Feature","properties":{"axis":"N","value":5255000,"spacing":1000,"datum":"gda2020"},"geometry":{"type":"LineString","coordinates":[[147.2570482,-42.857296],[147.2692884,-42.8572679],[147.2815287,-42.8572384],[147.2937689,-42.8572077],[147.3060091,-42.8571756],[147.3182493,-42.8571423],[147.3304895,-42.8571076],[147.3427296,-42.8570716],[147.3549697,-42.8570343],[147.3672098,-42.8569957],[147.3794499,-42.8569558],[147.3916899,-42.8569146],[147.4039299,-42.856872]]}},{"type":"Feature","properties":{"axis":"N","value":5256000,"spacing":1000,"datum":"gda2020"},"geometry":{"type":"LineString","coordinates":[[147.2570108,-42.8482908],[147.2692493,-42.8482627],[147.2814878,-42.8482332],[147.2937262,-42.8482025],[147.3059647,-42.8481704],[147.3182031,-42.8481371],[147.3304414,-42.8481024],[147.3426798,-42.8480664],[147.3549181,-42.8480292],[147.3671565,-42.8479906],[147.3793948,-42.8479507],[147.391633,-42.8479095],[147.4038713,-42.8478669]]}},{"type":"Feature","properties":{"axis":"N","value":5257000,"spacing":1000,"datum":"gda2020"},"geometry":{"type":"LineString","coordinates":[[147.2569735,-42.8392855],[147.2692102,-42.8392574],[147.2814469,-42.839228],[147.2936836,-42.8391973],[147.3059202,-42.8391652],[147.3181568,-42.8391319],[147.3303935,-42.8390972],[147.34263,-42.8390613],[147.3548666,-42.839024],[147.3671031,-42.8389854],[147.3793397,-42.8389455],[147.3915761,-42.8389043],[147.4038126,-42.8388618]]}},{"type":"Feature","properties":{"axis":"N","value":5258000,"spacing":1000,"datum":"gda2020"},"geometry":{"type":"LineString","coordinates":[[147.2569362,-42.8302803],[147.2691711,-42.8302522],[147.281406,-42.8302228],[147.2936409,-42.830192],[147.3058758,-42.83016],[147.3181107,-42.8301267],[147.3303455,-42.830092],[147.3425803,-42.8300561],[147.3548151,-42.8300188],[147.3670498,-42.8299802],[147.3792846,-42.8299404],[147.3915193,-42.8298992],[147.403754,-42.8298567]]}},{"type":"Feature","properties":{"axis":"E","value":521100,"spacing":100,"datum":"gda2020"},"geometry":{"type":"LineString","coordinates":[[147.2586107,-42.9383397],[147.258573,-42.9293346],[147.2585353,-42.9203295],[147.2584977,-42.9113243],[147.2584601,-42.9023192],[147.2584225,-42.893314],[147.2583849,-42.8843089],[147.2583473,-42.8753037],[147.2583097,-42.8662985],[147.2582722,-42.8572933],[147.2582347,-42.848288],[147.2581972,-42.8392828],[147.2581597,-42.8302775]]}},{"type":"Feature","properties":{"axis":"E","value":521200,"spacing":100,"datum":"gda2020"},"geometry":{"type":"LineString","coordinates":[[147.2598363,-42.9383369],[147.2597984,-42.9293318],[147.2597606,-42.9203267],[147.2597228,-42.9113216],[147.259685,-42.9023164],[147.2596472,-42.8933113],[147.2596094,-42.8843061],[147.2595717,-42.8753009],[147.2595339,-42.8662957],[147.2594962,-42.8572905],[147.2594585,-42.8482853],[147.2594209,-42.83928],[147.2593832,-42.8302748]]}},{"type":"Feature","properties":{"axis":"E","value":521300,"spacing":100,"datum":"gda2020"},"geometry":{"type":"LineString","coordinates":[[147.2610619,-42.9383341],[147.2610239,-42.929329],[147.2609859,-42.9203239],[147.2609479,-42.9113188],[147.2609099,-42.9023136],[147.2608719,-42.8933085],[147.260834,-42.8843033],[147.2607961,-42.8752981],[147.2607582,-42.8662929],[147.2607203,-42.8572877],[147.2606824,-42.8482825],[147.2606445,-42.8392772],[147.2606067,-42.830272]]}},{"type":"Feature","properties":{"axis":"E","value":521400,"spacing":100,"datum":"gda2020"},"geometry":{"type":"LineString","coordinates":[[147.2622876,-42.9383313],[147.2622493,-42.9293262],[147.2622112,-42.9203211],[147.262173,-42.911316],[147.2621348,-42.9023108],[147.2620967,-42.8933057],[147.2620586,-42.8843005],[147.2620204,-42.8752953],[147.2619824,-42.8662901],[147.2619443,-42.8572849],[147.2619062,-42.8482797],[147.2618682,-42.8392744],[147.2618302,-42.8302692]]}},{"type":"Feature","properties":{"axis":"E","value":521500,"spacing":100,"datum":"gda2020"},"geometry":{"type":"LineString","coordinates":[[147.2635132,-42.9383285],[147.2634748,-42.9293234],[147.2634364,-42.9203183],[147.2633981,-42.9113132],[147.2633597,-42.902308],[147.2633214,-42.8933029],[147.2632831,-42.8842977],[147.2632448,-42.8752925],[147.2632066,-42.8662873],[147.2631683,-42.8572821],[147.2631301,-42.8482769],[147.2630919,-42.8392716],[147.2630537,-42.8302664]]}},{"type":"Feature","properties":{"axis":"E","value":521600,"spacing":100,"datum":"gda2020"},"geometry":{"type":"LineString","coordinates":[[147.2647388,-42.9383257],[147.2647003,-42.9293206],[147.2646617,-42.9203155],[147.2646232,-42.9113104],[147.2645847,-42.9023052],[147.2645462,-42.8933001],[147.2645077,-42.8842949],[147.2644692,-42.8752897],[147.2644308,-42.8662845],[147.2643923,-42.8572793],[147.2643539,-42.8482741],[147.2643155,-42.8392688],[147.2642772,-42.8302636]]}},{"type":"Feature","properties":{"axis":"E","value":521700,"spacing":100,"datum":"gda2020"},"geometry":{"type":"LineString","coordinates":[[147.2659644,-42.9383229],[147.2659257,-42.9293178],[147.265887,-42.9203126],[147.2658483,-42.9113075],[147.2658096,-42.9023024],[147.2657709,-42.8932972],[147.2657322,-42.884292],[147.2656936,-42.8752869],[147.265655,-42.8662817],[147.2656164,-42.8572765],[147.2655778,-42.8482712],[147.2655392,-42.839266],[147.2655007,-42.8302607]]}},{"type":"Feature","properties":{"axis":"E","value":521800,"spacing":100,"datum":"gda2020"},"geometry":{"type":"LineString","coordinates":[[147.2671901,-42.93832],[147.2671512,-42.9293149],[147.2671122,-42.9203098],[147.2670734,-42.9113047],[147.2670345,-42.9022995],[147.2669956,-42.8932944],[147.2669568,-42.8842892],[147.266918,-42.875284],[147.2668792,-42.8662788],[147.2668404,-42.8572736],[147.2668016,-42.8482684],[147.2667629,-42.8392631],[147.2667241,-42.8302579]]}},{"type":"Feature","properties":{"axis":"E","value":521900,"spacing":100,"datum":"gda2020"},"geometry":{"type":"LineString","coordinates":[[147.2684157,-42.9383171],[147.2683766,-42.929312],[147.2683375,-42.9203069],[147.2682984,-42.9113018],[147.2682594,-42.9022967],[147.2682204,-42.8932915],[147.2681814,-42.8842863],[147.2681424,-42.8752812],[147.2681034,-42.866276],[147.2680644,-42.8572708],[147.2680255,-42.8482655],[147.2679865,-42.8392603],[147.2679476,-42.830255]]}},{"type":"Feature","properties":{"axis":"E","value":522100,"spacing":100,"datum":"gda2020"},"geometry":{"type":"LineString","coordinates":[[147.270867,-42.9383114],[147.2708275,-42.9293063],[147.2707881,-42.9203012],[147.2707486,-42.911296],[147.2707092,-42.9022909],[147.2706698,-42.8932857],[147.2706305,-42.8842806],[147.2705911,-42.8752754],[147.2705518,-42.8662702],[147.2705125,-42.857265],[147.2704732,-42.8482598],[147.2704339,-42.8392545],[147.2703946,-42.8302493]]}},{"type":"Feature","properties":{"axis":"E","value":522200,"spacing":100,"datum":"gda2020"},"geometry":{"type":"LineString","coordinates":[[147.2720926,-42.9383084],[147.272053,-42.9293034],[147.2720133,-42.9202982],[147.2719737,-42.9112931],[147.2719341,-42.902288],[147.2718946,-42.8932828],[147.271855,-42.8842777],[147.2718155,-42.8752725],[147.271776,-42.8662673],[147.2717365,-42.8572621],[147.271697,-42.8482569],[147.2716576,-42.8392516],[147.2716181,-42.8302464]]}},{"type":"Feature","properties":{"axis":"E","value":522300,"spacing":100,"datum":"gda2020"},"geometry":{"type":"LineString","coordinates":[[147.2733182,-42.9383055],[147.2732784,-42.9293004],[147.2732386,-42.9202953],[147.2731988,-42.9112902],[147.2731591,-42.9022851],[147.2731193,-42.8932799],[147.2730796,-42.8842748],[147.2730399,-42.8752696],[147.2730002,-42.8662644],[147.2729605,-42.8572592],[147.2729209,-42.848254],[147.2728812,-42.8392487],[147.2728416,-42.8302435]]}},{"type":"Feature","properties":{"axis":"E","value":522400,"spacing":100,"datum":"gda2020"},"geometry":{"type":"LineString","coordinates":[[147.2745439,-42.9383026],[147.2745039,-42.9292975],[147.2744639,-42.9202924],[147.2744239,-42.9112873],[147.274384,-42.9022821],[147.2743441,-42.893277],[147.2743041,-42.8842718],[147.2742643,-42.8752667],[147.2742244,-42.8662615],[147.2741845,-42.8572563],[147.2741447,-42.848251],[147.2741049,-42.8392458],[147.2740651,-42.8302406]]}},{"type":"Feature","properties":{"axis":"E","value":522500,"spacing":100,"datum":"gda2020"},"geometry":{"type":"LineString","coordinates":[[147.2757695,-42.9382997],[147.2757293,-42.9292946],[147.2756891,-42.9202895],[147.275649,-42.9112843],[147.2756089,-42.9022792],[147.2755688,-42.8932741],[147.2755287,-42.8842689],[147.2754886,-42.8752637],[147.2754486,-42.8662585],[147.2754086,-42.8572533],[147.2753686,-42.8482481],[147.2753286,-42.8392429],[147.2752886,-42.8302376]]}},{"type":"Feature","properties":{"axis":"E","value":522600,"spacing":100,"datum":"gda2020"},"geometry":{"type":"LineString","coordinates":[[147.2769951,-42.9382967],[147.2769548,-42.9292916],[147.2769144,-42.9202865],[147.2768741,-42.9112814],[147.2768338,-42.9022762],[147.2767935,-42.8932711],[147.2767533,-42.8842659],[147.276713,-42.8752608],[147.2766728,-42.8662556],[147.2766326,-42.8572504],[147.2765924,-42.8482452],[147.2765522,-42.8392399],[147.2765121,-42.8302347]]}},{"type":"Feature","properties":{"axis":"E","value":522700,"spacing":100,"datum":"gda2020"},"geometry":{"type":"LineString","coordinates":[[147.2782207,-42.9382937],[147.2781802,-42.9292886],[147.2781397,-42.9202835],[147.2780992,-42.9112784],[147.2780587,-42.9022733],[147.2780183,-42.8932681],[147.2779778,-42.884263],[147.2779374,-42.8752578],[147.277897,-42.8662526],[147.2778566,-42.8572474],[147.2778162,-42.8482422],[147.2777759,-42.839237],[147.2777356,-42.8302317]]}},{"type":"Feature","properties":{"axis":"E","value":522800,"spacing":100,"datum":"gda2020"},"geometry":{"type":"LineString","coordinates":[[147.2794464,-42.9382907],[147.2794057,-42.9292856],[147.279365,-42.9202805],[147.2793243,-42.9112754],[147.2792836,-42.9022703],[147.279243,-42.8932652],[147.2792024,-42.88426],[147.2791618,-42.8752548],[147.2791212,-42.8662496],[147.2790806,-42.8572444],[147.2790401,-42.8482392],[147.2789996,-42.839234],[147.2789591,-42.8302287]]}},{"type":"Feature","properties":{"axis":"E","value":522900,"spacing":100,"datum":"gda2020"},"geometry":{"type":"LineString","coordinates":[[147.280672,-42.9382877],[147.2806311,-42.9292826],[147.2805902,-42.9202775],[147.2805494,-42.9112724],[147.2805085,-42.9022673],[147.2804677,-42.8932622],[147.2804269,-42.884257],[147.2803862,-42.8752518],[147.2803454,-42.8662466],[147.2803047,-42.8572414],[147.2802639,-42.8482362],[147.2802232,-42.839231],[147.2801826,-42.8302258]]}},{"type":"Feature","properties":{"axis":"E","value":523100,"spacing":100,"datum":"gda2020"},"geometry":{"type":"LineString","coordinates":[[147.2831232,-42.9382817],[147.283082,-42.9292766],[147.2830408,-42.9202715],[147.2829996,-42.9112664],[147.2829584,-42.9022613],[147.2829172,-42.8932561],[147.282876,-42.884251],[147.2828349,-42.8752458],[147.2827938,-42.8662406],[147.2827527,-42.8572354],[147.2827116,-42.8482302],[147.2826706,-42.839225],[147.2826295,-42.8302197]]}},{"type":"Feature","properties":{"axis":"E","value":523200,"spacing":100,"datum":"gda2020"},"geometry":{"type":"LineString","coordinates":[[147.2843489,-42.9382787],[147.2843074,-42.9292736],[147.284266,-42.9202685],[147.2842247,-42.9112634],[147.2841833,-42.9022582],[147.2841419,-42.8932531],[147.2841006,-42.8842479],[147.2840593,-42.8752428],[147.284018,-42.8662376],[147.2839767,-42.8572324],[147.2839355,-42.8482272],[147.2838942,-42.839222],[147.283853,-42.8302167]]}},{"type":"Feature","properties":{"axis":"E","value":523300,"spacing":100,"datum":"gda2020"},"geometry":{"type":"LineString","coordinates":[[147.2855745,-42.9382756],[147.2855329,-42.9292705],[147.2854913,-42.9202654],[147.2854497,-42.9112603],[147.2854082,-42.9022552],[147.2853667,-42.8932501],[147.2853252,-42.8842449],[147.2852837,-42.8752397],[147.2852422,-42.8662345],[147.2852008,-42.8572293],[147.2851593,-42.8482241],[147.2851179,-42.8392189],[147.2850765,-42.8302137]]}},{"type":"Feature","properties":{"axis":"E","value":523400,"spacing":100,"datum":"gda2020"},"geometry":{"type":"LineString","coordinates":[[147.2868001,-42.9382725],[147.2867583,-42.9292675],[147.2867166,-42.9202624],[147.2866748,-42.9112573],[147.2866331,-42.9022521],[147.2865914,-42.893247],[147.2865497,-42.8842418],[147.2865081,-42.8752367],[147.2864664,-42.8662315],[147.2864248,-42.8572263],[147.2863832,-42.8482211],[147.2863416,-42.8392159],[147.2863,-42.8302106]]}},{"type":"Feature","properties":{"axis":"E","value":523500,"spacing":100,"datum":"gda2020"},"geometry":{"type":"LineString","coordinates":[[147.2880258,-42.9382695],[147.2879838,-42.9292644],[147.2879419,-42.9202593],[147.2878999,-42.9112542],[147.287858,-42.9022491],[147.2878161,-42.8932439],[147.2877743,-42.8842388],[147.2877324,-42.8752336],[147.2876906,-42.8662284],[147.2876488,-42.8572232],[147.287607,-42.848218],[147.2875652,-42.8392128],[147.2875235,-42.8302076]]}},{"type":"Feature","properties":{"axis":"E","value":523600,"spacing":100,"datum":"gda2020"},"geometry":{"type":"LineString","coordinates":[[147.2892514,-42.9382664],[147.2892092,-42.9292613],[147.2891671,-42.9202562],[147.289125,-42.9112511],[147.2890829,-42.902246],[147.2890409,-42.8932408],[147.2889988,-42.8842357],[147.2889568,-42.8752305],[147.2889148,-42.8662253],[147.2888728,-42.8572201],[147.2888309,-42.8482149],[147.2887889,-42.8392097],[147.288747,-42.8302045]]}},{"type":"Feature","properties":{"axis":"E","value":523700,"spacing":100,"datum":"gda2020"},"geometry":{"type":"LineString","coordinates":[[147.290477,-42.9382633],[147.2904347,-42.9292582],[147.2903924,-42.9202531],[147.2903501,-42.911248],[147.2903078,-42.9022429],[147.2902656,-42.8932377],[147.2902234,-42.8842326],[147.2901812,-42.8752274],[147.290139,-42.8662222],[147.2900968,-42.857217],[147.2900547,-42.8482118],[147.2900126,-42.8392066],[147.2899705,-42.8302014]]}},{"type":"Feature","properties":{"axis":"E","value":523800,"spacing":100,"datum":"gda2020"},"geometry":{"type":"LineString","coordinates":[[147.2917026,-42.9382602],[147.2916601,-42.9292551],[147.2916177,-42.92025],[147.2915752,-42.9112449],[147.2915328,-42.9022398],[147.2914903,-42.8932346],[147.2914479,-42.8842295],[147.2914056,-42.8752243],[147.2913632,-42.8662191],[147.2913209,-42.8572139],[147.2912785,-42.8482087],[147.2912362,-42.8392035],[147.291194,-42.8301983]]}},{"type":"Feature","properties":{"axis":"E","value":523900,"spacing":100,"datum":"gda2020"},"geometry":{"type":"LineString","coordinates":[[147.2929283,-42.938257],[147.2928856,-42.929252],[147.2928429,-42.9202469],[147.2928003,-42.9112418],[147.2927577,-42.9022366],[147.2927151,-42.8932315],[147.2926725,-42.8842264],[147.2926299,-42.8752212],[147.2925874,-42.866216],[147.2925449,-42.8572108],[147.2925024,-42.8482056],[147.2924599,-42.8392004],[147.2924174,-42.8301952]]}},{"type":"Feature","properties":{"axis":"E","value":524100,"spacing":100,"datum":"gda2020"},"geometry":{"type":"LineString","coordinates":[[147.2953795,-42.9382507],[147.2953365,-42.9292457],[147.2952935,-42.9202406],[147.2952505,-42.9112355],[147.2952075,-42.9022303],[147.2951645,-42.8932252],[147.2951216,-42.8842201],[147.2950787,-42.8752149],[147.2950358,-42.8662097],[147.2949929,-42.8572045],[147.2949501,-42.8481993],[147.2949072,-42.8391941],[147.2948644,-42.8301889]]}},{"type":"Feature","properties":{"axis":"E","value":524200,"spacing":100,"datum":"gda2020"},"geometry":{"type":"LineString","coordinates":[[147.2966051,-42.9382476],[147.2965619,-42.9292425],[147.2965187,-42.9202374],[147.2964756,-42.9112323],[147.2964324,-42.9022272],[147.2963893,-42.893222],[147.2963462,-42.8842169],[147.2963031,-42.8752117],[147.29626,-42.8662066],[147.2962169,-42.8572014],[147.2961739,-42.8481962],[147.2961309,-42.839191],[147.2960879,-42.8301857]]}},{"type":"Feature","properties":{"axis":"E","value":524300,"spacing":100,"datum":"gda2020"},"geometry":{"type":"LineString","coordinates":[[147.2978308,-42.9382444],[147.2977874,-42.9292393],[147.297744,-42.9202342],[147.2977006,-42.9112291],[147.2976573,-42.902224],[147.297614,-42.8932189],[147.2975707,-42.8842137],[147.2975274,-42.8752086],[147.2974842,-42.8662034],[147.297441,-42.8571982],[147.2973978,-42.848193],[147.2973546,-42.8391878],[147.2973114,-42.8301826]]}},{"type":"Feature","properties":{"axis":"E","value":524400,"spacing":100,"datum":"gda2020"},"geometry":{"type":"LineString","coordinates":[[147.2990564,-42.9382412],[147.2990128,-42.9292361],[147.2989693,-42.920231],[147.2989257,-42.9112259],[147.2988822,-42.9022208],[147.2988387,-42.8932157],[147.2987953,-42.8842105],[147.2987518,-42.8752054],[147.2987084,-42.8662002],[147.298665,-42.857195],[147.2986216,-42.8481898],[147.2985782,-42.8391846],[147.2985349,-42.8301794]]}},{"type":"Feature","properties":{"axis":"E","value":524500,"spacing":100,"datum":"gda2020"},"geometry":{"type":"LineString","coordinates":[[147.300282,-42.938238],[147.3002383,-42.9292329],[147.3001945,-42.9202278],[147.3001508,-42.9112227],[147.3001071,-42.9022176],[147.3000635,-42.8932125],[147.3000198,-42.8842073],[147.2999762,-42.8752022],[147.2999326,-42.866197],[147.299889,-42.8571918],[147.2998454,-42.8481866],[147.2998019,-42.8391814],[147.2997584,-42.8301762]]}},{"type":"Feature","properties":{"axis":"E","value":524600,"spacing":100,"datum":"gda2020"},"geometry":{"type":"LineString","coordinates":[[147.3015076,-42.9382348],[147.3014637,-42.9292297],[147.3014198,-42.9202246],[147.3013759,-42.9112195],[147.3013321,-42.9022144],[147.3012882,-42.8932093],[147.3012444,-42.8842041],[147.3012006,-42.875199],[147.3011568,-42.8661938],[147.301113,-42.8571886],[147.3010693,-42.8481834],[147.3010256,-42.8391782],[147.3009819,-42.830173]]}},{"type":"Feature","properties":{"axis":"E","value":524700,"spacing":100,"datum":"gda2020"},"geometry":{"type":"LineString","coordinates":[[147.3027333,-42.9382315],[147.3026892,-42.9292265],[147.3026451,-42.9202214],[147.302601,-42.9112163],[147.302557,-42.9022112],[147.3025129,-42.893206],[147.3024689,-42.8842009],[147.302425,-42.8751957],[147.302381,-42.8661906],[147.302337,-42.8571854],[147.3022931,-42.8481802],[147.3022492,-42.839175],[147.3022053,-42.8301697]]}},{"type":"Feature","properties":{"axis":"E","value":524800,"spacing":100,"datum":"gda2020"},"geometry":{"type":"LineString","coordinates":[[147.3039589,-42.9382283],[147.3039146,-42.9292232],[147.3038703,-42.9202181],[147.3038261,-42.911213],[147.3037819,-42.9022079],[147.3037377,-42.8932028],[147.3036935,-42.8841976],[147.3036493,-42.8751925],[147.3036052,-42.8661873],[147.3035611,-42.8571821],[147.303517,-42.8481769],[147.3034729,-42.8391717],[147.3034288,-42.8301665]]}},{"type":"Feature","properties":{"axis":"E","value":524900,"spacing":100,"datum":"gda2020"},"geometry":{"type":"LineString","coordinates":[[147.3051845,-42.938225],[147.30514,-42.9292199],[147.3050956,-42.9202149],[147.3050512,-42.9112098],[147.3050068,-42.9022047],[147.3049624,-42.8931995],[147.304918,-42.8841944],[147.3048737,-42.8751892],[147.3048294,-42.8661841],[147.3047851,-42.8571789],[147.3047408,-42.8481737],[147.3046966,-42.8391685],[147.3046523,-42.8301633]]}},{"type":"Feature","properties":{"axis":"E","value":525100,"spacing":100,"datum":"gda2020"},"geometry":{"type":"LineString","coordinates":[[147.3076358,-42.9382184],[147.3075909,-42.9292134],[147.3075461,-42.9202083],[147.3075014,-42.9112032],[147.3074566,-42.9021981],[147.3074119,-42.893193],[147.3073672,-42.8841878],[147.3073225,-42.8751827],[147.3072778,-42.8661775],[147.3072331,-42.8571723],[147.3071885,-42.8481672],[147.3071439,-42.8391619],[147.3070993,-42.8301567]]}},{"type":"Feature","properties":{"axis":"E","value":525200,"spacing":100,"datum":"gda2020"},"geometry":{"type":"LineString","coordinates":[[147.3088614,-42.9382151],[147.3088164,-42.9292101],[147.3087714,-42.920205],[147.3087264,-42.9111999],[147.3086815,-42.9021948],[147.3086366,-42.8931897],[147.3085917,-42.8841845],[147.3085468,-42.8751794],[147.308502,-42.8661742],[147.3084571,-42.8571691],[147.3084123,-42.8481639],[147.3083675,-42.8391587],[147.3083228,-42.8301534]]}},{"type":"Feature","properties":{"axis":"E","value":525300,"spacing":100,"datum":"gda2020"},"geometry":{"type":"LineString","coordinates":[[147.310087,-42.9382118],[147.3100418,-42.9292068],[147.3099967,-42.9202017],[147.3099515,-42.9111966],[147.3099064,-42.9021915],[147.3098613,-42.8931864],[147.3098163,-42.8841812],[147.3097712,-42.8751761],[147.3097262,-42.8661709],[147.3096812,-42.8571658],[147.3096362,-42.8481606],[147.3095912,-42.8391554],[147.3095463,-42.8301501]]}},{"type":"Feature","properties":{"axis":"E","value":525400,"spacing":100,"datum":"gda2020"},"geometry":{"type":"LineString","coordinates":[[147.3113126,-42.9382085],[147.3112673,-42.9292034],[147.3112219,-42.9201984],[147.3111766,-42.9111933],[147.3111313,-42.9021882],[147.3110861,-42.8931831],[147.3110408,-42.8841779],[147.3109956,-42.8751728],[147.3109504,-42.8661676],[147.3109052,-42.8571624],[147.31086,-42.8481572],[147.3108149,-42.839152],[147.3107697,-42.8301468]]}},{"type":"Feature","properties":{"axis":"E","value":525500,"spacing":100,"datum":"gda2020"},"geometry":{"type":"LineString","coordinates":[[147.3125382,-42.9382052],[147.3124927,-42.9292001],[147.3124472,-42.920195],[147.3124017,-42.9111899],[147.3123562,-42.9021848],[147.3123108,-42.8931797],[147.3122654,-42.8841746],[147.31222,-42.8751694],[147.3121746,-42.8661643],[147.3121292,-42.8571591],[147.3120839,-42.8481539],[147.3120385,-42.8391487],[147.3119932,-42.8301435]]}},{"type":"Feature","properties":{"axis":"E","value":525600,"spacing":100,"datum":"gda2020"},"geometry":{"type":"LineString","coordinates":[[147.3137639,-42.9382018],[147.3137182,-42.9291968],[147.3136725,-42.9201917],[147.3136268,-42.9111866],[147.3135811,-42.9021815],[147.3135355,-42.8931764],[147.3134899,-42.8841712],[147.3134443,-42.8751661],[147.3133988,-42.8661609],[147.3133532,-42.8571558],[147.3133077,-42.8481506],[147.3132622,-42.8391454],[147.3132167,-42.8301402]]}},{"type":"Feature","properties":{"axis":"E","value":525700,"spacing":100,"datum":"gda2020"},"geometry":{"type":"LineString","coordinates":[[147.3149895,-42.9381985],[147.3149436,-42.9291934],[147.3148977,-42.9201883],[147.3148519,-42.9111832],[147.3148061,-42.9021781],[147.3147602,-42.893173],[147.3147145,-42.8841679],[147.3146687,-42.8751627],[147.314623,-42.8661576],[147.3145772,-42.8571524],[147.3145315,-42.8481472],[147.3144859,-42.839142],[147.3144402,-42.8301368]]}},{"type":"Feature","properties":{"axis":"E","value":525800,"spacing":100,"datum":"gda2020"},"geometry":{"type":"LineString","coordinates":[[147.3162151,-42.9381951],[147.316169,-42.92919],[147.316123,-42.9201849],[147.316077,-42.9111799],[147.316031,-42.9021748],[147.315985,-42.8931696],[147.315939,-42.8841645],[147.3158931,-42.8751594],[147.3158472,-42.8661542],[147.3158013,-42.857149],[147.3157554,-42.8481439],[147.3157095,-42.8391387],[147.3156637,-42.8301334]]}},{"type":"Feature","properties":{"axis":"E","value":525900,"spacing":100,"datum":"gda2020"},"geometry":{"type":"LineString","coordinates":[[147.3174407,-42.9381917],[147.3173945,-42.9291866],[147.3173483,-42.9201816],[147.3173021,-42.9111765],[147.3172559,-42.9021714],[147.3172097,-42.8931663],[147.3171636,-42.8841611],[147.3171174,-42.875156],[147.3170714,-42.8661508],[147.3170253,-42.8571457],[147.3169792,-42.8481405],[147.3169332,-42.8391353],[147.3168872,-42.8301301]]}},{"type":"Feature","properties":{"axis":"E","value":526100,"spacing":100,"datum":"gda2020"},"geometry":{"type":"LineString","coordinates":[[147.319892,-42.9381849],[147.3198454,-42.9291798],[147.3197988,-42.9201747],[147.3197522,-42.9111696],[147.3197057,-42.9021646],[147.3196592,-42.8931594],[147.3196127,-42.8841543],[147.3195662,-42.8751492],[147.3195197,-42.866144],[147.3194733,-42.8571389],[147.3194269,-42.8481337],[147.3193805,-42.8391285],[147.3193341,-42.8301233]]}},{"type":"Feature","properties":{"axis":"E","value":526200,"spacing":100,"datum":"gda2020"},"geometry":{"type":"LineString","coordinates":[[147.3211176,-42.9381814],[147.3210708,-42.9291764],[147.3210241,-42.9201713],[147.3209773,-42.9111662],[147.3209306,-42.9021611],[147.3208839,-42.893156],[147.3208372,-42.8841509],[147.3207906,-42.8751457],[147.3207439,-42.8661406],[147.3206973,-42.8571354],[147.3206507,-42.8481302],[147.3206042,-42.839125],[147.3205576,-42.8301198]]}},{"type":"Feature","properties":{"axis":"E","value":526300,"spacing":100,"datum":"gda2020"},"geometry":{"type":"LineString","coordinates":[[147.3223432,-42.938178],[147.3222963,-42.9291729],[147.3222493,-42.9201679],[147.3222024,-42.9111628],[147.3221555,-42.9021577],[147.3221086,-42.8931526],[147.3220618,-42.8841475],[147.3220149,-42.8751423],[147.3219681,-42.8661372],[147.3219213,-42.857132],[147.3218746,-42.8481268],[147.3218278,-42.8391216],[147.3217811,-42.8301164]]}},{"type":"Feature","properties":{"axis":"E","value":526400,"spacing":100,"datum":"gda2020"},"geometry":{"type":"LineString","coordinates":[[147.3235688,-42.9381745],[147.3235217,-42.9291695],[147.3234746,-42.9201644],[147.3234275,-42.9111593],[147.3233804,-42.9021542],[147.3233334,-42.8931491],[147.3232863,-42.884144],[147.3232393,-42.8751389],[147.3231923,-42.8661337],[147.3231454,-42.8571285],[147.3230984,-42.8481234],[147.3230515,-42.8391182],[147.3230046,-42.830113]]}},{"type":"Feature","properties":{"axis":"E","value":526500,"spacing":100,"datum":"gda2020"},"geometry":{"type":"LineString","coordinates":[[147.3247945,-42.9381711],[147.3247471,-42.929166],[147.3246998,-42.9201609],[147.3246526,-42.9111559],[147.3246053,-42.9021508],[147.3245581,-42.8931457],[147.3245109,-42.8841405],[147.3244637,-42.8751354],[147.3244165,-42.8661302],[147.3243694,-42.8571251],[147.3243223,-42.8481199],[147.3242752,-42.8391147],[147.3242281,-42.8301095]]}},{"type":"Feature","properties":{"axis":"E","value":526600,"spacing":100,"datum":"gda2020"},"geometry":{"type":"LineString","coordinates":[[147.3260201,-42.9381676],[147.3259726,-42.9291625],[147.3259251,-42.9201575],[147.3258777,-42.9111524],[147.3258302,-42.9021473],[147.3257828,-42.8931422],[147.3257354,-42.8841371],[147.3256881,-42.8751319],[147.3256407,-42.8661268],[147.3255934,-42.8571216],[147.3255461,-42.8481164],[147.3254988,-42.8391112],[147.3254516,-42.830106]]}},{"type":"Feature","properties":{"axis":"E","value":526700,"spacing":100,"datum":"gda2020"},"geometry":{"type":"LineString","coordinates":[[147.3272457,-42.9381641],[147.327198,-42.929159],[147.3271504,-42.920154],[147.3271027,-42.9111489],[147.3270551,-42.9021438],[147.3270075,-42.8931387],[147.32696,-42.8841336],[147.3269124,-42.8751284],[147.3268649,-42.8661233],[147.3268174,-42.8571181],[147.3267699,-42.8481129],[147.3267225,-42.8391078],[147.326675,-42.8301026]]}},{"type":"Feature","properties":{"axis":"E","value":526800,"spacing":100,"datum":"gda2020"},"geometry":{"type":"LineString","coordinates":[[147.3284713,-42.9381606],[147.3284235,-42.9291555],[147.3283756,-42.9201505],[147.3283278,-42.9111454],[147.32828,-42.9021403],[147.3282323,-42.8931352],[147.3281845,-42.8841301],[147.3281368,-42.8751249],[147.3280891,-42.8661198],[147.3280414,-42.8571146],[147.3279938,-42.8481094],[147.3279461,-42.8391043],[147.3278985,-42.8300991]]}},{"type":"Feature","properties":{"axis":"E","value":526900,"spacing":100,"datum":"gda2020"},"geometry":{"type":"LineString","coordinates":[[147.3296969,-42.938157],[147.3296489,-42.929152],[147.3296009,-42.9201469],[147.3295529,-42.9111419],[147.3295049,-42.9021368],[147.329457,-42.8931317],[147.3294091,-42.8841265],[147.3293612,-42.8751214],[147.3293133,-42.8661163],[147.3292654,-42.8571111],[147.3292176,-42.8481059],[147.3291698,-42.8391007],[147.329122,-42.8300955]]}},{"type":"Feature","properties":{"axis":"E","value":527100,"spacing":100,"datum":"gda2020"},"geometry":{"type":"LineString","coordinates":[[147.3321482,-42.93815],[147.3320998,-42.9291449],[147.3320514,-42.9201398],[147.3320031,-42.9111348],[147.3319547,-42.9021297],[147.3319064,-42.8931246],[147.3318582,-42.8841195],[147.3318099,-42.8751143],[147.3317617,-42.8661092],[147.3317135,-42.857104],[147.3316653,-42.8480989],[147.3316171,-42.8390937],[147.331569,-42.8300885]]}},{"type":"Feature","properties":{"axis":"E","value":527200,"spacing":100,"datum":"gda2020"},"geometry":{"type":"LineString","coordinates":[[147.3333738,-42.9381464],[147.3333252,-42.9291413],[147.3332767,-42.9201363],[147.3332282,-42.9111312],[147.3331797,-42.9021261],[147.3331312,-42.893121],[147.3330827,-42.8841159],[147.3330343,-42.8751108],[147.3329859,-42.8661056],[147.3329375,-42.8571005],[147.3328891,-42.8480953],[147.3328408,-42.8390901],[147.3327924,-42.8300849]]}},{"type":"Feature","properties":{"axis":"E","value":527300,"spacing":100,"datum":"gda2020"},"geometry":{"type":"LineString","coordinates":[[147.3345994,-42.9381428],[147.3345507,-42.9291378],[147.3345019,-42.9201327],[147.3344532,-42.9111276],[147.3344046,-42.9021226],[147.3343559,-42.8931175],[147.3343073,-42.8841123],[147.3342587,-42.8751072],[147.3342101,-42.8661021],[147.3341615,-42.8570969],[147.334113,-42.8480918],[147.3340644,-42.8390866],[147.3340159,-42.8300814]]}},{"type":"Feature","properties":{"axis":"E","value":527400,"spacing":100,"datum":"gda2020"},"geometry":{"type":"LineString","coordinates":[[147.335825,-42.9381392],[147.3357761,-42.9291342],[147.3357272,-42.9201291],[147.3356783,-42.9111241],[147.3356295,-42.902119],[147.3355806,-42.8931139],[147.3355318,-42.8841088],[147.335483,-42.8751036],[147.3354343,-42.8660985],[147.3353855,-42.8570933],[147.3353368,-42.8480882],[147.3352881,-42.839083],[147.3352394,-42.8300778]]}},{"type":"Feature","properties":{"axis":"E","value":527500,"spacing":100,"datum":"gda2020"},"geometry":{"type":"LineString","coordinates":[[147.3370506,-42.9381356],[147.3370015,-42.9291306],[147.3369525,-42.9201255],[147.3369034,-42.9111205],[147.3368544,-42.9021154],[147.3368054,-42.8931103],[147.3367564,-42.8841052],[147.3367074,-42.8751],[147.3366585,-42.8660949],[147.3366095,-42.8570898],[147.3365606,-42.8480846],[147.3365117,-42.8390794],[147.3364629,-42.8300742]]}},{"type":"Feature","properties":{"axis":"E","value":527600,"spacing":100,"datum":"gda2020"},"geometry":{"type":"LineString","coordinates":[[147.3382763,-42.938132],[147.338227,-42.929127],[147.3381777,-42.9201219],[147.3381285,-42.9111168],[147.3380793,-42.9021118],[147.3380301,-42.8931067],[147.3379809,-42.8841016],[147.3379318,-42.8750964],[147.3378826,-42.8660913],[147.3378335,-42.8570861],[147.3377845,-42.848081],[147.3377354,-42.8390758],[147.3376864,-42.8300706]]}},{"type":"Feature","properties":{"axis":"E","value":527700,"spacing":100,"datum":"gda2020"},"geometry":{"type":"LineString","coordinates":[[147.3395019,-42.9381284],[147.3394524,-42.9291233],[147.339403,-42.9201183],[147.3393536,-42.9111132],[147.3393042,-42.9021081],[147.3392548,-42.893103],[147.3392055,-42.8840979],[147.3391561,-42.8750928],[147.3391068,-42.8660877],[147.3390576,-42.8570825],[147.3390083,-42.8480774],[147.3389591,-42.8390722],[147.3389099,-42.830067]]}},{"type":"Feature","properties":{"axis":"E","value":527800,"spacing":100,"datum":"gda2020"},"geometry":{"type":"LineString","coordinates":[[147.3407275,-42.9381247],[147.3406779,-42.9291197],[147.3406282,-42.9201147],[147.3405787,-42.9111096],[147.3405291,-42.9021045],[147.3404795,-42.8930994],[147.34043,-42.8840943],[147.3403805,-42.8750892],[147.340331,-42.866084],[147.3402816,-42.8570789],[147.3402321,-42.8480737],[147.3401827,-42.8390686],[147.3401333,-42.8300634]]}},{"type":"Feature","properties":{"axis":"E","value":527900,"spacing":100,"datum":"gda2020"},"geometry":{"type":"LineString","coordinates":[[147.3419531,-42.9381211],[147.3419033,-42.929116],[147.3418535,-42.920111],[147.3418037,-42.9111059],[147.341754,-42.9021009],[147.3417043,-42.8930958],[147.3416546,-42.8840907],[147.3416049,-42.8750855],[147.3415552,-42.8660804],[147.3415056,-42.8570753],[147.341456,-42.8480701],[147.3414064,-42.8390649],[147.3413568,-42.8300597]]}},{"type":"Feature","properties":{"axis":"E","value":528100,"spacing":100,"datum":"gda2020"},"geometry":{"type":"LineString","coordinates":[[147.3444044,-42.9381137],[147.3443542,-42.9291087],[147.344304,-42.9201037],[147.3442539,-42.9110986],[147.3442038,-42.9020935],[147.3441537,-42.8930884],[147.3441036,-42.8840833],[147.3440536,-42.8750782],[147.3440036,-42.8660731],[147.3439536,-42.8570679],[147.3439036,-42.8480628],[147.3438537,-42.8390576],[147.3438038,-42.8300524]]}},{"type":"Feature","properties":{"axis":"E","value":528200,"spacing":100,"datum":"gda2020"},"geometry":{"type":"LineString","coordinates":[[147.34563,-42.93811],[147.3455796,-42.929105],[147.3455293,-42.9201],[147.345479,-42.9110949],[147.3454287,-42.9020898],[147.3453784,-42.8930847],[147.3453282,-42.8840796],[147.345278,-42.8750745],[147.3452278,-42.8660694],[147.3451776,-42.8570642],[147.3451275,-42.8480591],[147.3450774,-42.8390539],[147.3450273,-42.8300487]]}},{"type":"Feature","properties":{"axis":"E","value":528300,"spacing":100,"datum":"gda2020"},"geometry":{"type":"LineString","coordinates":[[147.3468556,-42.9381063],[147.3468051,-42.9291013],[147.3467545,-42.9200963],[147.3467041,-42.9110912],[147.3466536,-42.9020861],[147.3466032,-42.893081],[147.3465527,-42.8840759],[147.3465023,-42.8750708],[147.346452,-42.8660657],[147.3464016,-42.8570605],[147.3463513,-42.8480554],[147.346301,-42.8390502],[147.3462507,-42.830045]]}},{"type":"Feature","properties":{"axis":"E","value":528400,"spacing":100,"datum":"gda2020"},"geometry":{"type":"LineString","coordinates":[[147.3480812,-42.9381026],[147.3480305,-42.9290976],[147.3479798,-42.9200925],[147.3479291,-42.9110875],[147.3478785,-42.9020824],[147.3478279,-42.8930773],[147.3477773,-42.8840722],[147.3477267,-42.8750671],[147.3476762,-42.866062],[147.3476256,-42.8570568],[147.3475751,-42.8480517],[147.3475247,-42.8390465],[147.3474742,-42.8300413]]}},{"type":"Feature","properties":{"axis":"E","value":528500,"spacing":100,"datum":"gda2020"},"geometry":{"type":"LineString","coordinates":[[147.3493068,-42.9380989],[147.3492559,-42.9290939],[147.3492051,-42.9200888],[147.3491542,-42.9110838],[147.3491034,-42.9020787],[147.3490526,-42.8930736],[147.3490018,-42.8840685],[147.3489511,-42.8750634],[147.3489004,-42.8660583],[147.3488497,-42.8570531],[147.348799,-42.848048],[147.3487483,-42.8390428],[147.3486977,-42.8300376]]}},{"type":"Feature","properties":{"axis":"E","value":528600,"spacing":100,"datum":"gda2020"},"geometry":{"type":"LineString","coordinates":[[147.3505324,-42.9380951],[147.3504814,-42.9290901],[147.3504303,-42.9200851],[147.3503793,-42.91108],[147.3503283,-42.9020749],[147.3502773,-42.8930699],[147.3502264,-42.8840648],[147.3501755,-42.8750596],[147.3501245,-42.8660545],[147.3500737,-42.8570494],[147.3500228,-42.8480442],[147.349972,-42.8390391],[147.3499212,-42.8300339]]}},{"type":"Feature","properties":{"axis":"E","value":528700,"spacing":100,"datum":"gda2020"},"geometry":{"type":"LineString","coordinates":[[147.351758,-42.9380914],[147.3517068,-42.9290863],[147.3516556,-42.9200813],[147.3516044,-42.9110763],[147.3515532,-42.9020712],[147.3515021,-42.8930661],[147.3514509,-42.884061],[147.3513998,-42.8750559],[147.3513487,-42.8660508],[147.3512977,-42.8570456],[147.3512466,-42.8480405],[147.3511956,-42.8390353],[147.3511446,-42.8300301]]}},{"type":"Feature","properties":{"axis":"E","value":528800,"spacing":100,"datum":"gda2020"},"geometry":{"type":"LineString","coordinates":[[147.3529837,-42.9380876],[147.3529322,-42.9290826],[147.3528808,-42.9200775],[147.3528295,-42.9110725],[147.3527781,-42.9020674],[147.3527268,-42.8930623],[147.3526755,-42.8840572],[147.3526242,-42.8750521],[147.3525729,-42.866047],[147.3525217,-42.8570419],[147.3524705,-42.8480367],[147.3524193,-42.8390315],[147.3523681,-42.8300264]]}},{"type":"Feature","properties":{"axis":"E","value":528900,"spacing":100,"datum":"gda2020"},"geometry":{"type":"LineString","coordinates":[[147.3542093,-42.9380838],[147.3541577,-42.9290788],[147.3541061,-42.9200738],[147.3540545,-42.9110687],[147.354003,-42.9020636],[147.3539515,-42.8930586],[147.3539,-42.8840535],[147.3538486,-42.8750484],[147.3537971,-42.8660432],[147.3537457,-42.8570381],[147.3536943,-42.8480329],[147.3536429,-42.8390278],[147.3535916,-42.8300226]]}},{"type":"Feature","properties":{"axis":"E","value":529100,"spacing":100,"datum":"gda2020"},"geometry":{"type":"LineString","coordinates":[[147.3566605,-42.9380762],[147.3566085,-42.9290712],[147.3565566,-42.9200661],[147.3565047,-42.9110611],[147.3564528,-42.902056],[147.3564009,-42.893051],[147.3563491,-42.8840459],[147.3562973,-42.8750408],[147.3562455,-42.8660356],[147.3561937,-42.8570305],[147.356142,-42.8480254],[147.3560903,-42.8390202],[147.3560386,-42.830015]]}},{"type":"Feature","properties":{"axis":"E","value":529200,"spacing":100,"datum":"gda2020"},"geometry":{"type":"LineString","coordinates":[[147.3578861,-42.9380724],[147.357834,-42.9290674],[147.3577819,-42.9200623],[147.3577298,-42.9110573],[147.3576777,-42.9020522],[147.3576257,-42.8930471],[147.3575736,-42.884042],[147.3575217,-42.8750369],[147.3574697,-42.8660318],[147.3574177,-42.8570267],[147.3573658,-42.8480215],[147.3573139,-42.8390164],[147.357262,-42.8300112]]}},{"type":"Feature","properties":{"axis":"E","value":529300,"spacing":100,"datum":"gda2020"},"geometry":{"type":"LineString","coordinates":[[147.3591117,-42.9380685],[147.3590594,-42.9290635],[147.3590071,-42.9200585],[147.3589549,-42.9110534],[147.3589026,-42.9020484],[147.3588504,-42.8930433],[147.3587982,-42.8840382],[147.358746,-42.8750331],[147.3586939,-42.866028],[147.3586417,-42.8570229],[147.3585896,-42.8480177],[147.3585376,-42.8390126],[147.3584855,-42.8300074]]}},{"type":"Feature","properties":{"axis":"E","value":529400,"spacing":100,"datum":"gda2020"},"geometry":{"type":"LineString","coordinates":[[147.3603373,-42.9380647],[147.3602849,-42.9290597],[147.3602324,-42.9200546],[147.3601799,-42.9110496],[147.3601275,-42.9020445],[147.3600751,-42.8930395],[147.3600227,-42.8840344],[147.3599704,-42.8750293],[147.3599181,-42.8660242],[147.3598658,-42.857019],[147.3598135,-42.8480139],[147.3597612,-42.8390087],[147.359709,-42.8300035]]}},{"type":"Feature","properties":{"axis":"E","value":529500,"spacing":100,"datum":"gda2020"},"geometry":{"type":"LineString","coordinates":[[147.361563,-42.9380608],[147.3615103,-42.9290558],[147.3614576,-42.9200508],[147.361405,-42.9110457],[147.3613524,-42.9020407],[147.3612998,-42.8930356],[147.3612473,-42.8840305],[147.3611947,-42.8750254],[147.3611422,-42.8660203],[147.3610898,-42.8570152],[147.3610373,-42.84801],[147.3609849,-42.8390049],[147.3609325,-42.8299997]]}},{"type":"Feature","properties":{"axis":"E","value":529600,"spacing":100,"datum":"gda2020"},"geometry":{"type":"LineString","coordinates":[[147.3627886,-42.9380569],[147.3627357,-42.9290519],[147.3626829,-42.9200469],[147.3626301,-42.9110419],[147.3625773,-42.9020368],[147.3625246,-42.8930317],[147.3624718,-42.8840266],[147.3624191,-42.8750215],[147.3623664,-42.8660164],[147.3623138,-42.8570113],[147.3622611,-42.8480062],[147.3622085,-42.839001],[147.3621559,-42.8299958]]}},{"type":"Feature","properties":{"axis":"E","value":529700,"spacing":100,"datum":"gda2020"},"geometry":{"type":"LineString","coordinates":[[147.3640142,-42.9380531],[147.3639612,-42.929048],[147.3639081,-42.920043],[147.3638552,-42.911038],[147.3638022,-42.9020329],[147.3637493,-42.8930278],[147.3636964,-42.8840228],[147.3636435,-42.8750177],[147.3635906,-42.8660125],[147.3635378,-42.8570074],[147.363485,-42.8480023],[147.3634322,-42.8389971],[147.3633794,-42.829992]]}},{"type":"Feature","properties":{"axis":"E","value":529800,"spacing":100,"datum":"gda2020"},"geometry":{"type":"LineString","coordinates":[[147.3652398,-42.9380492],[147.3651866,-42.9290441],[147.3651334,-42.9200391],[147.3650802,-42.9110341],[147.3650271,-42.902029],[147.364974,-42.8930239],[147.3649209,-42.8840189],[147.3648678,-42.8750138],[147.3648148,-42.8660087],[147.3647618,-42.8570035],[147.3647088,-42.8479984],[147.3646558,-42.8389932],[147.3646029,-42.8299881]]}},{"type":"Feature","properties":{"axis":"E","value":529900,"spacing":100,"datum":"gda2020"},"geometry":{"type":"LineString","coordinates":[[147.3664654,-42.9380452],[147.366412,-42.9290402],[147.3663587,-42.9200352],[147.3663053,-42.9110302],[147.366252,-42.9020251],[147.3661987,-42.89302],[147.3661454,-42.884015],[147.3660922,-42.8750099],[147.366039,-42.8660047],[147.3659858,-42.8569996],[147.3659326,-42.8479945],[147.3658795,-42.8389893],[147.3658264,-42.8299842]]}},{"type":"Feature","properties":{"axis":"E","value":530100,"spacing":100,"datum":"gda2020"},"geometry":{"type":"LineString","coordinates":[[147.3689166,-42.9380374],[147.3688629,-42.9290324],[147.3688092,-42.9200273],[147.3687555,-42.9110223],[147.3687018,-42.9020172],[147.3686482,-42.8930122],[147.3685945,-42.8840071],[147.3685409,-42.875002],[147.3684874,-42.8659969],[147.3684338,-42.8569918],[147.3683803,-42.8479866],[147.3683268,-42.8389815],[147.3682733,-42.8299763]]}},{"type":"Feature","properties":{"axis":"E","value":530200,"spacing":100,"datum":"gda2020"},"geometry":{"type":"LineString","coordinates":[[147.3701422,-42.9380334],[147.3700883,-42.9290284],[147.3700344,-42.9200234],[147.3699805,-42.9110183],[147.3699267,-42.9020133],[147.3698729,-42.8930082],[147.3698191,-42.8840031],[147.3697653,-42.8749981],[147.3697115,-42.8659929],[147.3696578,-42.8569878],[147.3696041,-42.8479827],[147.3695504,-42.8389775],[147.3694968,-42.8299724]]}},{"type":"Feature","properties":{"axis":"E","value":530300,"spacing":100,"datum":"gda2020"},"geometry":{"type":"LineString","coordinates":[[147.3713679,-42.9380294],[147.3713138,-42.9290244],[147.3712597,-42.9200194],[147.3712056,-42.9110144],[147.3711516,-42.9020093],[147.3710976,-42.8930043],[147.3710436,-42.8839992],[147.3709897,-42.8749941],[147.3709357,-42.865989],[147.3708818,-42.8569839],[147.3708279,-42.8479787],[147.3707741,-42.8389736],[147.3707203,-42.8299684]]}},{"type":"Feature","properties":{"axis":"E","value":530400,"spacing":100,"datum":"gda2020"},"geometry":{"type":"LineString","coordinates":[[147.3725935,-42.9380255],[147.3725392,-42.9290204],[147.3724849,-42.9200154],[147.3724307,-42.9110104],[147.3723765,-42.9020053],[147.3723223,-42.8930003],[147.3722682,-42.8839952],[147.372214,-42.8749901],[147.3721599,-42.865985],[147.3721058,-42.8569799],[147.3720518,-42.8479748],[147.3719977,-42.8389696],[147.3719437,-42.8299645]]}},{"type":"Feature","properties":{"axis":"E","value":530500,"spacing":100,"datum":"gda2020"},"geometry":{"type":"LineString","coordinates":[[147.3738191,-42.9380215],[147.3737646,-42.9290165],[147.3737102,-42.9200114],[147.3736558,-42.9110064],[147.3736014,-42.9020014],[147.373547,-42.8929963],[147.3734927,-42.8839912],[147.3734384,-42.8749861],[147.3733841,-42.865981],[147.3733298,-42.8569759],[147.3732756,-42.8479708],[147.3732214,-42.8389656],[147.3731672,-42.8299605]]}},{"type":"Feature","properties":{"axis":"E","value":530600,"spacing":100,"datum":"gda2020"},"geometry":{"type":"LineString","coordinates":[[147.3750447,-42.9380174],[147.3749901,-42.9290124],[147.3749354,-42.9200074],[147.3748809,-42.9110024],[147.3748263,-42.9019974],[147.3747718,-42.8929923],[147.3747172,-42.8839872],[147.3746628,-42.8749821],[147.3746083,-42.865977],[147.3745538,-42.8569719],[147.3744994,-42.8479668],[147.374445,-42.8389616],[147.3743907,-42.8299565]]}},{"type":"Feature","properties":{"axis":"E","value":530700,"spacing":100,"datum":"gda2020"},"geometry":{"type":"LineString","coordinates":[[147.3762703,-42.9380134],[147.3762155,-42.9290084],[147.3761607,-42.9200034],[147.3761059,-42.9109984],[147.3760512,-42.9019933],[147.3759965,-42.8929883],[147.3759418,-42.8839832],[147.3758871,-42.8749781],[147.3758325,-42.865973],[147.3757779,-42.8569679],[147.3757233,-42.8479628],[147.3756687,-42.8389576],[147.3756142,-42.8299525]]}},{"type":"Feature","properties":{"axis":"E","value":530800,"spacing":100,"datum":"gda2020"},"geometry":{"type":"LineString","coordinates":[[147.3774959,-42.9380094],[147.3774409,-42.9290044],[147.3773859,-42.9199994],[147.377331,-42.9109943],[147.3772761,-42.9019893],[147.3772212,-42.8929842],[147.3771663,-42.8839792],[147.3771115,-42.8749741],[147.3770567,-42.865969],[147.3770019,-42.8569639],[147.3769471,-42.8479588],[147.3768924,-42.8389536],[147.3768376,-42.8299485]]}},{"type":"Feature","properties":{"axis":"E","value":530900,"spacing":100,"datum":"gda2020"},"geometry":{"type":"LineString","coordinates":[[147.3787215,-42.9380053],[147.3786663,-42.9290003],[147.3786112,-42.9199953],[147.3785561,-42.9109903],[147.378501,-42.9019853],[147.3784459,-42.8929802],[147.3783909,-42.8839751],[147.3783358,-42.8749701],[147.3782808,-42.865965],[147.3782259,-42.8569598],[147.3781709,-42.8479547],[147.378116,-42.8389496],[147.3780611,-42.8299444]]}},{"type":"Feature","properties":{"axis":"E","value":531100,"spacing":100,"datum":"gda2020"},"geometry":{"type":"LineString","coordinates":[[147.3811727,-42.9379972],[147.3811172,-42.9289922],[147.3810617,-42.9199872],[147.3810062,-42.9109822],[147.3809508,-42.9019771],[147.3808953,-42.8929721],[147.3808399,-42.883967],[147.3807846,-42.8749619],[147.3807292,-42.8659568],[147.3806739,-42.8569517],[147.3806186,-42.8479466],[147.3805633,-42.8389415],[147.3805081,-42.8299363]]}},{"type":"Feature","properties":{"axis":"E","value":531200,"spacing":100,"datum":"gda2020"},"geometry":{"type":"LineString","coordinates":[[147.3823984,-42.9379931],[147.3823426,-42.9289881],[147.382287,-42.9199831],[147.3822313,-42.9109781],[147.3821757,-42.9019731],[147.3821201,-42.892968],[147.3820645,-42.8839629],[147.3820089,-42.8749579],[147.3819534,-42.8659528],[147.3818979,-42.8569477],[147.3818424,-42.8479425],[147.381787,-42.8389374],[147.3817315,-42.8299322]]}},{"type":"Feature","properties":{"axis":"E","value":531300,"spacing":100,"datum":"gda2020"},"geometry":{"type":"LineString","coordinates":[[147.383624,-42.937989],[147.3835681,-42.928984],[147.3835122,-42.919979],[147.3834564,-42.910974],[147.3834006,-42.901969],[147.3833448,-42.8929639],[147.383289,-42.8839588],[147.3832333,-42.8749538],[147.3831776,-42.8659487],[147.3831219,-42.8569436],[147.3830662,-42.8479384],[147.3830106,-42.8389333],[147.382955,-42.8299282]]}},{"type":"Feature","properties":{"axis":"E","value":531400,"spacing":100,"datum":"gda2020"},"geometry":{"type":"LineString","coordinates":[[147.3848496,-42.9379849],[147.3847935,-42.9289799],[147.3847375,-42.9199749],[147.3846814,-42.9109699],[147.3846255,-42.9019649],[147.3845695,-42.8929598],[147.3845136,-42.8839547],[147.3844576,-42.8749497],[147.3844018,-42.8659446],[147.3843459,-42.8569395],[147.3842901,-42.8479343],[147.3842343,-42.8389292],[147.3841785,-42.8299241]]}},{"type":"Feature","properties":{"axis":"E","value":531500,"spacing":100,"datum":"gda2020"},"geometry":{"type":"LineString","coordinates":[[147.3860752,-42.9379808],[147.3860189,-42.9289758],[147.3859627,-42.9199708],[147.3859065,-42.9109658],[147.3858504,-42.9019607],[147.3857942,-42.8929557],[147.3857381,-42.8839506],[147.385682,-42.8749455],[147.3856259,-42.8659405],[147.3855699,-42.8569353],[147.3855139,-42.8479302],[147.3854579,-42.8389251],[147.3854019,-42.8299199]]}},{"type":"Feature","properties":{"axis":"E","value":531600,"spacing":100,"datum":"gda2020"},"geometry":{"type":"LineString","coordinates":[[147.3873008,-42.9379766],[147.3872444,-42.9289716],[147.387188,-42.9199666],[147.3871316,-42.9109616],[147.3870752,-42.9019566],[147.3870189,-42.8929515],[147.3869626,-42.8839465],[147.3869064,-42.8749414],[147.3868501,-42.8659363],[147.3867939,-42.8569312],[147.3867377,-42.8479261],[147.3866815,-42.838921],[147.3866254,-42.8299158]]}},{"type":"Feature","properties":{"axis":"E","value":531700,"spacing":100,"datum":"gda2020"},"geometry":{"type":"LineString","coordinates":[[147.3885264,-42.9379725],[147.3884698,-42.9289675],[147.3884132,-42.9199625],[147.3883567,-42.9109575],[147.3883001,-42.9019524],[147.3882436,-42.8929474],[147.3881872,-42.8839423],[147.3881307,-42.8749373],[147.3880743,-42.8659322],[147.3880179,-42.8569271],[147.3879615,-42.847922],[147.3879052,-42.8389168],[147.3878489,-42.8299117]]}},{"type":"Feature","properties":{"axis":"E","value":531800,"spacing":100,"datum":"gda2020"},"geometry":{"type":"LineString","coordinates":[[147.389752,-42.9379683],[147.3896952,-42.9289633],[147.3896385,-42.9199583],[147.3895817,-42.9109533],[147.389525,-42.9019483],[147.3894684,-42.8929432],[147.3894117,-42.8839382],[147.3893551,-42.8749331],[147.3892985,-42.865928],[147.3892419,-42.8569229],[147.3891854,-42.8479178],[147.3891288,-42.8389127],[147.3890724,-42.8299075]]}},{"type":"Feature","properties":{"axis":"E","value":531900,"spacing":100,"datum":"gda2020"},"geometry":{"type":"LineString","coordinates":[[147.3909776,-42.9379641],[147.3909206,-42.9289592],[147.3908637,-42.9199542],[147.3908068,-42.9109491],[147.3907499,-42.9019441],[147.3906931,-42.8929391],[147.3906362,-42.883934],[147.3905794,-42.8749289],[147.3905227,-42.8659239],[147.3904659,-42.8569188],[147.3904092,-42.8479136],[147.3903525,-42.8389085],[147.3902958,-42.8299034]]}},{"type":"Feature","properties":{"axis":"E","value":532100,"spacing":100,"datum":"gda2020"},"geometry":{"type":"LineString","coordinates":[[147.3934288,-42.9379557],[147.3933715,-42.9289508],[147.3933142,-42.9199458],[147.393257,-42.9109407],[147.3931997,-42.9019357],[147.3931425,-42.8929307],[147.3930853,-42.8839256],[147.3930282,-42.8749206],[147.392971,-42.8659155],[147.3929139,-42.8569104],[147.3928568,-42.8479053],[147.3927998,-42.8389001],[147.3927428,-42.829895]]}},{"type":"Feature","properties":{"axis":"E","value":532200,"spacing":100,"datum":"gda2020"},"geometry":{"type":"LineString","coordinates":[[147.3946544,-42.9379515],[147.3945969,-42.9289465],[147.3945395,-42.9199415],[147.394482,-42.9109365],[147.3944246,-42.9019315],[147.3943672,-42.8929265],[147.3943099,-42.8839214],[147.3942525,-42.8749164],[147.3941952,-42.8659113],[147.3941379,-42.8569062],[147.3940807,-42.8479011],[147.3940234,-42.8388959],[147.3939662,-42.8298908]]}},{"type":"Feature","properties":{"axis":"E","value":532300,"spacing":100,"datum":"gda2020"},"geometry":{"type":"LineString","coordinates":[[147.39588,-42.9379473],[147.3958224,-42.9289423],[147.3957647,-42.9199373],[147.3957071,-42.9109323],[147.3956495,-42.9019273],[147.3955919,-42.8929222],[147.3955344,-42.8839172],[147.3954769,-42.8749121],[147.3954194,-42.865907],[147.3953619,-42.856902],[147.3953045,-42.8478968],[147.3952471,-42.8388917],[147.3951897,-42.8298866]]}},{"type":"Feature","properties":{"axis":"E","value":532400,"spacing":100,"datum":"gda2020"},"geometry":{"type":"LineString","coordinates":[[147.3971056,-42.937943],[147.3970478,-42.9289381],[147.39699,-42.9199331],[147.3969322,-42.9109281],[147.3968744,-42.901923],[147.3968166,-42.892918],[147.3967589,-42.883913],[147.3967012,-42.8749079],[147.3966436,-42.8659028],[147.3965859,-42.8568977],[147.3965283,-42.8478926],[147.3964707,-42.8388875],[147.3964132,-42.8298824]]}},{"type":"Feature","properties":{"axis":"E","value":532500,"spacing":100,"datum":"gda2020"},"geometry":{"type":"LineString","coordinates":[[147.3983312,-42.9379388],[147.3982732,-42.9289338],[147.3982152,-42.9199288],[147.3981572,-42.9109238],[147.3980993,-42.9019188],[147.3980414,-42.8929138],[147.3979835,-42.8839087],[147.3979256,-42.8749036],[147.3978677,-42.8658986],[147.3978099,-42.8568935],[147.3977521,-42.8478884],[147.3976944,-42.8388832],[147.3976366,-42.8298781]]}},{"type":"Feature","properties":{"axis":"E","value":532600,"spacing":100,"datum":"gda2020"},"geometry":{"type":"LineString","coordinates":[[147.3995569,-42.9379345],[147.3994986,-42.9289295],[147.3994405,-42.9199245],[147.3993823,-42.9109195],[147.3993242,-42.9019145],[147.3992661,-42.8929095],[147.399208,-42.8839044],[147.3991499,-42.8748994],[147.3990919,-42.8658943],[147.3990339,-42.8568892],[147.398976,-42.8478841],[147.398918,-42.838879],[147.3988601,-42.8298739]]}},{"type":"Feature","properties":{"axis":"E","value":532700,"spacing":100,"datum":"gda2020"},"geometry":{"type":"LineString","coordinates":[[147.4007825,-42.9379302],[147.4007241,-42.9289253],[147.4006657,-42.9199203],[147.4006074,-42.9109153],[147.4005491,-42.9019102],[147.4004908,-42.8929052],[147.4004325,-42.8839002],[147.4003743,-42.8748951],[147.4003161,-42.86589],[147.4002579,-42.8568849],[147.4001998,-42.8478798],[147.4001417,-42.8388747],[147.4000836,-42.8298696]]}},{"type":"Feature","properties":{"axis":"E","value":532800,"spacing":100,"datum":"gda2020"},"geometry":{"type":"LineString","coordinates":[[147.4020081,-42.9379259],[147.4019495,-42.928921],[147.401891,-42.919916],[147.4018324,-42.910911],[147.401774,-42.901906],[147.4017155,-42.8929009],[147.4016571,-42.8838959],[147.4015987,-42.8748908],[147.4015403,-42.8658857],[147.4014819,-42.8568807],[147.4014236,-42.8478756],[147.4013653,-42.8388704],[147.401307,-42.8298653]]}},{"type":"Feature","properties":{"axis":"E","value":532900,"spacing":100,"datum":"gda2020"},"geometry":{"type":"LineString","coordinates":[[147.4032337,-42.9379216],[147.4031749,-42.9289167],[147.4031162,-42.9199117],[147.4030575,-42.9109067],[147.4029988,-42.9019016],[147.4029402,-42.8928966],[147.4028816,-42.8838916],[147.402823,-42.8748865],[147.4027645,-42.8658814],[147.4027059,-42.8568764],[147.4026474,-42.8478713],[147.402589,-42.8388661],[147.4025305,-42.829861]]}},{"type":"Feature","properties":{"axis":"N","value":5246100,"spacing":100,"datum":"gda2020"},"geometry":{"type":"LineString","coordinates":[[147.2573813,-42.937442],[147.2696374,-42.9374137],[147.2818935,-42.9373842],[147.2941496,-42.9373534],[147.3064057,-42.9373212],[147.3186617,-42.9372878],[147.3309177,-42.937253],[147.3431737,-42.9372169],[147.3554297,-42.9371795],[147.3676857,-42.9371408],[147.3799416,-42.9371008],[147.3921975,-42.9370594],[147.4044534,-42.9370168]]}},{"type":"Feature","properties":{"axis":"N","value":5246200,"spacing":100,"datum":"gda2020"},"geometry":{"type":"LineString","coordinates":[[147.2573775,-42.9365414],[147.2696335,-42.9365132],[147.2818894,-42.9364837],[147.2941453,-42.9364529],[147.3064012,-42.9364207],[147.3186571,-42.9363873],[147.3309129,-42.9363525],[147.3431687,-42.9363164],[147.3554245,-42.936279],[147.3676803,-42.9362403],[147.3799361,-42.9362003],[147.3921918,-42.936159],[147.4044475,-42.9361163]]}},{"type":"Feature","properties":{"axis":"N","value":5246300,"spacing":100,"datum":"gda2020"},"geometry":{"type":"LineString","coordinates":[[147.2573738,-42.9356409],[147.2696296,-42.9356127],[147.2818853,-42.9355832],[147.294141,-42.9355524],[147.3063967,-42.9355202],[147.3186524,-42.9354868],[147.3309081,-42.935452],[147.3431637,-42.9354159],[147.3554194,-42.9353785],[147.367675,-42.9353398],[147.3799305,-42.9352998],[147.3921861,-42.9352585],[147.4044416,-42.9352158]]}},{"type":"Feature","properties":{"axis":"N","value":5246400,"spacing":100,"datum":"gda2020"},"geometry":{"type":"LineString","coordinates":[[147.25737,-42.9347404],[147.2696256,-42.9347122],[147.2818812,-42.9346827],[147.2941367,-42.9346519],[147.3063923,-42.9346197],[147.3186478,-42.9345863],[147.3309033,-42.9345515],[147.3431587,-42.9345154],[147.3554142,-42.934478],[147.3676696,-42.9344393],[147.379925,-42.9343993],[147.3921804,-42.934358],[147.4044357,-42.9343153]]}},{"type":"Feature","properties":{"axis":"N","value":5246500,"spacing":100,"datum":"gda2020"},"geometry":{"type":"LineString","coordinates":[[147.2573663,-42.9338399],[147.2696217,-42.9338117],[147.2818771,-42.9337822],[147.2941325,-42.9337514],[147.3063878,-42.9337192],[147.3186431,-42.9336857],[147.3308984,-42.933651],[147.3431537,-42.9336149],[147.355409,-42.9335775],[147.3676642,-42.9335388],[147.3799195,-42.9334988],[147.3921746,-42.9334575],[147.4044298,-42.9334148]]}},{"type":"Feature","properties":{"axis":"N","value":5246600,"spacing":100,"datum":"gda2020"},"geometry":{"type":"LineString","coordinates":[[147.2573625,-42.9329394],[147.2696178,-42.9329112],[147.281873,-42.9328817],[147.2941282,-42.9328508],[147.3063833,-42.9328187],[147.3186385,-42.9327852],[147.3308936,-42.9327505],[147.3431487,-42.9327144],[147.3554038,-42.932677],[147.3676589,-42.9326383],[147.3799139,-42.9325983],[147.3921689,-42.932557],[147.4044239,-42.9325143]]}},{"type":"Feature","properties":{"axis":"N","value":5246700,"spacing":100,"datum":"gda2020"},"geometry":{"type":"LineString","coordinates":[[147.2573588,-42.9320389],[147.2696138,-42.9320107],[147.2818689,-42.9319812],[147.2941239,-42.9319503],[147.3063789,-42.9319182],[147.3186339,-42.9318847],[147.3308888,-42.93185],[147.3431437,-42.9318139],[147.3553986,-42.9317765],[147.3676535,-42.9317378],[147.3799084,-42.9316978],[147.3921632,-42.9316565],[147.404418,-42.9316138]]}},{"type":"Feature","properties":{"axis":"N","value":5246800,"spacing":100,"datum":"gda2020"},"geometry":{"type":"LineString","coordinates":[[147.257355,-42.9311384],[147.2696099,-42.9311102],[147.2818648,-42.9310807],[147.2941196,-42.9310498],[147.3063744,-42.9310177],[147.3186292,-42.9309842],[147.330884,-42.9309495],[147.3431387,-42.9309134],[147.3553935,-42.930876],[147.3676482,-42.9308373],[147.3799028,-42.9307973],[147.3921575,-42.930756],[147.4044121,-42.9307133]]}},{"type":"Feature","properties":{"axis":"N","value":5246900,"spacing":100,"datum":"gda2020"},"geometry":{"type":"LineString","coordinates":[[147.2573513,-42.9302379],[147.269606,-42.9302097],[147.2818607,-42.9301801],[147.2941153,-42.9301493],[147.30637,-42.9301172],[147.3186246,-42.9300837],[147.3308792,-42.930049],[147.3431337,-42.9300129],[147.3553883,-42.9299755],[147.3676428,-42.9299368],[147.3798973,-42.9298968],[147.3921518,-42.9298555],[147.4044062,-42.9298128]]}},{"type":"Feature","properties":{"axis":"N","value":5247100,"spacing":100,"datum":"gda2020"},"geometry":{"type":"LineString","coordinates":[[147.2573438,-42.9284368],[147.2695981,-42.9284086],[147.2818524,-42.9283791],[147.2941067,-42.9283483],[147.306361,-42.9283162],[147.3186153,-42.9282827],[147.3308695,-42.928248],[147.3431237,-42.9282119],[147.3553779,-42.9281745],[147.3676321,-42.9281358],[147.3798862,-42.9280958],[147.3921404,-42.9280545],[147.4043945,-42.9280118]]}},{"type":"Feature","properties":{"axis":"N","value":5247200,"spacing":100,"datum":"gda2020"},"geometry":{"type":"LineString","coordinates":[[147.25734,-42.9275363],[147.2695942,-42.9275081],[147.2818483,-42.9274786],[147.2941025,-42.9274478],[147.3063566,-42.9274157],[147.3186106,-42.9273822],[147.3308647,-42.9273474],[147.3431187,-42.9273114],[147.3553728,-42.927274],[147.3676267,-42.9272353],[147.3798807,-42.9271953],[147.3921347,-42.927154],[147.4043886,-42.9271113]]}},{"type":"Feature","properties":{"axis":"N","value":5247300,"spacing":100,"datum":"gda2020"},"geometry":{"type":"LineString","coordinates":[[147.2573363,-42.9266358],[147.2695903,-42.9266076],[147.2818442,-42.9265781],[147.2940982,-42.9265473],[147.3063521,-42.9265151],[147.318606,-42.9264817],[147.3308599,-42.9264469],[147.3431137,-42.9264109],[147.3553676,-42.9263735],[147.3676214,-42.9263348],[147.3798752,-42.9262948],[147.3921289,-42.9262535],[147.4043827,-42.9262108]]}},{"type":"Feature","properties":{"axis":"N","value":5247400,"spacing":100,"datum":"gda2020"},"geometry":{"type":"LineString","coordinates":[[147.2573325,-42.9257353],[147.2695863,-42.9257071],[147.2818401,-42.9256776],[147.2940939,-42.9256468],[147.3063476,-42.9256146],[147.3186014,-42.9255812],[147.3308551,-42.9255464],[147.3431087,-42.9255104],[147.3553624,-42.925473],[147.367616,-42.9254343],[147.3798696,-42.9253943],[147.3921232,-42.925353],[147.4043768,-42.9253103]]}},{"type":"Feature","properties":{"axis":"N","value":5247500,"spacing":100,"datum":"gda2020"},"geometry":{"type":"LineString","coordinates":[[147.2573288,-42.9248348],[147.2695824,-42.9248066],[147.281836,-42.9247771],[147.2940896,-42.9247463],[147.3063432,-42.9247141],[147.3185967,-42.9246807],[147.3308502,-42.9246459],[147.3431037,-42.9246099],[147.3553572,-42.9245725],[147.3676107,-42.9245338],[147.3798641,-42.9244938],[147.3921175,-42.9244525],[147.4043709,-42.9244098]]}},{"type":"Feature","properties":{"axis":"N","value":5247600,"spacing":100,"datum":"gda2020"},"geometry":{"type":"LineString","coordinates":[[147.257325,-42.9239343],[147.2695785,-42.9239061],[147.2818319,-42.9238766],[147.2940853,-42.9238458],[147.3063387,-42.9238136],[147.3185921,-42.9237802],[147.3308454,-42.9237454],[147.3430988,-42.9237094],[147.3553521,-42.923672],[147.3676053,-42.9236333],[147.3798586,-42.9235933],[147.3921118,-42.923552],[147.404365,-42.9235093]]}},{"type":"Feature","properties":{"axis":"N","value":5247700,"spacing":100,"datum":"gda2020"},"geometry":{"type":"LineString","coordinates":[[147.2573213,-42.9230338],[147.2695746,-42.9230056],[147.2818278,-42.9229761],[147.294081,-42.9229452],[147.3063343,-42.9229131],[147.3185874,-42.9228797],[147.3308406,-42.9228449],[147.3430938,-42.9228088],[147.3553469,-42.9227715],[147.3676,-42.9227328],[147.379853,-42.9226928],[147.3921061,-42.9226515],[147.4043591,-42.9226088]]}},{"type":"Feature","properties":{"axis":"N","value":5247800,"spacing":100,"datum":"gda2020"},"geometry":{"type":"LineString","coordinates":[[147.2573176,-42.9221333],[147.2695706,-42.9221051],[147.2818237,-42.9220756],[147.2940768,-42.9220447],[147.3063298,-42.9220126],[147.3185828,-42.9219792],[147.3308358,-42.9219444],[147.3430888,-42.9219083],[147.3553417,-42.921871],[147.3675946,-42.9218323],[147.3798475,-42.9217923],[147.3921004,-42.921751],[147.4043532,-42.9217083]]}},{"type":"Feature","properties":{"axis":"N","value":5247900,"spacing":100,"datum":"gda2020"},"geometry":{"type":"LineString","coordinates":[[147.2573138,-42.9212328],[147.2695667,-42.9212046],[147.2818196,-42.921175],[147.2940725,-42.9211442],[147.3063253,-42.9211121],[147.3185782,-42.9210787],[147.330831,-42.9210439],[147.3430838,-42.9210078],[147.3553365,-42.9209705],[147.3675893,-42.9209318],[147.379842,-42.9208918],[147.3920947,-42.9208505],[147.4043473,-42.9208078]]}},{"type":"Feature","properties":{"axis":"N","value":5248100,"spacing":100,"datum":"gda2020"},"geometry":{"type":"LineString","coordinates":[[147.2573063,-42.9194317],[147.2695589,-42.9194035],[147.2818114,-42.919374],[147.2940639,-42.9193432],[147.3063164,-42.9193111],[147.3185689,-42.9192776],[147.3308213,-42.9192429],[147.3430738,-42.9192068],[147.3553262,-42.9191695],[147.3675786,-42.9191308],[147.3798309,-42.9190908],[147.3920833,-42.9190495],[147.4043356,-42.9190068]]}},{"type":"Feature","properties":{"axis":"N","value":5248200,"spacing":100,"datum":"gda2020"},"geometry":{"type":"LineString","coordinates":[[147.2573026,-42.9185312],[147.2695549,-42.918503],[147.2818073,-42.9184735],[147.2940596,-42.9184427],[147.3063119,-42.9184106],[147.3185642,-42.9183771],[147.3308165,-42.9183424],[147.3430688,-42.9183063],[147.355321,-42.9182689],[147.3675732,-42.9182303],[147.3798254,-42.9181903],[147.3920775,-42.918149],[147.4043297,-42.9181063]]}},{"type":"Feature","properties":{"axis":"N","value":5248300,"spacing":100,"datum":"gda2020"},"geometry":{"type":"LineString","coordinates":[[147.2572988,-42.9176307],[147.269551,-42.9176025],[147.2818032,-42.917573],[147.2940553,-42.9175422],[147.3063075,-42.9175101],[147.3185596,-42.9174766],[147.3308117,-42.9174419],[147.3430638,-42.9174058],[147.3553158,-42.9173684],[147.3675679,-42.9173298],[147.3798199,-42.9172898],[147.3920718,-42.9172485],[147.4043238,-42.9172058]]}},{"type":"Feature","properties":{"axis":"N","value":5248400,"spacing":100,"datum":"gda2020"},"geometry":{"type":"LineString","coordinates":[[147.2572951,-42.9167302],[147.2695471,-42.916702],[147.2817991,-42.9166725],[147.2940511,-42.9166417],[147.306303,-42.9166096],[147.318555,-42.9165761],[147.3308069,-42.9165414],[147.3430588,-42.9165053],[147.3553107,-42.9164679],[147.3675625,-42.9164293],[147.3798143,-42.9163893],[147.3920661,-42.916348],[147.4043179,-42.9163053]]}},{"type":"Feature","properties":{"axis":"N","value":5248500,"spacing":100,"datum":"gda2020"},"geometry":{"type":"LineString","coordinates":[[147.2572913,-42.9158297],[147.2695432,-42.9158015],[147.281795,-42.915772],[147.2940468,-42.9157412],[147.3062986,-42.915709],[147.3185503,-42.9156756],[147.3308021,-42.9156409],[147.3430538,-42.9156048],[147.3553055,-42.9155674],[147.3675572,-42.9155288],[147.3798088,-42.9154888],[147.3920604,-42.9154475],[147.404312,-42.9154048]]}},{"type":"Feature","properties":{"axis":"N","value":5248600,"spacing":100,"datum":"gda2020"},"geometry":{"type":"LineString","coordinates":[[147.2572876,-42.9149292],[147.2695392,-42.914901],[147.2817909,-42.9148715],[147.2940425,-42.9148407],[147.3062941,-42.9148085],[147.3185457,-42.9147751],[147.3307973,-42.9147404],[147.3430488,-42.9147043],[147.3553003,-42.9146669],[147.3675518,-42.9146282],[147.3798033,-42.9145883],[147.3920547,-42.914547],[147.4043061,-42.9145043]]}},{"type":"Feature","properties":{"axis":"N","value":5248700,"spacing":100,"datum":"gda2020"},"geometry":{"type":"LineString","coordinates":[[147.2572838,-42.9140286],[147.2695353,-42.9140005],[147.2817868,-42.913971],[147.2940382,-42.9139401],[147.3062896,-42.913908],[147.3185411,-42.9138746],[147.3307924,-42.9138398],[147.3430438,-42.9138038],[147.3552951,-42.9137664],[147.3675464,-42.9137277],[147.3797977,-42.9136878],[147.392049,-42.9136465],[147.4043002,-42.9136038]]}},{"type":"Feature","properties":{"axis":"N","value":5248800,"spacing":100,"datum":"gda2020"},"geometry":{"type":"LineString","coordinates":[[147.2572801,-42.9131281],[147.2695314,-42.9130999],[147.2817827,-42.9130704],[147.2940339,-42.9130396],[147.3062852,-42.9130075],[147.3185364,-42.9129741],[147.3307876,-42.9129393],[147.3430388,-42.9129033],[147.35529,-42.9128659],[147.3675411,-42.9128272],[147.3797922,-42.9127873],[147.3920433,-42.912746],[147.4042944,-42.9127033]]}},{"type":"Feature","properties":{"axis":"N","value":5248900,"spacing":100,"datum":"gda2020"},"geometry":{"type":"LineString","coordinates":[[147.2572763,-42.9122276],[147.2695275,-42.9121994],[147.2817786,-42.9121699],[147.2940297,-42.9121391],[147.3062807,-42.912107],[147.3185318,-42.9120736],[147.3307828,-42.9120388],[147.3430338,-42.9120028],[147.3552848,-42.9119654],[147.3675357,-42.9119267],[147.3797867,-42.9118868],[147.3920376,-42.9118455],[147.4042885,-42.9118028]]}},{"type":"Feature","properties":{"axis":"N","value":5249100,"spacing":100,"datum":"gda2020"},"geometry":{"type":"LineString","coordinates":[[147.2572689,-42.9104266],[147.2695196,-42.9103984],[147.2817704,-42.9103689],[147.2940211,-42.9103381],[147.3062718,-42.910306],[147.3185225,-42.9102726],[147.3307732,-42.9102378],[147.3430238,-42.9102018],[147.3552744,-42.9101644],[147.367525,-42.9101257],[147.3797756,-42.9100857],[147.3920262,-42.9100444],[147.4042767,-42.9100018]]}},{"type":"Feature","properties":{"axis":"N","value":5249200,"spacing":100,"datum":"gda2020"},"geometry":{"type":"LineString","coordinates":[[147.2572651,-42.9095261],[147.2695157,-42.9094979],[147.2817663,-42.9094684],[147.2940168,-42.9094376],[147.3062674,-42.9094055],[147.3185179,-42.909372],[147.3307684,-42.9093373],[147.3430188,-42.9093013],[147.3552693,-42.9092639],[147.3675197,-42.9092252],[147.3797701,-42.9091852],[147.3920205,-42.9091439],[147.4042708,-42.9091013]]}},{"type":"Feature","properties":{"axis":"N","value":5249300,"spacing":100,"datum":"gda2020"},"geometry":{"type":"LineString","coordinates":[[147.2572614,-42.9086256],[147.2695118,-42.9085974],[147.2817622,-42.9085679],[147.2940125,-42.9085371],[147.3062629,-42.908505],[147.3185132,-42.9084715],[147.3307635,-42.9084368],[147.3430138,-42.9084007],[147.3552641,-42.9083634],[147.3675143,-42.9083247],[147.3797646,-42.9082847],[147.3920148,-42.9082434],[147.4042649,-42.9082008]]}},{"type":"Feature","properties":{"axis":"N","value":5249400,"spacing":100,"datum":"gda2020"},"geometry":{"type":"LineString","coordinates":[[147.2572576,-42.9077251],[147.2695078,-42.9076969],[147.2817581,-42.9076674],[147.2940083,-42.9076366],[147.3062584,-42.9076045],[147.3185086,-42.907571],[147.3307587,-42.9075363],[147.3430088,-42.9075002],[147.3552589,-42.9074629],[147.367509,-42.9074242],[147.379759,-42.9073842],[147.3920091,-42.9073429],[147.404259,-42.9073003]]}},{"type":"Feature","properties":{"axis":"N","value":5249500,"spacing":100,"datum":"gda2020"},"geometry":{"type":"LineString","coordinates":[[147.2572539,-42.9068245],[147.2695039,-42.9067964],[147.281754,-42.9067669],[147.294004,-42.9067361],[147.306254,-42.9067039],[147.318504,-42.9066705],[147.3307539,-42.9066358],[147.3430038,-42.9065997],[147.3552538,-42.9065624],[147.3675036,-42.9065237],[147.3797535,-42.9064837],[147.3920033,-42.9064424],[147.4042532,-42.9063998]]}},{"type":"Feature","properties":{"axis":"N","value":5249600,"spacing":100,"datum":"gda2020"},"geometry":{"type":"LineString","coordinates":[[147.2572501,-42.905924],[147.2695,-42.9058958],[147.2817499,-42.9058663],[147.2939997,-42.9058355],[147.3062495,-42.9058034],[147.3184993,-42.90577],[147.3307491,-42.9057353],[147.3429989,-42.9056992],[147.3552486,-42.9056619],[147.3674983,-42.9056232],[147.379748,-42.9055832],[147.3919976,-42.9055419],[147.4042473,-42.9054993]]}},{"type":"Feature","properties":{"axis":"N","value":5249700,"spacing":100,"datum":"gda2020"},"geometry":{"type":"LineString","coordinates":[[147.2572464,-42.9050235],[147.2694961,-42.9049953],[147.2817458,-42.9049658],[147.2939954,-42.904935],[147.3062451,-42.9049029],[147.3184947,-42.9048695],[147.3307443,-42.9048348],[147.3429939,-42.9047987],[147.3552434,-42.9047614],[147.3674929,-42.9047227],[147.3797425,-42.9046827],[147.3919919,-42.9046414],[147.4042414,-42.9045988]]}},{"type":"Feature","properties":{"axis":"N","value":5249800,"spacing":100,"datum":"gda2020"},"geometry":{"type":"LineString","coordinates":[[147.2572426,-42.904123],[147.2694922,-42.9040948],[147.2817417,-42.9040653],[147.2939911,-42.9040345],[147.3062406,-42.9040024],[147.31849,-42.903969],[147.3307395,-42.9039343],[147.3429889,-42.9038982],[147.3552382,-42.9038609],[147.3674876,-42.9038222],[147.3797369,-42.9037822],[147.3919862,-42.9037409],[147.4042355,-42.9036983]]}},{"type":"Feature","properties":{"axis":"N","value":5249900,"spacing":100,"datum":"gda2020"},"geometry":{"type":"LineString","coordinates":[[147.2572389,-42.9032225],[147.2694882,-42.9031943],[147.2817376,-42.9031648],[147.2939869,-42.903134],[147.3062361,-42.9031019],[147.3184854,-42.9030685],[147.3307347,-42.9030337],[147.3429839,-42.9029977],[147.3552331,-42.9029603],[147.3674823,-42.9029217],[147.3797314,-42.9028817],[147.3919805,-42.9028404],[147.4042296,-42.9027978]]}},{"type":"Feature","properties":{"axis":"N","value":5250100,"spacing":100,"datum":"gda2020"},"geometry":{"type":"LineString","coordinates":[[147.2572314,-42.9014214],[147.2694804,-42.9013933],[147.2817294,-42.9013638],[147.2939783,-42.901333],[147.3062272,-42.9013009],[147.3184761,-42.9012675],[147.330725,-42.9012327],[147.3429739,-42.9011967],[147.3552227,-42.9011593],[147.3674716,-42.9011207],[147.3797203,-42.9010807],[147.3919691,-42.9010394],[147.4042179,-42.9009968]]}},{"type":"Feature","properties":{"axis":"N","value":5250200,"spacing":100,"datum":"gda2020"},"geometry":{"type":"LineString","coordinates":[[147.2572277,-42.9005209],[147.2694765,-42.9004928],[147.2817253,-42.9004633],[147.293974,-42.9004325],[147.3062228,-42.9004004],[147.3184715,-42.9003669],[147.3307202,-42.9003322],[147.3429689,-42.9002962],[147.3552176,-42.9002588],[147.3674662,-42.9002202],[147.3797148,-42.9001802],[147.3919634,-42.9001389],[147.404212,-42.9000963]]}},{"type":"Feature","properties":{"axis":"N","value":5250300,"spacing":100,"datum":"gda2020"},"geometry":{"type":"LineString","coordinates":[[147.2572239,-42.8996204],[147.2694725,-42.8995922],[147.2817212,-42.8995628],[147.2939698,-42.899532],[147.3062183,-42.8994999],[147.3184669,-42.8994664],[147.3307154,-42.8994317],[147.3429639,-42.8993957],[147.3552124,-42.8993583],[147.3674609,-42.8993197],[147.3797093,-42.8992797],[147.3919577,-42.8992384],[147.4042061,-42.8991958]]}},{"type":"Feature","properties":{"axis":"N","value":5250400,"spacing":100,"datum":"gda2020"},"geometry":{"type":"LineString","coordinates":[[147.2572202,-42.8987199],[147.2694686,-42.8986917],[147.2817171,-42.8986622],[147.2939655,-42.8986314],[147.3062139,-42.8985993],[147.3184622,-42.8985659],[147.3307106,-42.8985312],[147.3429589,-42.8984952],[147.3552072,-42.8984578],[147.3674555,-42.8984192],[147.3797038,-42.8983792],[147.391952,-42.8983379],[147.4042002,-42.8982953]]}},{"type":"Feature","properties":{"axis":"N","value":5250500,"spacing":100,"datum":"gda2020"},"geometry":{"type":"LineString","coordinates":[[147.2572164,-42.8978194],[147.2694647,-42.8977912],[147.281713,-42.8977617],[147.2939612,-42.8977309],[147.3062094,-42.8976988],[147.3184576,-42.8976654],[147.3307058,-42.8976307],[147.3429539,-42.8975947],[147.3552021,-42.8975573],[147.3674502,-42.8975186],[147.3796982,-42.8974787],[147.3919463,-42.8974374],[147.4041943,-42.8973948]]}},{"type":"Feature","properties":{"axis":"N","value":5250600,"spacing":100,"datum":"gda2020"},"geometry":{"type":"LineString","coordinates":[[147.2572127,-42.8969189],[147.2694608,-42.8968907],[147.2817089,-42.8968612],[147.2939569,-42.8968304],[147.306205,-42.8967983],[147.318453,-42.8967649],[147.330701,-42.8967302],[147.3429489,-42.8966941],[147.3551969,-42.8966568],[147.3674448,-42.8966181],[147.3796927,-42.8965782],[147.3919406,-42.8965369],[147.4041884,-42.8964943]]}},{"type":"Feature","properties":{"axis":"N","value":5250700,"spacing":100,"datum":"gda2020"},"geometry":{"type":"LineString","coordinates":[[147.2572089,-42.8960183],[147.2694569,-42.8959902],[147.2817048,-42.8959607],[147.2939526,-42.8959299],[147.3062005,-42.8958978],[147.3184483,-42.8958644],[147.3306962,-42.8958297],[147.342944,-42.8957936],[147.3551917,-42.8957563],[147.3674395,-42.8957176],[147.3796872,-42.8956777],[147.3919349,-42.8956364],[147.4041826,-42.8955938]]}},{"type":"Feature","properties":{"axis":"N","value":5250800,"spacing":100,"datum":"gda2020"},"geometry":{"type":"LineString","coordinates":[[147.2572052,-42.8951178],[147.2694529,-42.8950897],[147.2817007,-42.8950602],[147.2939484,-42.8950294],[147.306196,-42.8949973],[147.3184437,-42.8949639],[147.3306913,-42.8949292],[147.342939,-42.8948931],[147.3551866,-42.8948558],[147.3674341,-42.8948171],[147.3796817,-42.8947772],[147.3919292,-42.8947359],[147.4041767,-42.8946933]]}},{"type":"Feature","properties":{"axis":"N","value":5250900,"spacing":100,"datum":"gda2020"},"geometry":{"type":"LineString","coordinates":[[147.2572015,-42.8942173],[147.269449,-42.8941891],[147.2816966,-42.8941597],[147.2939441,-42.8941289],[147.3061916,-42.8940968],[147.3184391,-42.8940634],[147.3306865,-42.8940286],[147.342934,-42.8939926],[147.3551814,-42.8939553],[147.3674288,-42.8939166],[147.3796761,-42.8938767],[147.3919235,-42.8938354],[147.4041708,-42.8937928]]}},{"type":"Feature","properties":{"axis":"N","value":5251100,"spacing":100,"datum":"gda2020"},"geometry":{"type":"LineString","coordinates":[[147.257194,-42.8924163],[147.2694412,-42.8923881],[147.2816884,-42.8923586],[147.2939355,-42.8923278],[147.3061827,-42.8922957],[147.3184298,-42.8922623],[147.3306769,-42.8922276],[147.342924,-42.8921916],[147.3551711,-42.8921543],[147.3674181,-42.8921156],[147.3796651,-42.8920756],[147.3919121,-42.8920344],[147.404159,-42.8919918]]}},{"type":"Feature","properties":{"axis":"N","value":5251200,"spacing":100,"datum":"gda2020"},"geometry":{"type":"LineString","coordinates":[[147.2571902,-42.8915158],[147.2694373,-42.8914876],[147.2816843,-42.8914581],[147.2939313,-42.8914273],[147.3061782,-42.8913952],[147.3184252,-42.8913618],[147.3306721,-42.8913271],[147.342919,-42.8912911],[147.3551659,-42.8912537],[147.3674127,-42.8912151],[147.3796596,-42.8911751],[147.3919064,-42.8911339],[147.4041532,-42.8910913]]}},{"type":"Feature","properties":{"axis":"N","value":5251300,"spacing":100,"datum":"gda2020"},"geometry":{"type":"LineString","coordinates":[[147.2571865,-42.8906152],[147.2694333,-42.8905871],[147.2816802,-42.8905576],[147.293927,-42.8905268],[147.3061738,-42.8904947],[147.3184205,-42.8904613],[147.3306673,-42.8904266],[147.342914,-42.8903906],[147.3551607,-42.8903532],[147.3674074,-42.8903146],[147.3796541,-42.8902746],[147.3919007,-42.8902334],[147.4041473,-42.8901908]]}},{"type":"Feature","properties":{"axis":"N","value":5251400,"spacing":100,"datum":"gda2020"},"geometry":{"type":"LineString","coordinates":[[147.2571828,-42.8897147],[147.2694294,-42.8896866],[147.2816761,-42.8896571],[147.2939227,-42.8896263],[147.3061693,-42.8895942],[147.3184159,-42.8895608],[147.3306625,-42.8895261],[147.342909,-42.8894901],[147.3551556,-42.8894527],[147.3674021,-42.8894141],[147.3796485,-42.8893741],[147.391895,-42.8893329],[147.4041414,-42.8892903]]}},{"type":"Feature","properties":{"axis":"N","value":5251500,"spacing":100,"datum":"gda2020"},"geometry":{"type":"LineString","coordinates":[[147.257179,-42.8888142],[147.2694255,-42.888786],[147.281672,-42.8887566],[147.2939184,-42.8887258],[147.3061649,-42.8886937],[147.3184113,-42.8886603],[147.3306577,-42.8886256],[147.342904,-42.8885896],[147.3551504,-42.8885522],[147.3673967,-42.8885136],[147.379643,-42.8884736],[147.3918893,-42.8884324],[147.4041355,-42.8883898]]}},{"type":"Feature","properties":{"axis":"N","value":5251600,"spacing":100,"datum":"gda2020"},"geometry":{"type":"LineString","coordinates":[[147.2571753,-42.8879137],[147.2694216,-42.8878855],[147.2816679,-42.8878561],[147.2939142,-42.8878253],[147.3061604,-42.8877932],[147.3184066,-42.8877598],[147.3306529,-42.8877251],[147.3428991,-42.887689],[147.3551452,-42.8876517],[147.3673914,-42.8876131],[147.3796375,-42.8875731],[147.3918836,-42.8875319],[147.4041296,-42.8874893]]}},{"type":"Feature","properties":{"axis":"N","value":5251700,"spacing":100,"datum":"gda2020"},"geometry":{"type":"LineString","coordinates":[[147.2571715,-42.8870132],[147.2694177,-42.886985],[147.2816638,-42.8869555],[147.2939099,-42.8869248],[147.306156,-42.8868927],[147.318402,-42.8868593],[147.330648,-42.8868246],[147.3428941,-42.8867885],[147.3551401,-42.8867512],[147.367386,-42.8867126],[147.379632,-42.8866726],[147.3918779,-42.8866313],[147.4041238,-42.8865888]]}},{"type":"Feature","properties":{"axis":"N","value":5251800,"spacing":100,"datum":"gda2020"},"geometry":{"type":"LineString","coordinates":[[147.2571678,-42.8861127],[147.2694137,-42.8860845],[147.2816597,-42.886055],[147.2939056,-42.8860242],[147.3061515,-42.8859922],[147.3183974,-42.8859588],[147.3306432,-42.885924],[147.3428891,-42.885888],[147.3551349,-42.8858507],[147.3673807,-42.885812],[147.3796264,-42.8857721],[147.3918722,-42.8857308],[147.4041179,-42.8856883]]}},{"type":"Feature","properties":{"axis":"N","value":5251900,"spacing":100,"datum":"gda2020"},"geometry":{"type":"LineString","coordinates":[[147.2571641,-42.8852121],[147.2694098,-42.885184],[147.2816556,-42.8851545],[147.2939013,-42.8851237],[147.3061471,-42.8850916],[147.3183928,-42.8850582],[147.3306384,-42.8850235],[147.3428841,-42.8849875],[147.3551297,-42.8849502],[147.3673753,-42.8849115],[147.3796209,-42.8848716],[147.3918665,-42.8848303],[147.404112,-42.8847878]]}},{"type":"Feature","properties":{"axis":"N","value":5252100,"spacing":100,"datum":"gda2020"},"geometry":{"type":"LineString","coordinates":[[147.2571566,-42.8834111],[147.269402,-42.8833829],[147.2816474,-42.8833535],[147.2938928,-42.8833227],[147.3061381,-42.8832906],[147.3183835,-42.8832572],[147.3306288,-42.8832225],[147.3428741,-42.8831865],[147.3551194,-42.8831492],[147.3673646,-42.8831105],[147.3796099,-42.8830706],[147.3918551,-42.8830293],[147.4041003,-42.8829868]]}},{"type":"Feature","properties":{"axis":"N","value":5252200,"spacing":100,"datum":"gda2020"},"geometry":{"type":"LineString","coordinates":[[147.2571528,-42.8825106],[147.2693981,-42.8824824],[147.2816433,-42.882453],[147.2938885,-42.8824222],[147.3061337,-42.8823901],[147.3183789,-42.8823567],[147.330624,-42.882322],[147.3428691,-42.882286],[147.3551142,-42.8822486],[147.3673593,-42.88221],[147.3796044,-42.8821701],[147.3918494,-42.8821288],[147.4040944,-42.8820862]]}},{"type":"Feature","properties":{"axis":"N","value":5252300,"spacing":100,"datum":"gda2020"},"geometry":{"type":"LineString","coordinates":[[147.2571491,-42.8816101],[147.2693942,-42.8815819],[147.2816392,-42.8815524],[147.2938842,-42.8815217],[147.3061292,-42.8814896],[147.3183742,-42.8814562],[147.3306192,-42.8814215],[147.3428641,-42.8813855],[147.3551091,-42.8813481],[147.367354,-42.8813095],[147.3795988,-42.8812696],[147.3918437,-42.8812283],[147.4040885,-42.8811857]]}},{"type":"Feature","properties":{"axis":"N","value":5252400,"spacing":100,"datum":"gda2020"},"geometry":{"type":"LineString","coordinates":[[147.2571453,-42.8807096],[147.2693902,-42.8806814],[147.2816351,-42.8806519],[147.29388,-42.8806212],[147.3061248,-42.8805891],[147.3183696,-42.8805557],[147.3306144,-42.880521],[147.3428592,-42.880485],[147.3551039,-42.8804476],[147.3673486,-42.880409],[147.3795933,-42.8803691],[147.391838,-42.8803278],[147.4040826,-42.8802852]]}},{"type":"Feature","properties":{"axis":"N","value":5252500,"spacing":100,"datum":"gda2020"},"geometry":{"type":"LineString","coordinates":[[147.2571416,-42.879809],[147.2693863,-42.8797809],[147.281631,-42.8797514],[147.2938757,-42.8797206],[147.3061203,-42.8796886],[147.318365,-42.8796552],[147.3306096,-42.8796205],[147.3428542,-42.8795844],[147.3550987,-42.8795471],[147.3673433,-42.8795085],[147.3795878,-42.8794685],[147.3918323,-42.8794273],[147.4040768,-42.8793847]]}},{"type":"Feature","properties":{"axis":"N","value":5252600,"spacing":100,"datum":"gda2020"},"geometry":{"type":"LineString","coordinates":[[147.2571379,-42.8789085],[147.2693824,-42.8788804],[147.2816269,-42.8788509],[147.2938714,-42.8788201],[147.3061159,-42.878788],[147.3183603,-42.8787546],[147.3306048,-42.8787199],[147.3428492,-42.8786839],[147.3550936,-42.8786466],[147.3673379,-42.878608],[147.3795823,-42.878568],[147.3918266,-42.8785268],[147.4040709,-42.8784842]]}},{"type":"Feature","properties":{"axis":"N","value":5252700,"spacing":100,"datum":"gda2020"},"geometry":{"type":"LineString","coordinates":[[147.2571341,-42.878008],[147.2693785,-42.8779798],[147.2816228,-42.8779504],[147.2938671,-42.8779196],[147.3061114,-42.8778875],[147.3183557,-42.8778541],[147.3306,-42.8778194],[147.3428442,-42.8777834],[147.3550884,-42.8777461],[147.3673326,-42.8777075],[147.3795768,-42.8776675],[147.3918209,-42.8776263],[147.404065,-42.8775837]]}},{"type":"Feature","properties":{"axis":"N","value":5252800,"spacing":100,"datum":"gda2020"},"geometry":{"type":"LineString","coordinates":[[147.2571304,-42.8771075],[147.2693746,-42.8770793],[147.2816187,-42.8770499],[147.2938629,-42.8770191],[147.306107,-42.876987],[147.3183511,-42.8769536],[147.3305952,-42.8769189],[147.3428392,-42.8768829],[147.3550832,-42.8768456],[147.3673273,-42.876807],[147.3795712,-42.876767],[147.3918152,-42.8767258],[147.4040591,-42.8766832]]}},{"type":"Feature","properties":{"axis":"N","value":5252900,"spacing":100,"datum":"gda2020"},"geometry":{"type":"LineString","coordinates":[[147.2571267,-42.876207],[147.2693707,-42.8761788],[147.2816146,-42.8761493],[147.2938586,-42.8761186],[147.3061025,-42.8760865],[147.3183465,-42.8760531],[147.3305904,-42.8760184],[147.3428342,-42.8759824],[147.3550781,-42.8759451],[147.3673219,-42.8759064],[147.3795657,-42.8758665],[147.3918095,-42.8758253],[147.4040533,-42.8757827]]}},{"type":"Feature","properties":{"axis":"N","value":5253100,"spacing":100,"datum":"gda2020"},"geometry":{"type":"LineString","coordinates":[[147.2571192,-42.8744059],[147.2693628,-42.8743778],[147.2816064,-42.8743483],[147.29385,-42.8743175],[147.3060936,-42.8742855],[147.3183372,-42.8742521],[147.3305807,-42.8742174],[147.3428243,-42.8741814],[147.3550678,-42.8741441],[147.3673112,-42.8741054],[147.3795547,-42.8740655],[147.3917981,-42.8740242],[147.4040415,-42.8739817]]}},{"type":"Feature","properties":{"axis":"N","value":5253200,"spacing":100,"datum":"gda2020"},"geometry":{"type":"LineString","coordinates":[[147.2571154,-42.8735054],[147.2693589,-42.8734772],[147.2816023,-42.8734478],[147.2938458,-42.873417],[147.3060892,-42.8733849],[147.3183326,-42.8733516],[147.3305759,-42.8733169],[147.3428193,-42.8732809],[147.3550626,-42.8732435],[147.3673059,-42.8732049],[147.3795492,-42.873165],[147.3917924,-42.8731237],[147.4040356,-42.8730812]]}},{"type":"Feature","properties":{"axis":"N","value":5253300,"spacing":100,"datum":"gda2020"},"geometry":{"type":"LineString","coordinates":[[147.2571117,-42.8726049],[147.269355,-42.8725767],[147.2815983,-42.8725473],[147.2938415,-42.8725165],[147.3060847,-42.8724844],[147.3183279,-42.872451],[147.3305711,-42.8724163],[147.3428143,-42.8723803],[147.3550574,-42.872343],[147.3673005,-42.8723044],[147.3795436,-42.8722645],[147.3917867,-42.8722232],[147.4040298,-42.8721807]]}},{"type":"Feature","properties":{"axis":"N","value":5253400,"spacing":100,"datum":"gda2020"},"geometry":{"type":"LineString","coordinates":[[147.257108,-42.8717044],[147.2693511,-42.8716762],[147.2815942,-42.8716468],[147.2938372,-42.871616],[147.3060803,-42.8715839],[147.3183233,-42.8715505],[147.3305663,-42.8715158],[147.3428093,-42.8714798],[147.3550523,-42.8714425],[147.3672952,-42.8714039],[147.3795381,-42.871364],[147.391781,-42.8713227],[147.4040239,-42.8712802]]}},{"type":"Feature","properties":{"axis":"N","value":5253500,"spacing":100,"datum":"gda2020"},"geometry":{"type":"LineString","coordinates":[[147.2571042,-42.8708038],[147.2693472,-42.8707757],[147.2815901,-42.8707462],[147.293833,-42.8707155],[147.3060758,-42.8706834],[147.3183187,-42.87065],[147.3305615,-42.8706153],[147.3428043,-42.8705793],[147.3550471,-42.870542],[147.3672899,-42.8705034],[147.3795326,-42.8704635],[147.3917753,-42.8704222],[147.404018,-42.8703797]]}},{"type":"Feature","properties":{"axis":"N","value":5253600,"spacing":100,"datum":"gda2020"},"geometry":{"type":"LineString","coordinates":[[147.2571005,-42.8699033],[147.2693432,-42.8698752],[147.281586,-42.8698457],[147.2938287,-42.8698149],[147.3060714,-42.8697829],[147.3183141,-42.8697495],[147.3305567,-42.8697148],[147.3427993,-42.8696788],[147.3550419,-42.8696415],[147.3672845,-42.8696029],[147.3795271,-42.8695629],[147.3917696,-42.8695217],[147.4040121,-42.8694792]]}},{"type":"Feature","properties":{"axis":"N","value":5253700,"spacing":100,"datum":"gda2020"},"geometry":{"type":"LineString","coordinates":[[147.2570967,-42.8690028],[147.2693393,-42.8689746],[147.2815819,-42.8689452],[147.2938244,-42.8689144],[147.3060669,-42.8688824],[147.3183094,-42.868849],[147.3305519,-42.8688143],[147.3427944,-42.8687783],[147.3550368,-42.868741],[147.3672792,-42.8687024],[147.3795216,-42.8686624],[147.3917639,-42.8686212],[147.4040063,-42.8685787]]}},{"type":"Feature","properties":{"axis":"N","value":5253800,"spacing":100,"datum":"gda2020"},"geometry":{"type":"LineString","coordinates":[[147.257093,-42.8681023],[147.2693354,-42.8680741],[147.2815778,-42.8680447],[147.2938201,-42.8680139],[147.3060625,-42.8679818],[147.3183048,-42.8679485],[147.3305471,-42.8679138],[147.3427894,-42.8678778],[147.3550316,-42.8678405],[147.3672739,-42.8678018],[147.3795161,-42.8677619],[147.3917582,-42.8677207],[147.4040004,-42.8676781]]}},{"type":"Feature","properties":{"axis":"N","value":5253900,"spacing":100,"datum":"gda2020"},"geometry":{"type":"LineString","coordinates":[[147.2570893,-42.8672018],[147.2693315,-42.8671736],[147.2815737,-42.8671442],[147.2938159,-42.8671134],[147.306058,-42.8670813],[147.3183002,-42.8670479],[147.3305423,-42.8670133],[147.3427844,-42.8669773],[147.3550265,-42.86694],[147.3672685,-42.8669013],[147.3795105,-42.8668614],[147.3917525,-42.8668202],[147.4039945,-42.8667776]]}},{"type":"Feature","properties":{"axis":"N","value":5254100,"spacing":100,"datum":"gda2020"},"geometry":{"type":"LineString","coordinates":[[147.2570818,-42.8654007],[147.2693237,-42.8653726],[147.2815655,-42.8653431],[147.2938073,-42.8653124],[147.3060491,-42.8652803],[147.3182909,-42.8652469],[147.3305327,-42.8652122],[147.3427744,-42.8651762],[147.3550161,-42.8651389],[147.3672578,-42.8651003],[147.3794995,-42.8650604],[147.3917412,-42.8650192],[147.4039828,-42.8649766]]}},{"type":"Feature","properties":{"axis":"N","value":5254200,"spacing":100,"datum":"gda2020"},"geometry":{"type":"LineString","coordinates":[[147.2570781,-42.8645002],[147.2693197,-42.864472],[147.2815614,-42.8644426],[147.2938031,-42.8644118],[147.3060447,-42.8643798],[147.3182863,-42.8643464],[147.3305279,-42.8643117],[147.3427694,-42.8642757],[147.355011,-42.8642384],[147.3672525,-42.8641998],[147.379494,-42.8641599],[147.3917355,-42.8641187],[147.4039769,-42.8640761]]}},{"type":"Feature","properties":{"axis":"N","value":5254300,"spacing":100,"datum":"gda2020"},"geometry":{"type":"LineString","coordinates":[[147.2570743,-42.8635997],[147.2693158,-42.8635715],[147.2815573,-42.8635421],[147.2937988,-42.8635113],[147.3060402,-42.8634793],[147.3182817,-42.8634459],[147.3305231,-42.8634112],[147.3427645,-42.8633752],[147.3550058,-42.8633379],[147.3672472,-42.8632993],[147.3794885,-42.8632594],[147.3917298,-42.8632181],[147.403971,-42.8631756]]}},{"type":"Feature","properties":{"axis":"N","value":5254400,"spacing":100,"datum":"gda2020"},"geometry":{"type":"LineString","coordinates":[[147.2570706,-42.8626991],[147.2693119,-42.862671],[147.2815532,-42.8626416],[147.2937945,-42.8626108],[147.3060358,-42.8625787],[147.318277,-42.8625454],[147.3305183,-42.8625107],[147.3427595,-42.8624747],[147.3550007,-42.8624374],[147.3672418,-42.8623988],[147.379483,-42.8623589],[147.3917241,-42.8623176],[147.4039652,-42.8622751]]}},{"type":"Feature","properties":{"axis":"N","value":5254500,"spacing":100,"datum":"gda2020"},"geometry":{"type":"LineString","coordinates":[[147.2570669,-42.8617986],[147.269308,-42.8617705],[147.2815491,-42.861741],[147.2937903,-42.8617103],[147.3060313,-42.8616782],[147.3182724,-42.8616448],[147.3305135,-42.8616102],[147.3427545,-42.8615742],[147.3549955,-42.8615369],[147.3672365,-42.8614983],[147.3794774,-42.8614584],[147.3917184,-42.8614171],[147.4039593,-42.8613746]]}},{"type":"Feature","properties":{"axis":"N","value":5254600,"spacing":100,"datum":"gda2020"},"geometry":{"type":"LineString","coordinates":[[147.2570631,-42.8608981],[147.2693041,-42.86087],[147.281545,-42.8608405],[147.293786,-42.8608098],[147.3060269,-42.8607777],[147.3182678,-42.8607443],[147.3305087,-42.8607096],[147.3427495,-42.8606737],[147.3549903,-42.8606364],[147.3672312,-42.8605978],[147.3794719,-42.8605578],[147.3917127,-42.8605166],[147.4039534,-42.8604741]]}},{"type":"Feature","properties":{"axis":"N","value":5254700,"spacing":100,"datum":"gda2020"},"geometry":{"type":"LineString","coordinates":[[147.2570594,-42.8599976],[147.2693002,-42.8599694],[147.281541,-42.85994],[147.2937817,-42.8599092],[147.3060224,-42.8598772],[147.3182632,-42.8598438],[147.3305039,-42.8598091],[147.3427445,-42.8597731],[147.3549852,-42.8597358],[147.3672258,-42.8596972],[147.3794664,-42.8596573],[147.391707,-42.8596161],[147.4039475,-42.8595736]]}},{"type":"Feature","properties":{"axis":"N","value":5254800,"spacing":100,"datum":"gda2020"},"geometry":{"type":"LineString","coordinates":[[147.2570556,-42.8590971],[147.2692963,-42.8590689],[147.2815369,-42.8590395],[147.2937774,-42.8590087],[147.306018,-42.8589767],[147.3182585,-42.8589433],[147.3304991,-42.8589086],[147.3427396,-42.8588726],[147.35498,-42.8588353],[147.3672205,-42.8587967],[147.3794609,-42.8587568],[147.3917013,-42.8587156],[147.4039417,-42.8586731]]}},{"type":"Feature","properties":{"axis":"N","value":5254900,"spacing":100,"datum":"gda2020"},"geometry":{"type":"LineString","coordinates":[[147.2570519,-42.8581965],[147.2692924,-42.8581684],[147.2815328,-42.858139],[147.2937732,-42.8581082],[147.3060136,-42.8580761],[147.3182539,-42.8580428],[147.3304943,-42.8580081],[147.3427346,-42.8579721],[147.3549749,-42.8579348],[147.3672151,-42.8578962],[147.3794554,-42.8578563],[147.3916956,-42.8578151],[147.4039358,-42.8577726]]}},{"type":"Feature","properties":{"axis":"N","value":5255100,"spacing":100,"datum":"gda2020"},"geometry":{"type":"LineString","coordinates":[[147.2570444,-42.8563955],[147.2692845,-42.8563674],[147.2815246,-42.8563379],[147.2937646,-42.8563072],[147.3060047,-42.8562751],[147.3182447,-42.8562417],[147.3304847,-42.8562071],[147.3427246,-42.8561711],[147.3549646,-42.8561338],[147.3672045,-42.8560952],[147.3794444,-42.8560553],[147.3916842,-42.8560141],[147.4039241,-42.8559715]]}},{"type":"Feature","properties":{"axis":"N","value":5255200,"spacing":100,"datum":"gda2020"},"geometry":{"type":"LineString","coordinates":[[147.2570407,-42.855495],[147.2692806,-42.8554668],[147.2815205,-42.8554374],[147.2937604,-42.8554066],[147.3060002,-42.8553746],[147.31824,-42.8553412],[147.3304799,-42.8553065],[147.3427196,-42.8552706],[147.3549594,-42.8552333],[147.3671991,-42.8551947],[147.3794388,-42.8551548],[147.3916785,-42.8551136],[147.4039182,-42.855071]]}},{"type":"Feature","properties":{"axis":"N","value":5255300,"spacing":100,"datum":"gda2020"},"geometry":{"type":"LineString","coordinates":[[147.257037,-42.8545944],[147.2692767,-42.8545663],[147.2815164,-42.8545369],[147.2937561,-42.8545061],[147.3059958,-42.8544741],[147.3182354,-42.8544407],[147.330475,-42.854406],[147.3427147,-42.8543701],[147.3549542,-42.8543328],[147.3671938,-42.8542942],[147.3794333,-42.8542543],[147.3916728,-42.854213],[147.4039123,-42.8541705]]}},{"type":"Feature","properties":{"axis":"N","value":5255400,"spacing":100,"datum":"gda2020"},"geometry":{"type":"LineString","coordinates":[[147.2570332,-42.8536939],[147.2692728,-42.8536658],[147.2815123,-42.8536364],[147.2937518,-42.8536056],[147.3059913,-42.8535736],[147.3182308,-42.8535402],[147.3304702,-42.8535055],[147.3427097,-42.8534695],[147.3549491,-42.8534322],[147.3671885,-42.8533936],[147.3794278,-42.8533537],[147.3916672,-42.8533125],[147.4039065,-42.85327]]}},{"type":"Feature","properties":{"axis":"N","value":5255500,"spacing":100,"datum":"gda2020"},"geometry":{"type":"LineString","coordinates":[[147.2570295,-42.8527934],[147.2692689,-42.8527653],[147.2815082,-42.8527358],[147.2937476,-42.8527051],[147.3059869,-42.852673],[147.3182262,-42.8526397],[147.3304654,-42.852605],[147.3427047,-42.852569],[147.3549439,-42.8525317],[147.3671831,-42.8524931],[147.3794223,-42.8524532],[147.3916615,-42.852412],[147.4039006,-42.8523695]]}},{"type":"Feature","properties":{"axis":"N","value":5255600,"spacing":100,"datum":"gda2020"},"geometry":{"type":"LineString","coordinates":[[147.2570258,-42.8518929],[147.269265,-42.8518647],[147.2815041,-42.8518353],[147.2937433,-42.8518046],[147.3059824,-42.8517725],[147.3182215,-42.8517392],[147.3304606,-42.8517045],[147.3426997,-42.8516685],[147.3549388,-42.8516312],[147.3671778,-42.8515926],[147.3794168,-42.8515527],[147.3916558,-42.8515115],[147.4038947,-42.851469]]}},{"type":"Feature","properties":{"axis":"N","value":5255700,"spacing":100,"datum":"gda2020"},"geometry":{"type":"LineString","coordinates":[[147.257022,-42.8509924],[147.2692611,-42.8509642],[147.2815,-42.8509348],[147.293739,-42.850904],[147.305978,-42.850872],[147.3182169,-42.8508386],[147.3304558,-42.850804],[147.3426947,-42.850768],[147.3549336,-42.8507307],[147.3671725,-42.8506921],[147.3794113,-42.8506522],[147.3916501,-42.850611],[147.4038889,-42.8505685]]}},{"type":"Feature","properties":{"axis":"N","value":5255800,"spacing":100,"datum":"gda2020"},"geometry":{"type":"LineString","coordinates":[[147.2570183,-42.8500918],[147.2692571,-42.8500637],[147.281496,-42.8500343],[147.2937348,-42.8500035],[147.3059735,-42.8499715],[147.3182123,-42.8499381],[147.330451,-42.8499034],[147.3426898,-42.8498675],[147.3549285,-42.8498302],[147.3671671,-42.8497916],[147.3794058,-42.8497517],[147.3916444,-42.8497105],[147.403883,-42.849668]]}},{"type":"Feature","properties":{"axis":"N","value":5255900,"spacing":100,"datum":"gda2020"},"geometry":{"type":"LineString","coordinates":[[147.2570146,-42.8491913],[147.2692532,-42.8491632],[147.2814919,-42.8491337],[147.2937305,-42.849103],[147.3059691,-42.849071],[147.3182077,-42.8490376],[147.3304462,-42.8490029],[147.3426848,-42.848967],[147.3549233,-42.8489297],[147.3671618,-42.8488911],[147.3794003,-42.8488512],[147.3916387,-42.84881],[147.4038771,-42.8487675]]}},{"type":"Feature","properties":{"axis":"N","value":5256100,"spacing":100,"datum":"gda2020"},"geometry":{"type":"LineString","coordinates":[[147.2570071,-42.8473903],[147.2692454,-42.8473621],[147.2814837,-42.8473327],[147.293722,-42.847302],[147.3059602,-42.8472699],[147.3181984,-42.8472366],[147.3304366,-42.8472019],[147.3426748,-42.8471659],[147.354913,-42.8471286],[147.3671511,-42.84709],[147.3793892,-42.8470502],[147.3916273,-42.8470089],[147.4038654,-42.8469664]]}},{"type":"Feature","properties":{"axis":"N","value":5256200,"spacing":100,"datum":"gda2020"},"geometry":{"type":"LineString","coordinates":[[147.2570034,-42.8464897],[147.2692415,-42.8464616],[147.2814796,-42.8464322],[147.2937177,-42.8464014],[147.3059558,-42.8463694],[147.3181938,-42.846336],[147.3304318,-42.8463014],[147.3426698,-42.8462654],[147.3549078,-42.8462281],[147.3671458,-42.8461895],[147.3793837,-42.8461496],[147.3916216,-42.8461084],[147.4038595,-42.8460659]]}},{"type":"Feature","properties":{"axis":"N","value":5256300,"spacing":100,"datum":"gda2020"},"geometry":{"type":"LineString","coordinates":[[147.2569996,-42.8455892],[147.2692376,-42.8455611],[147.2814755,-42.8455317],[147.2937134,-42.8455009],[147.3059513,-42.8454689],[147.3181892,-42.8454355],[147.330427,-42.8454009],[147.3426649,-42.8453649],[147.3549027,-42.8453276],[147.3671405,-42.845289],[147.3793782,-42.8452491],[147.391616,-42.8452079],[147.4038537,-42.8451654]]}},{"type":"Feature","properties":{"axis":"N","value":5256400,"spacing":100,"datum":"gda2020"},"geometry":{"type":"LineString","coordinates":[[147.2569959,-42.8446887],[147.2692337,-42.8446606],[147.2814714,-42.8446311],[147.2937092,-42.8446004],[147.3059469,-42.8445684],[147.3181846,-42.844535],[147.3304222,-42.8445003],[147.3426599,-42.8444644],[147.3548975,-42.8444271],[147.3671351,-42.8443885],[147.3793727,-42.8443486],[147.3916103,-42.8443074],[147.4038478,-42.8442649]]}},{"type":"Feature","properties":{"axis":"N","value":5256500,"spacing":100,"datum":"gda2020"},"geometry":{"type":"LineString","coordinates":[[147.2569922,-42.8437882],[147.2692298,-42.84376],[147.2814673,-42.8437306],[147.2937049,-42.8436999],[147.3059424,-42.8436678],[147.31818,-42.8436345],[147.3304174,-42.8435998],[147.3426549,-42.8435638],[147.3548924,-42.8435266],[147.3671298,-42.843488],[147.3793672,-42.8434481],[147.3916046,-42.8434069],[147.4038419,-42.8433644]]}},{"type":"Feature","properties":{"axis":"N","value":5256600,"spacing":100,"datum":"gda2020"},"geometry":{"type":"LineString","coordinates":[[147.2569884,-42.8428876],[147.2692259,-42.8428595],[147.2814633,-42.8428301],[147.2937006,-42.8427994],[147.305938,-42.8427673],[147.3181753,-42.842734],[147.3304126,-42.8426993],[147.3426499,-42.8426633],[147.3548872,-42.8426261],[147.3671245,-42.8425875],[147.3793617,-42.8425476],[147.3915989,-42.8425064],[147.4038361,-42.8424639]]}},{"type":"Feature","properties":{"axis":"N","value":5256700,"spacing":100,"datum":"gda2020"},"geometry":{"type":"LineString","coordinates":[[147.2569847,-42.8419871],[147.2692219,-42.841959],[147.2814592,-42.8419296],[147.2936964,-42.8418988],[147.3059335,-42.8418668],[147.3181707,-42.8418334],[147.3304078,-42.8417988],[147.342645,-42.8417628],[147.3548821,-42.8417255],[147.3671191,-42.841687],[147.3793562,-42.8416471],[147.3915932,-42.8416059],[147.4038302,-42.8415634]]}},{"type":"Feature","properties":{"axis":"N","value":5256800,"spacing":100,"datum":"gda2020"},"geometry":{"type":"LineString","coordinates":[[147.256981,-42.8410866],[147.269218,-42.8410585],[147.2814551,-42.841029],[147.2936921,-42.8409983],[147.3059291,-42.8409663],[147.3181661,-42.8409329],[147.330403,-42.8408983],[147.34264,-42.8408623],[147.3548769,-42.840825],[147.3671138,-42.8407864],[147.3793507,-42.8407466],[147.3915875,-42.8407054],[147.4038243,-42.8406629]]}},{"type":"Feature","properties":{"axis":"N","value":5256900,"spacing":100,"datum":"gda2020"},"geometry":{"type":"LineString","coordinates":[[147.2569772,-42.8401861],[147.2692141,-42.8401579],[147.281451,-42.8401285],[147.2936878,-42.8400978],[147.3059247,-42.8400657],[147.3181615,-42.8400324],[147.3303983,-42.8399977],[147.342635,-42.8399618],[147.3548718,-42.8399245],[147.3671085,-42.8398859],[147.3793452,-42.839846],[147.3915818,-42.8398048],[147.4038185,-42.8397623]]}},{"type":"Feature","properties":{"axis":"N","value":5257100,"spacing":100,"datum":"gda2020"},"geometry":{"type":"LineString","coordinates":[[147.2569698,-42.838385],[147.2692063,-42.8383569],[147.2814428,-42.8383275],[147.2936793,-42.8382967],[147.3059158,-42.8382647],[147.3181522,-42.8382314],[147.3303887,-42.8381967],[147.3426251,-42.8381607],[147.3548614,-42.8381235],[147.3670978,-42.8380849],[147.3793341,-42.838045],[147.3915705,-42.8380038],[147.4038067,-42.8379613]]}},{"type":"Feature","properties":{"axis":"N","value":5257200,"spacing":100,"datum":"gda2020"},"geometry":{"type":"LineString","coordinates":[[147.256966,-42.8374845],[147.2692024,-42.8374564],[147.2814387,-42.8374269],[147.293675,-42.8373962],[147.3059113,-42.8373642],[147.3181476,-42.8373308],[147.3303839,-42.8372962],[147.3426201,-42.8372602],[147.3548563,-42.837223],[147.3670925,-42.8371844],[147.3793286,-42.8371445],[147.3915648,-42.8371033],[147.4038009,-42.8370608]]}},{"type":"Feature","properties":{"axis":"N","value":5257300,"spacing":100,"datum":"gda2020"},"geometry":{"type":"LineString","coordinates":[[147.2569623,-42.836584],[147.2691985,-42.8365558],[147.2814346,-42.8365264],[147.2936708,-42.8364957],[147.3059069,-42.8364637],[147.318143,-42.8364303],[147.3303791,-42.8363957],[147.3426151,-42.8363597],[147.3548511,-42.8363224],[147.3670871,-42.8362839],[147.3793231,-42.836244],[147.3915591,-42.8362028],[147.403795,-42.8361603]]}},{"type":"Feature","properties":{"axis":"N","value":5257400,"spacing":100,"datum":"gda2020"},"geometry":{"type":"LineString","coordinates":[[147.2569586,-42.8356834],[147.2691946,-42.8356553],[147.2814306,-42.8356259],[147.2936665,-42.8355952],[147.3059025,-42.8355631],[147.3181384,-42.8355298],[147.3303743,-42.8354951],[147.3426101,-42.8354592],[147.354846,-42.8354219],[147.3670818,-42.8353833],[147.3793176,-42.8353435],[147.3915534,-42.8353023],[147.4037891,-42.8352598]]}},{"type":"Feature","properties":{"axis":"N","value":5257500,"spacing":100,"datum":"gda2020"},"geometry":{"type":"LineString","coordinates":[[147.2569549,-42.8347829],[147.2691907,-42.8347548],[147.2814265,-42.8347254],[147.2936622,-42.8346946],[147.305898,-42.8346626],[147.3181337,-42.8346293],[147.3303695,-42.8345946],[147.3426052,-42.8345587],[147.3548408,-42.8345214],[147.3670765,-42.8344828],[147.3793121,-42.834443],[147.3915477,-42.8344018],[147.4037833,-42.8343593]]}},{"type":"Feature","properties":{"axis":"N","value":5257600,"spacing":100,"datum":"gda2020"},"geometry":{"type":"LineString","coordinates":[[147.2569511,-42.8338824],[147.2691868,-42.8338543],[147.2814224,-42.8338249],[147.293658,-42.8337941],[147.3058936,-42.8337621],[147.3181291,-42.8337288],[147.3303647,-42.8336941],[147.3426002,-42.8336581],[147.3548357,-42.8336209],[147.3670712,-42.8335823],[147.3793066,-42.8335424],[147.391542,-42.8335013],[147.4037774,-42.8334588]]}},{"type":"Feature","properties":{"axis":"N","value":5257700,"spacing":100,"datum":"gda2020"},"geometry":{"type":"LineString","coordinates":[[147.2569474,-42.8329819],[147.2691829,-42.8329537],[147.2814183,-42.8329243],[147.2936537,-42.8328936],[147.3058891,-42.8328616],[147.3181245,-42.8328282],[147.3303599,-42.8327936],[147.3425952,-42.8327576],[147.3548305,-42.8327204],[147.3670658,-42.8326818],[147.3793011,-42.8326419],[147.3915363,-42.8326007],[147.4037716,-42.8325582]]}},{"type":"Feature","properties":{"axis":"N","value":5257800,"spacing":100,"datum":"gda2020"},"geometry":{"type":"LineString","coordinates":[[147.2569437,-42.8320813],[147.2691789,-42.8320532],[147.2814142,-42.8320238],[147.2936495,-42.8319931],[147.3058847,-42.831961],[147.3181199,-42.8319277],[147.3303551,-42.8318931],[147.3425902,-42.8318571],[147.3548254,-42.8318198],[147.3670605,-42.8317813],[147.3792956,-42.8317414],[147.3915307,-42.8317002],[147.4037657,-42.8316577]]}},{"type":"Feature","properties":{"axis":"N","value":5257900,"spacing":100,"datum":"gda2020"},"geometry":{"type":"LineString","coordinates":[[147.2569399,-42.8311808],[147.269175,-42.8311527],[147.2814101,-42.8311233],[147.2936452,-42.8310926],[147.3058802,-42.8310605],[147.3181153,-42.8310272],[147.3303503,-42.8309925],[147.3425853,-42.8309566],[147.3548202,-42.8309193],[147.3670552,-42.8308808],[147.3792901,-42.8308409],[147.391525,-42.8307997],[147.4037598,-42.8307572]]}}]}