{"type":"FeatureCollection","features":[{"type":"Feature","properties":{"axis":"E","value":521000,"spacing":1000,"datum":"gda94"},"geometry":{"type":"LineString","coordinates":[[147.2573899,-42.9383295],[147.2573524,-42.9293244],[147.2573149,-42.9203193],[147.2572775,-42.9113141],[147.25724,-42.902309],[147.2572026,-42.8933038],[147.2571652,-42.8842987],[147.2571278,-42.8752935],[147.2570904,-42.8662883],[147.257053,-42.857283],[147.2570157,-42.8482778],[147.2569784,-42.8392726],[147.2569411,-42.8302673]]}},{"type":"Feature","properties":{"axis":"E","value":522000,"spacing":1000,"datum":"gda94"},"geometry":{"type":"LineString","coordinates":[[147.2696462,-42.9383013],[147.2696069,-42.9292962],[147.2695676,-42.9202911],[147.2695284,-42.911286],[147.2694892,-42.9022808],[147.26945,-42.8932757],[147.2694108,-42.8842705],[147.2693716,-42.8752653],[147.2693324,-42.8662601],[147.2692933,-42.8572549],[147.2692542,-42.8482497],[147.2692151,-42.8392445],[147.269176,-42.8302392]]}},{"type":"Feature","properties":{"axis":"E","value":523000,"spacing":1000,"datum":"gda94"},"geometry":{"type":"LineString","coordinates":[[147.2819025,-42.9382718],[147.2818614,-42.9292667],[147.2818204,-42.9202616],[147.2817793,-42.9112565],[147.2817383,-42.9022513],[147.2816973,-42.8932462],[147.2816564,-42.884241],[147.2816154,-42.8752359],[147.2815745,-42.8662307],[147.2815335,-42.8572255],[147.2814926,-42.8482203],[147.2814518,-42.839215],[147.2814109,-42.8302098]]}},{"type":"Feature","properties":{"axis":"E","value":524000,"spacing":1000,"datum":"gda94"},"geometry":{"type":"LineString","coordinates":[[147.2941587,-42.9382409],[147.2941159,-42.9292358],[147.294073,-42.9202308],[147.2940302,-42.9112257],[147.2939874,-42.9022205],[147.2939447,-42.8932154],[147.2939019,-42.8842103],[147.2938592,-42.8752051],[147.2938165,-42.8661999],[147.2937738,-42.8571947],[147.2937311,-42.8481895],[147.2936884,-42.8391843],[147.2936458,-42.8301791]]}},{"type":"Feature","properties":{"axis":"E","value":525000,"spacing":1000,"datum":"gda94"},"geometry":{"type":"LineString","coordinates":[[147.306415,-42.9382088],[147.3063703,-42.9292037],[147.3063257,-42.9201986],[147.3062811,-42.9111935],[147.3062365,-42.9021884],[147.306192,-42.8931833],[147.3061475,-42.8841782],[147.3061029,-42.875173],[147.3060584,-42.8661678],[147.306014,-42.8571627],[147.3059695,-42.8481575],[147.3059251,-42.8391523],[147.3058807,-42.830147]]}},{"type":"Feature","properties":{"axis":"E","value":526000,"spacing":1000,"datum":"gda94"},"geometry":{"type":"LineString","coordinates":[[147.3186712,-42.9381753],[147.3186248,-42.9291703],[147.3185784,-42.9201652],[147.318532,-42.9111601],[147.3184856,-42.902155],[147.3184393,-42.8931499],[147.318393,-42.8841448],[147.3183467,-42.8751396],[147.3183004,-42.8661345],[147.3182541,-42.8571293],[147.3182079,-42.8481241],[147.3181617,-42.8391189],[147.3181155,-42.8301137]]}},{"type":"Feature","properties":{"axis":"E","value":527000,"spacing":1000,"datum":"gda94"},"geometry":{"type":"LineString","coordinates":[[147.3309274,-42.9381405],[147.3308792,-42.9291355],[147.330831,-42.9201304],[147.3307828,-42.9111254],[147.3307347,-42.9021203],[147.3306866,-42.8931152],[147.3306385,-42.8841101],[147.3305904,-42.8751049],[147.3305423,-42.8660998],[147.3304943,-42.8570946],[147.3304463,-42.8480894],[147.3303983,-42.8390843],[147.3303503,-42.8300791]]}},{"type":"Feature","properties":{"axis":"E","value":528000,"spacing":1000,"datum":"gda94"},"geometry":{"type":"LineString","coordinates":[[147.3431836,-42.9381045],[147.3431336,-42.9290994],[147.3430836,-42.9200944],[147.3430337,-42.9110893],[147.3429837,-42.9020842],[147.3429338,-42.8930791],[147.3428839,-42.884074],[147.3428341,-42.8750689],[147.3427843,-42.8660638],[147.3427344,-42.8570586],[147.3426847,-42.8480535],[147.3426349,-42.8390483],[147.3425852,-42.8300431]]}},{"type":"Feature","properties":{"axis":"E","value":529000,"spacing":1000,"datum":"gda94"},"geometry":{"type":"LineString","coordinates":[[147.3554397,-42.9380671],[147.3553879,-42.929062],[147.3553362,-42.920057],[147.3552845,-42.9110519],[147.3552327,-42.9020469],[147.3551811,-42.8930418],[147.3551294,-42.8840367],[147.3550778,-42.8750316],[147.3550262,-42.8660265],[147.3549746,-42.8570213],[147.354923,-42.8480162],[147.3548715,-42.839011],[147.3548199,-42.8300059]]}},{"type":"Feature","properties":{"axis":"E","value":530000,"spacing":1000,"datum":"gda94"},"geometry":{"type":"LineString","coordinates":[[147.3676959,-42.9380283],[147.3676423,-42.9290233],[147.3675888,-42.9200183],[147.3675352,-42.9110133],[147.3674817,-42.9020082],[147.3674283,-42.8930032],[147.3673748,-42.8839981],[147.3673214,-42.874993],[147.367268,-42.8659879],[147.3672147,-42.8569827],[147.3671613,-42.8479776],[147.367108,-42.8389725],[147.3670547,-42.8299673]]}},{"type":"Feature","properties":{"axis":"E","value":531000,"spacing":1000,"datum":"gda94"},"geometry":{"type":"LineString","coordinates":[[147.379952,-42.9379883],[147.3798966,-42.9289833],[147.3798413,-42.9199783],[147.379786,-42.9109733],[147.3797307,-42.9019683],[147.3796755,-42.8929632],[147.3796202,-42.8839581],[147.379565,-42.874953],[147.3795099,-42.8659479],[147.3794547,-42.8569428],[147.3793996,-42.8479377],[147.3793445,-42.8389326],[147.3792894,-42.8299274]]}},{"type":"Feature","properties":{"axis":"E","value":532000,"spacing":1000,"datum":"gda94"},"geometry":{"type":"LineString","coordinates":[[147.392208,-42.937947],[147.3921509,-42.928942],[147.3920938,-42.919937],[147.3920367,-42.910932],[147.3919797,-42.901927],[147.3919226,-42.8929219],[147.3918656,-42.8839169],[147.3918086,-42.8749118],[147.3917517,-42.8659067],[147.3916948,-42.8569016],[147.3916379,-42.8478965],[147.391581,-42.8388914],[147.3915241,-42.8298862]]}},{"type":"Feature","properties":{"axis":"E","value":533000,"spacing":1000,"datum":"gda94"},"geometry":{"type":"LineString","coordinates":[[147.4044641,-42.9379043],[147.4044052,-42.9288994],[147.4043463,-42.9198944],[147.4042874,-42.9108894],[147.4042286,-42.9018844],[147.4041698,-42.8928793],[147.404111,-42.8838743],[147.4040522,-42.8748692],[147.4039935,-42.8658642],[147.4039348,-42.8568591],[147.4038761,-42.847854],[147.4038174,-42.8388489],[147.4037588,-42.8298438]]}},{"type":"Feature","properties":{"axis":"N","value":5246000,"spacing":1000,"datum":"gda94"},"geometry":{"type":"LineString","coordinates":[[147.2573899,-42.9383295],[147.2696462,-42.9383013],[147.2819025,-42.9382718],[147.2941587,-42.9382409],[147.306415,-42.9382088],[147.3186712,-42.9381753],[147.3309274,-42.9381405],[147.3431836,-42.9381045],[147.3554397,-42.9380671],[147.3676959,-42.9380283],[147.379952,-42.9379883],[147.392208,-42.937947],[147.4044641,-42.9379043]]}},{"type":"Feature","properties":{"axis":"N","value":5247000,"spacing":1000,"datum":"gda94"},"geometry":{"type":"LineString","coordinates":[[147.2573524,-42.9293244],[147.2696069,-42.9292962],[147.2818614,-42.9292667],[147.2941159,-42.9292358],[147.3063703,-42.9292037],[147.3186248,-42.9291703],[147.3308792,-42.9291355],[147.3431336,-42.9290994],[147.3553879,-42.929062],[147.3676423,-42.9290233],[147.3798966,-42.9289833],[147.3921509,-42.928942],[147.4044052,-42.9288994]]}},{"type":"Feature","properties":{"axis":"N","value":5248000,"spacing":1000,"datum":"gda94"},"geometry":{"type":"LineString","coordinates":[[147.2573149,-42.9203193],[147.2695676,-42.9202911],[147.2818204,-42.9202616],[147.294073,-42.9202308],[147.3063257,-42.9201986],[147.3185784,-42.9201652],[147.330831,-42.9201304],[147.3430836,-42.9200944],[147.3553362,-42.920057],[147.3675888,-42.9200183],[147.3798413,-42.9199783],[147.3920938,-42.919937],[147.4043463,-42.9198944]]}},{"type":"Feature","properties":{"axis":"N","value":5249000,"spacing":1000,"datum":"gda94"},"geometry":{"type":"LineString","coordinates":[[147.2572775,-42.9113141],[147.2695284,-42.911286],[147.2817793,-42.9112565],[147.2940302,-42.9112257],[147.3062811,-42.9111935],[147.318532,-42.9111601],[147.3307828,-42.9111254],[147.3430337,-42.9110893],[147.3552845,-42.9110519],[147.3675352,-42.9110133],[147.379786,-42.9109733],[147.3920367,-42.910932],[147.4042874,-42.9108894]]}},{"type":"Feature","properties":{"axis":"N","value":5250000,"spacing":1000,"datum":"gda94"},"geometry":{"type":"LineString","coordinates":[[147.25724,-42.902309],[147.2694892,-42.9022808],[147.2817383,-42.9022513],[147.2939874,-42.9022205],[147.3062365,-42.9021884],[147.3184856,-42.902155],[147.3307347,-42.9021203],[147.3429837,-42.9020842],[147.3552327,-42.9020469],[147.3674817,-42.9020082],[147.3797307,-42.9019683],[147.3919797,-42.901927],[147.4042286,-42.9018844]]}},{"type":"Feature","properties":{"axis":"N","value":5251000,"spacing":1000,"datum":"gda94"},"geometry":{"type":"LineString","coordinates":[[147.2572026,-42.8933038],[147.26945,-42.8932757],[147.2816973,-42.8932462],[147.2939447,-42.8932154],[147.306192,-42.8931833],[147.3184393,-42.8931499],[147.3306866,-42.8931152],[147.3429338,-42.8930791],[147.3551811,-42.8930418],[147.3674283,-42.8930032],[147.3796755,-42.8929632],[147.3919226,-42.8929219],[147.4041698,-42.8928793]]}},{"type":"Feature","properties":{"axis":"N","value":5252000,"spacing":1000,"datum":"gda94"},"geometry":{"type":"LineString","coordinates":[[147.2571652,-42.8842987],[147.2694108,-42.8842705],[147.2816564,-42.884241],[147.2939019,-42.8842103],[147.3061475,-42.8841782],[147.318393,-42.8841448],[147.3306385,-42.8841101],[147.3428839,-42.884074],[147.3551294,-42.8840367],[147.3673748,-42.8839981],[147.3796202,-42.8839581],[147.3918656,-42.8839169],[147.404111,-42.8838743]]}},{"type":"Feature","properties":{"axis":"N","value":5253000,"spacing":1000,"datum":"gda94"},"geometry":{"type":"LineString","coordinates":[[147.2571278,-42.8752935],[147.2693716,-42.8752653],[147.2816154,-42.8752359],[147.2938592,-42.8752051],[147.3061029,-42.875173],[147.3183467,-42.8751396],[147.3305904,-42.8751049],[147.3428341,-42.8750689],[147.3550778,-42.8750316],[147.3673214,-42.874993],[147.379565,-42.874953],[147.3918086,-42.8749118],[147.4040522,-42.8748692]]}},{"type":"Feature","properties":{"axis":"N","value":5254000,"spacing":1000,"datum":"gda94"},"geometry":{"type":"LineString","coordinates":[[147.2570904,-42.8662883],[147.2693324,-42.8662601],[147.2815745,-42.8662307],[147.2938165,-42.8661999],[147.3060584,-42.8661678],[147.3183004,-42.8661345],[147.3305423,-42.8660998],[147.3427843,-42.8660638],[147.3550262,-42.8660265],[147.367268,-42.8659879],[147.3795099,-42.8659479],[147.3917517,-42.8659067],[147.4039935,-42.8658642]]}},{"type":"Feature","properties":{"axis":"N","value":5255000,"spacing":1000,"datum":"gda94"},"geometry":{"type":"LineString","coordinates":[[147.257053,-42.857283],[147.2692933,-42.8572549],[147.2815335,-42.8572255],[147.2937738,-42.8571947],[147.306014,-42.8571627],[147.3182541,-42.8571293],[147.3304943,-42.8570946],[147.3427344,-42.8570586],[147.3549746,-42.8570213],[147.3672147,-42.8569827],[147.3794547,-42.8569428],[147.3916948,-42.8569016],[147.4039348,-42.8568591]]}},{"type":"Feature","properties":{"axis":"N","value":5256000,"spacing":1000,"datum":"gda94"},"geometry":{"type":"LineString","coordinates":[[147.2570157,-42.8482778],[147.2692542,-42.8482497],[147.2814926,-42.8482203],[147.2937311,-42.8481895],[147.3059695,-42.8481575],[147.3182079,-42.8481241],[147.3304463,-42.8480894],[147.3426847,-42.8480535],[147.354923,-42.8480162],[147.3671613,-42.8479776],[147.3793996,-42.8479377],[147.3916379,-42.8478965],[147.4038761,-42.847854]]}},{"type":"Feature","properties":{"axis":"N","value":5257000,"spacing":1000,"datum":"gda94"},"geometry":{"type":"LineString","coordinates":[[147.2569784,-42.8392726],[147.2692151,-42.8392445],[147.2814518,-42.839215],[147.2936884,-42.8391843],[147.3059251,-42.8391523],[147.3181617,-42.8391189],[147.3303983,-42.8390843],[147.3426349,-42.8390483],[147.3548715,-42.839011],[147.367108,-42.8389725],[147.3793445,-42.8389326],[147.391581,-42.8388914],[147.4038174,-42.8388489]]}},{"type":"Feature","properties":{"axis":"N","value":5258000,"spacing":1000,"datum":"gda94"},"geometry":{"type":"LineString","coordinates":[[147.2569411,-42.8302673],[147.269176,-42.8302392],[147.2814109,-42.8302098],[147.2936458,-42.8301791],[147.3058807,-42.830147],[147.3181155,-42.8301137],[147.3303503,-42.8300791],[147.3425852,-42.8300431],[147.3548199,-42.8300059],[147.3670547,-42.8299673],[147.3792894,-42.8299274],[147.3915241,-42.8298862],[147.4037588,-42.8298438]]}},{"type":"Feature","properties":{"axis":"E","value":521100,"spacing":100,"datum":"gda94"},"geometry":{"type":"LineString","coordinates":[[147.2586155,-42.9383267],[147.2585779,-42.9293216],[147.2585402,-42.9203165],[147.2585026,-42.9113114],[147.2584649,-42.9023062],[147.2584273,-42.8933011],[147.2583897,-42.8842959],[147.2583522,-42.8752907],[147.2583146,-42.8662855],[147.2582771,-42.8572803],[147.2582396,-42.8482751],[147.2582021,-42.8392698],[147.2581646,-42.8302646]]}},{"type":"Feature","properties":{"axis":"E","value":521200,"spacing":100,"datum":"gda94"},"geometry":{"type":"LineString","coordinates":[[147.2598412,-42.938324],[147.2598033,-42.9293189],[147.2597655,-42.9203137],[147.2597276,-42.9113086],[147.2596898,-42.9023035],[147.2596521,-42.8932983],[147.2596143,-42.8842931],[147.2595765,-42.8752879],[147.2595388,-42.8662827],[147.2595011,-42.8572775],[147.2594634,-42.8482723],[147.2594257,-42.8392671],[147.2593881,-42.8302618]]}},{"type":"Feature","properties":{"axis":"E","value":521300,"spacing":100,"datum":"gda94"},"geometry":{"type":"LineString","coordinates":[[147.2610668,-42.9383212],[147.2610288,-42.9293161],[147.2609907,-42.920311],[147.2609527,-42.9113058],[147.2609148,-42.9023007],[147.2608768,-42.8932955],[147.2608389,-42.8842903],[147.2608009,-42.8752852],[147.260763,-42.86628],[147.2607251,-42.8572747],[147.2606873,-42.8482695],[147.2606494,-42.8392643],[147.2606116,-42.830259]]}},{"type":"Feature","properties":{"axis":"E","value":521400,"spacing":100,"datum":"gda94"},"geometry":{"type":"LineString","coordinates":[[147.2622924,-42.9383184],[147.2622542,-42.9293133],[147.262216,-42.9203082],[147.2621778,-42.911303],[147.2621397,-42.9022979],[147.2621015,-42.8932927],[147.2620634,-42.8842876],[147.2620253,-42.8752824],[147.2619872,-42.8662772],[147.2619492,-42.857272],[147.2619111,-42.8482667],[147.2618731,-42.8392615],[147.261835,-42.8302562]]}},{"type":"Feature","properties":{"axis":"E","value":521500,"spacing":100,"datum":"gda94"},"geometry":{"type":"LineString","coordinates":[[147.263518,-42.9383156],[147.2634797,-42.9293105],[147.2634413,-42.9203053],[147.2634029,-42.9113002],[147.2633646,-42.9022951],[147.2633263,-42.8932899],[147.263288,-42.8842847],[147.2632497,-42.8752796],[147.2632114,-42.8662744],[147.2631732,-42.8572691],[147.2631349,-42.8482639],[147.2630967,-42.8392587],[147.2630585,-42.8302534]]}},{"type":"Feature","properties":{"axis":"E","value":521600,"spacing":100,"datum":"gda94"},"geometry":{"type":"LineString","coordinates":[[147.2647437,-42.9383127],[147.2647051,-42.9293076],[147.2646666,-42.9203025],[147.264628,-42.9112974],[147.2645895,-42.9022922],[147.264551,-42.8932871],[147.2645125,-42.8842819],[147.2644741,-42.8752767],[147.2644356,-42.8662715],[147.2643972,-42.8572663],[147.2643588,-42.8482611],[147.2643204,-42.8392559],[147.264282,-42.8302506]]}},{"type":"Feature","properties":{"axis":"E","value":521700,"spacing":100,"datum":"gda94"},"geometry":{"type":"LineString","coordinates":[[147.2659693,-42.9383099],[147.2659306,-42.9293048],[147.2658918,-42.9202997],[147.2658531,-42.9112946],[147.2658144,-42.9022894],[147.2657758,-42.8932843],[147.2657371,-42.8842791],[147.2656985,-42.8752739],[147.2656598,-42.8662687],[147.2656212,-42.8572635],[147.2655826,-42.8482583],[147.2655441,-42.839253],[147.2655055,-42.8302478]]}},{"type":"Feature","properties":{"axis":"E","value":521800,"spacing":100,"datum":"gda94"},"geometry":{"type":"LineString","coordinates":[[147.2671949,-42.938307],[147.267156,-42.9293019],[147.2671171,-42.9202968],[147.2670782,-42.9112917],[147.2670393,-42.9022866],[147.2670005,-42.8932814],[147.2669617,-42.8842762],[147.2669228,-42.8752711],[147.266884,-42.8662659],[147.2668453,-42.8572606],[147.2668065,-42.8482554],[147.2667677,-42.8392502],[147.266729,-42.8302449]]}},{"type":"Feature","properties":{"axis":"E","value":521900,"spacing":100,"datum":"gda94"},"geometry":{"type":"LineString","coordinates":[[147.2684206,-42.9383042],[147.2683815,-42.9292991],[147.2683424,-42.920294],[147.2683033,-42.9112888],[147.2682643,-42.9022837],[147.2682252,-42.8932785],[147.2681862,-42.8842734],[147.2681472,-42.8752682],[147.2681082,-42.866263],[147.2680693,-42.8572578],[147.2680303,-42.8482526],[147.2679914,-42.8392473],[147.2679525,-42.8302421]]}},{"type":"Feature","properties":{"axis":"E","value":522100,"spacing":100,"datum":"gda94"},"geometry":{"type":"LineString","coordinates":[[147.2708718,-42.9382984],[147.2708324,-42.9292933],[147.2707929,-42.9202882],[147.2707535,-42.9112831],[147.2707141,-42.9022779],[147.2706747,-42.8932728],[147.2706353,-42.8842676],[147.270596,-42.8752624],[147.2705566,-42.8662572],[147.2705173,-42.857252],[147.270478,-42.8482468],[147.2704388,-42.8392416],[147.2703995,-42.8302363]]}},{"type":"Feature","properties":{"axis":"E","value":522200,"spacing":100,"datum":"gda94"},"geometry":{"type":"LineString","coordinates":[[147.2720975,-42.9382955],[147.2720578,-42.9292904],[147.2720182,-42.9202853],[147.2719786,-42.9112802],[147.271939,-42.902275],[147.2718994,-42.8932699],[147.2718599,-42.8842647],[147.2718204,-42.8752595],[147.2717808,-42.8662543],[147.2717414,-42.8572491],[147.2717019,-42.8482439],[147.2716624,-42.8392387],[147.271623,-42.8302334]]}},{"type":"Feature","properties":{"axis":"E","value":522300,"spacing":100,"datum":"gda94"},"geometry":{"type":"LineString","coordinates":[[147.2733231,-42.9382926],[147.2732833,-42.9292875],[147.2732435,-42.9202824],[147.2732037,-42.9112772],[147.2731639,-42.9022721],[147.2731242,-42.893267],[147.2730844,-42.8842618],[147.2730447,-42.8752566],[147.2730051,-42.8662514],[147.2729654,-42.8572462],[147.2729257,-42.848241],[147.2728861,-42.8392358],[147.2728465,-42.8302305]]}},{"type":"Feature","properties":{"axis":"E","value":522400,"spacing":100,"datum":"gda94"},"geometry":{"type":"LineString","coordinates":[[147.2745487,-42.9382896],[147.2745087,-42.9292845],[147.2744687,-42.9202794],[147.2744288,-42.9112743],[147.2743888,-42.9022692],[147.2743489,-42.893264],[147.274309,-42.8842589],[147.2742691,-42.8752537],[147.2742293,-42.8662485],[147.2741894,-42.8572433],[147.2741496,-42.8482381],[147.2741098,-42.8392328],[147.27407,-42.8302276]]}},{"type":"Feature","properties":{"axis":"E","value":522500,"spacing":100,"datum":"gda94"},"geometry":{"type":"LineString","coordinates":[[147.2757743,-42.9382867],[147.2757342,-42.9292816],[147.275694,-42.9202765],[147.2756539,-42.9112714],[147.2756137,-42.9022662],[147.2755736,-42.8932611],[147.2755336,-42.8842559],[147.2754935,-42.8752508],[147.2754535,-42.8662456],[147.2754134,-42.8572404],[147.2753734,-42.8482351],[147.2753334,-42.8392299],[147.2752935,-42.8302247]]}},{"type":"Feature","properties":{"axis":"E","value":522600,"spacing":100,"datum":"gda94"},"geometry":{"type":"LineString","coordinates":[[147.277,-42.9382837],[147.2769596,-42.9292786],[147.2769193,-42.9202735],[147.276879,-42.9112684],[147.2768387,-42.9022633],[147.2767984,-42.8932581],[147.2767581,-42.884253],[147.2767179,-42.8752478],[147.2766777,-42.8662426],[147.2766375,-42.8572374],[147.2765973,-42.8482322],[147.2765571,-42.839227],[147.2765169,-42.8302217]]}},{"type":"Feature","properties":{"axis":"E","value":522700,"spacing":100,"datum":"gda94"},"geometry":{"type":"LineString","coordinates":[[147.2782256,-42.9382808],[147.2781851,-42.9292757],[147.2781445,-42.9202706],[147.2781041,-42.9112654],[147.2780636,-42.9022603],[147.2780231,-42.8932552],[147.2779827,-42.88425],[147.2779423,-42.8752448],[147.2779019,-42.8662396],[147.2778615,-42.8572344],[147.2778211,-42.8482292],[147.2777808,-42.839224],[147.2777404,-42.8302187]]}},{"type":"Feature","properties":{"axis":"E","value":522800,"spacing":100,"datum":"gda94"},"geometry":{"type":"LineString","coordinates":[[147.2794512,-42.9382778],[147.2794105,-42.9292727],[147.2793698,-42.9202676],[147.2793291,-42.9112625],[147.2792885,-42.9022573],[147.2792479,-42.8932522],[147.2792072,-42.884247],[147.2791666,-42.8752419],[147.2791261,-42.8662367],[147.2790855,-42.8572315],[147.279045,-42.8482262],[147.2790044,-42.839221],[147.2789639,-42.8302158]]}},{"type":"Feature","properties":{"axis":"E","value":522900,"spacing":100,"datum":"gda94"},"geometry":{"type":"LineString","coordinates":[[147.2806768,-42.9382748],[147.280636,-42.9292697],[147.2805951,-42.9202646],[147.2805542,-42.9112595],[147.2805134,-42.9022543],[147.2804726,-42.8932492],[147.2804318,-42.884244],[147.280391,-42.8752389],[147.2803503,-42.8662337],[147.2803095,-42.8572285],[147.2802688,-42.8482233],[147.2802281,-42.839218],[147.2801874,-42.8302128]]}},{"type":"Feature","properties":{"axis":"E","value":523100,"spacing":100,"datum":"gda94"},"geometry":{"type":"LineString","coordinates":[[147.2831281,-42.9382687],[147.2830869,-42.9292637],[147.2830456,-42.9202586],[147.2830044,-42.9112534],[147.2829632,-42.9022483],[147.2829221,-42.8932432],[147.2828809,-42.884238],[147.2828398,-42.8752328],[147.2827987,-42.8662277],[147.2827576,-42.8572225],[147.2827165,-42.8482172],[147.2826754,-42.839212],[147.2826344,-42.8302068]]}},{"type":"Feature","properties":{"axis":"E","value":523200,"spacing":100,"datum":"gda94"},"geometry":{"type":"LineString","coordinates":[[147.2843537,-42.9382657],[147.2843123,-42.9292606],[147.2842709,-42.9202555],[147.2842295,-42.9112504],[147.2841881,-42.9022453],[147.2841468,-42.8932401],[147.2841055,-42.884235],[147.2840642,-42.8752298],[147.2840229,-42.8662246],[147.2839816,-42.8572194],[147.2839403,-42.8482142],[147.2838991,-42.839209],[147.2838579,-42.8302037]]}},{"type":"Feature","properties":{"axis":"E","value":523300,"spacing":100,"datum":"gda94"},"geometry":{"type":"LineString","coordinates":[[147.2855794,-42.9382626],[147.2855378,-42.9292576],[147.2854962,-42.9202525],[147.2854546,-42.9112474],[147.2854131,-42.9022422],[147.2853715,-42.8932371],[147.28533,-42.8842319],[147.2852885,-42.8752268],[147.2852471,-42.8662216],[147.2852056,-42.8572164],[147.2851642,-42.8482112],[147.2851228,-42.8392059],[147.2850814,-42.8302007]]}},{"type":"Feature","properties":{"axis":"E","value":523400,"spacing":100,"datum":"gda94"},"geometry":{"type":"LineString","coordinates":[[147.286805,-42.9382596],[147.2867632,-42.9292545],[147.2867214,-42.9202494],[147.2866797,-42.9112443],[147.286638,-42.9022392],[147.2865963,-42.893234],[147.2865546,-42.8842289],[147.2865129,-42.8752237],[147.2864713,-42.8662185],[147.2864296,-42.8572133],[147.286388,-42.8482081],[147.2863464,-42.8392029],[147.2863049,-42.8301977]]}},{"type":"Feature","properties":{"axis":"E","value":523500,"spacing":100,"datum":"gda94"},"geometry":{"type":"LineString","coordinates":[[147.2880306,-42.9382565],[147.2879886,-42.9292514],[147.2879467,-42.9202463],[147.2879048,-42.9112412],[147.2878629,-42.9022361],[147.287821,-42.893231],[147.2877791,-42.8842258],[147.2877373,-42.8752206],[147.2876955,-42.8662155],[147.2876537,-42.8572103],[147.2876119,-42.8482051],[147.2875701,-42.8391998],[147.2875284,-42.8301946]]}},{"type":"Feature","properties":{"axis":"E","value":523600,"spacing":100,"datum":"gda94"},"geometry":{"type":"LineString","coordinates":[[147.2892562,-42.9382534],[147.2892141,-42.9292483],[147.289172,-42.9202432],[147.2891299,-42.9112381],[147.2890878,-42.902233],[147.2890457,-42.8932279],[147.2890037,-42.8842227],[147.2889617,-42.8752176],[147.2889197,-42.8662124],[147.2888777,-42.8572072],[147.2888357,-42.848202],[147.2887938,-42.8391967],[147.2887518,-42.8301915]]}},{"type":"Feature","properties":{"axis":"E","value":523700,"spacing":100,"datum":"gda94"},"geometry":{"type":"LineString","coordinates":[[147.2904819,-42.9382503],[147.2904395,-42.9292452],[147.2903972,-42.9202401],[147.290355,-42.911235],[147.2903127,-42.9022299],[147.2902705,-42.8932248],[147.2902282,-42.8842196],[147.290186,-42.8752145],[147.2901439,-42.8662093],[147.2901017,-42.8572041],[147.2900596,-42.8481989],[147.2900174,-42.8391937],[147.2899753,-42.8301884]]}},{"type":"Feature","properties":{"axis":"E","value":523800,"spacing":100,"datum":"gda94"},"geometry":{"type":"LineString","coordinates":[[147.2917075,-42.9382472],[147.291665,-42.9292421],[147.2916225,-42.920237],[147.2915801,-42.9112319],[147.2915376,-42.9022268],[147.2914952,-42.8932217],[147.2914528,-42.8842165],[147.2914104,-42.8752113],[147.2913681,-42.8662062],[147.2913257,-42.857201],[147.2912834,-42.8481958],[147.2912411,-42.8391906],[147.2911988,-42.8301853]]}},{"type":"Feature","properties":{"axis":"E","value":523900,"spacing":100,"datum":"gda94"},"geometry":{"type":"LineString","coordinates":[[147.2929331,-42.9382441],[147.2928904,-42.929239],[147.2928478,-42.9202339],[147.2928051,-42.9112288],[147.2927625,-42.9022237],[147.2927199,-42.8932185],[147.2926774,-42.8842134],[147.2926348,-42.8752082],[147.2925923,-42.866203],[147.2925497,-42.8571979],[147.2925072,-42.8481927],[147.2924648,-42.8391874],[147.2924223,-42.8301822]]}},{"type":"Feature","properties":{"axis":"E","value":524100,"spacing":100,"datum":"gda94"},"geometry":{"type":"LineString","coordinates":[[147.2953844,-42.9382378],[147.2953413,-42.9292327],[147.2952983,-42.9202276],[147.2952553,-42.9112225],[147.2952124,-42.9022174],[147.2951694,-42.8932122],[147.2951265,-42.8842071],[147.2950836,-42.8752019],[147.2950407,-42.8661968],[147.2949978,-42.8571916],[147.2949549,-42.8481864],[147.2949121,-42.8391812],[147.2948693,-42.8301759]]}},{"type":"Feature","properties":{"axis":"E","value":524200,"spacing":100,"datum":"gda94"},"geometry":{"type":"LineString","coordinates":[[147.29661,-42.9382346],[147.2965668,-42.9292295],[147.2965236,-42.9202244],[147.2964804,-42.9112193],[147.2964373,-42.9022142],[147.2963941,-42.8932091],[147.296351,-42.8842039],[147.2963079,-42.8751988],[147.2962649,-42.8661936],[147.2962218,-42.8571884],[147.2961788,-42.8481832],[147.2961358,-42.839178],[147.2960928,-42.8301728]]}},{"type":"Feature","properties":{"axis":"E","value":524300,"spacing":100,"datum":"gda94"},"geometry":{"type":"LineString","coordinates":[[147.2978356,-42.9382314],[147.2977922,-42.9292263],[147.2977489,-42.9202213],[147.2977055,-42.9112162],[147.2976622,-42.902211],[147.2976189,-42.8932059],[147.2975756,-42.8842008],[147.2975323,-42.8751956],[147.2974891,-42.8661904],[147.2974458,-42.8571852],[147.2974026,-42.84818],[147.2973594,-42.8391748],[147.2973163,-42.8301696]]}},{"type":"Feature","properties":{"axis":"E","value":524400,"spacing":100,"datum":"gda94"},"geometry":{"type":"LineString","coordinates":[[147.2990612,-42.9382282],[147.2990177,-42.9292231],[147.2989741,-42.9202181],[147.2989306,-42.911213],[147.2988871,-42.9022078],[147.2988436,-42.8932027],[147.2988001,-42.8841976],[147.2987567,-42.8751924],[147.2987133,-42.8661872],[147.2986699,-42.8571821],[147.2986265,-42.8481769],[147.2985831,-42.8391716],[147.2985397,-42.8301664]]}},{"type":"Feature","properties":{"axis":"E","value":524500,"spacing":100,"datum":"gda94"},"geometry":{"type":"LineString","coordinates":[[147.3002869,-42.938225],[147.3002431,-42.9292199],[147.3001994,-42.9202149],[147.3001557,-42.9112098],[147.300112,-42.9022046],[147.3000683,-42.8931995],[147.3000247,-42.8841944],[147.2999811,-42.8751892],[147.2999375,-42.866184],[147.2998939,-42.8571789],[147.2998503,-42.8481737],[147.2998068,-42.8391684],[147.2997632,-42.8301632]]}},{"type":"Feature","properties":{"axis":"E","value":524600,"spacing":100,"datum":"gda94"},"geometry":{"type":"LineString","coordinates":[[147.3015125,-42.9382218],[147.3014686,-42.9292167],[147.3014247,-42.9202116],[147.3013808,-42.9112065],[147.3013369,-42.9022014],[147.3012931,-42.8931963],[147.3012492,-42.8841912],[147.3012054,-42.875186],[147.3011617,-42.8661808],[147.3011179,-42.8571756],[147.3010741,-42.8481704],[147.3010304,-42.8391652],[147.3009867,-42.83016]]}},{"type":"Feature","properties":{"axis":"E","value":524700,"spacing":100,"datum":"gda94"},"geometry":{"type":"LineString","coordinates":[[147.3027381,-42.9382186],[147.302694,-42.9292135],[147.3026499,-42.9202084],[147.3026059,-42.9112033],[147.3025618,-42.9021982],[147.3025178,-42.8931931],[147.3024738,-42.8841879],[147.3024298,-42.8751828],[147.3023859,-42.8661776],[147.3023419,-42.8571724],[147.302298,-42.8481672],[147.3022541,-42.839162],[147.3022102,-42.8301568]]}},{"type":"Feature","properties":{"axis":"E","value":524800,"spacing":100,"datum":"gda94"},"geometry":{"type":"LineString","coordinates":[[147.3039637,-42.9382153],[147.3039194,-42.9292102],[147.3038752,-42.9202052],[147.3038309,-42.9112001],[147.3037867,-42.902195],[147.3037425,-42.8931898],[147.3036983,-42.8841847],[147.3036542,-42.8751795],[147.30361,-42.8661744],[147.3035659,-42.8571692],[147.3035218,-42.848164],[147.3034778,-42.8391588],[147.3034337,-42.8301535]]}},{"type":"Feature","properties":{"axis":"E","value":524900,"spacing":100,"datum":"gda94"},"geometry":{"type":"LineString","coordinates":[[147.3051894,-42.938212],[147.3051449,-42.929207],[147.3051005,-42.9202019],[147.305056,-42.9111968],[147.3050116,-42.9021917],[147.3049673,-42.8931866],[147.3049229,-42.8841814],[147.3048786,-42.8751763],[147.3048342,-42.8661711],[147.3047899,-42.8571659],[147.3047457,-42.8481607],[147.3047014,-42.8391555],[147.3046572,-42.8301503]]}},{"type":"Feature","properties":{"axis":"E","value":525100,"spacing":100,"datum":"gda94"},"geometry":{"type":"LineString","coordinates":[[147.3076406,-42.9382055],[147.3075958,-42.9292004],[147.307551,-42.9201953],[147.3075062,-42.9111902],[147.3074615,-42.9021851],[147.3074167,-42.89318],[147.307372,-42.8841749],[147.3073273,-42.8751697],[147.3072826,-42.8661646],[147.307238,-42.8571594],[147.3071934,-42.8481542],[147.3071487,-42.839149],[147.3071042,-42.8301438]]}},{"type":"Feature","properties":{"axis":"E","value":525200,"spacing":100,"datum":"gda94"},"geometry":{"type":"LineString","coordinates":[[147.3088662,-42.9382022],[147.3088212,-42.9291971],[147.3087763,-42.920192],[147.3087313,-42.911187],[147.3086864,-42.9021818],[147.3086415,-42.8931767],[147.3085966,-42.8841716],[147.3085517,-42.8751664],[147.3085068,-42.8661613],[147.308462,-42.8571561],[147.3084172,-42.8481509],[147.3083724,-42.8391457],[147.3083276,-42.8301405]]}},{"type":"Feature","properties":{"axis":"E","value":525300,"spacing":100,"datum":"gda94"},"geometry":{"type":"LineString","coordinates":[[147.3100918,-42.9381989],[147.3100467,-42.9291938],[147.3100015,-42.9201887],[147.3099564,-42.9111836],[147.3099113,-42.9021785],[147.3098662,-42.8931734],[147.3098211,-42.8841683],[147.3097761,-42.8751631],[147.309731,-42.866158],[147.309686,-42.8571528],[147.309641,-42.8481476],[147.3095961,-42.8391424],[147.3095511,-42.8301372]]}},{"type":"Feature","properties":{"axis":"E","value":525400,"spacing":100,"datum":"gda94"},"geometry":{"type":"LineString","coordinates":[[147.3113175,-42.9381955],[147.3112721,-42.9291905],[147.3112268,-42.9201854],[147.3111815,-42.9111803],[147.3111362,-42.9021752],[147.3110909,-42.8931701],[147.3110457,-42.884165],[147.3110004,-42.8751598],[147.3109552,-42.8661547],[147.31091,-42.8571495],[147.3108649,-42.8481443],[147.3108197,-42.8391391],[147.3107746,-42.8301339]]}},{"type":"Feature","properties":{"axis":"E","value":525500,"spacing":100,"datum":"gda94"},"geometry":{"type":"LineString","coordinates":[[147.3125431,-42.9381922],[147.3124976,-42.9291871],[147.312452,-42.9201821],[147.3124066,-42.911177],[147.3123611,-42.9021719],[147.3123156,-42.8931668],[147.3122702,-42.8841616],[147.3122248,-42.8751565],[147.3121794,-42.8661513],[147.3121341,-42.8571461],[147.3120887,-42.848141],[147.3120434,-42.8391358],[147.3119981,-42.8301305]]}},{"type":"Feature","properties":{"axis":"E","value":525600,"spacing":100,"datum":"gda94"},"geometry":{"type":"LineString","coordinates":[[147.3137687,-42.9381889],[147.313723,-42.9291838],[147.3136773,-42.9201787],[147.3136316,-42.9111736],[147.313586,-42.9021685],[147.3135404,-42.8931634],[147.3134948,-42.8841583],[147.3134492,-42.8751531],[147.3134036,-42.866148],[147.3133581,-42.8571428],[147.3133126,-42.8481376],[147.3132671,-42.8391324],[147.3132216,-42.8301272]]}},{"type":"Feature","properties":{"axis":"E","value":525700,"spacing":100,"datum":"gda94"},"geometry":{"type":"LineString","coordinates":[[147.3149943,-42.9381855],[147.3149484,-42.9291804],[147.3149026,-42.9201754],[147.3148567,-42.9111703],[147.3148109,-42.9021652],[147.3147651,-42.8931601],[147.3147193,-42.8841549],[147.3146736,-42.8751498],[147.3146278,-42.8661446],[147.3145821,-42.8571394],[147.3145364,-42.8481343],[147.3144907,-42.8391291],[147.3144451,-42.8301238]]}},{"type":"Feature","properties":{"axis":"E","value":525800,"spacing":100,"datum":"gda94"},"geometry":{"type":"LineString","coordinates":[[147.31622,-42.9381821],[147.3161739,-42.9291771],[147.3161278,-42.920172],[147.3160818,-42.9111669],[147.3160358,-42.9021618],[147.3159898,-42.8931567],[147.3159439,-42.8841515],[147.3158979,-42.8751464],[147.315852,-42.8661412],[147.3158061,-42.8571361],[147.3157602,-42.8481309],[147.3157144,-42.8391257],[147.3156685,-42.8301205]]}},{"type":"Feature","properties":{"axis":"E","value":525900,"spacing":100,"datum":"gda94"},"geometry":{"type":"LineString","coordinates":[[147.3174456,-42.9381787],[147.3173993,-42.9291737],[147.3173531,-42.9201686],[147.3173069,-42.9111635],[147.3172607,-42.9021584],[147.3172146,-42.8931533],[147.3171684,-42.8841482],[147.3171223,-42.875143],[147.3170762,-42.8661379],[147.3170301,-42.8571327],[147.3169841,-42.8481275],[147.316938,-42.8391223],[147.316892,-42.8301171]]}},{"type":"Feature","properties":{"axis":"E","value":526100,"spacing":100,"datum":"gda94"},"geometry":{"type":"LineString","coordinates":[[147.3198968,-42.9381719],[147.3198502,-42.9291668],[147.3198036,-42.9201618],[147.3197571,-42.9111567],[147.3197105,-42.9021516],[147.319664,-42.8931465],[147.3196175,-42.8841414],[147.3195711,-42.8751362],[147.3195246,-42.8661311],[147.3194782,-42.8571259],[147.3194318,-42.8481207],[147.3193854,-42.8391155],[147.319339,-42.8301103]]}},{"type":"Feature","properties":{"axis":"E","value":526200,"spacing":100,"datum":"gda94"},"geometry":{"type":"LineString","coordinates":[[147.3211224,-42.9381685],[147.3210757,-42.9291634],[147.3210289,-42.9201583],[147.3209822,-42.9111533],[147.3209354,-42.9021482],[147.3208887,-42.8931431],[147.3208421,-42.8841379],[147.3207954,-42.8751328],[147.3207488,-42.8661276],[147.3207022,-42.8571225],[147.3206556,-42.8481173],[147.320609,-42.8391121],[147.3205625,-42.8301069]]}},{"type":"Feature","properties":{"axis":"E","value":526300,"spacing":100,"datum":"gda94"},"geometry":{"type":"LineString","coordinates":[[147.3223481,-42.938165],[147.3223011,-42.92916],[147.3222542,-42.9201549],[147.3222072,-42.9111498],[147.3221604,-42.9021447],[147.3221135,-42.8931396],[147.3220666,-42.8841345],[147.3220198,-42.8751294],[147.321973,-42.8661242],[147.3219262,-42.857119],[147.3218794,-42.8481139],[147.3218327,-42.8391087],[147.321786,-42.8301034]]}},{"type":"Feature","properties":{"axis":"E","value":526400,"spacing":100,"datum":"gda94"},"geometry":{"type":"LineString","coordinates":[[147.3235737,-42.9381616],[147.3235265,-42.9291565],[147.3234794,-42.9201514],[147.3234323,-42.9111464],[147.3233853,-42.9021413],[147.3233382,-42.8931362],[147.3232912,-42.884131],[147.3232442,-42.8751259],[147.3231972,-42.8661208],[147.3231502,-42.8571156],[147.3231033,-42.8481104],[147.3230564,-42.8391052],[147.3230095,-42.8301]]}},{"type":"Feature","properties":{"axis":"E","value":526500,"spacing":100,"datum":"gda94"},"geometry":{"type":"LineString","coordinates":[[147.3247993,-42.9381581],[147.324752,-42.929153],[147.3247047,-42.920148],[147.3246574,-42.9111429],[147.3246102,-42.9021378],[147.3245629,-42.8931327],[147.3245157,-42.8841276],[147.3244685,-42.8751224],[147.3244214,-42.8661173],[147.3243742,-42.8571121],[147.3243271,-42.8481069],[147.32428,-42.8391018],[147.3242329,-42.8300965]]}},{"type":"Feature","properties":{"axis":"E","value":526600,"spacing":100,"datum":"gda94"},"geometry":{"type":"LineString","coordinates":[[147.3260249,-42.9381546],[147.3259774,-42.9291496],[147.32593,-42.9201445],[147.3258825,-42.9111394],[147.3258351,-42.9021343],[147.3257877,-42.8931292],[147.3257403,-42.8841241],[147.3256929,-42.875119],[147.3256456,-42.8661138],[147.3255982,-42.8571086],[147.3255509,-42.8481035],[147.3255037,-42.8390983],[147.3254564,-42.8300931]]}},{"type":"Feature","properties":{"axis":"E","value":526700,"spacing":100,"datum":"gda94"},"geometry":{"type":"LineString","coordinates":[[147.3272505,-42.9381511],[147.3272029,-42.9291461],[147.3271552,-42.920141],[147.3271076,-42.9111359],[147.32706,-42.9021308],[147.3270124,-42.8931257],[147.3269648,-42.8841206],[147.3269173,-42.8751155],[147.3268698,-42.8661103],[147.3268223,-42.8571052],[147.3267748,-42.8481],[147.3267273,-42.8390948],[147.3266799,-42.8300896]]}},{"type":"Feature","properties":{"axis":"E","value":526800,"spacing":100,"datum":"gda94"},"geometry":{"type":"LineString","coordinates":[[147.3284762,-42.9381476],[147.3284283,-42.9291426],[147.3283805,-42.9201375],[147.3283327,-42.9111324],[147.3282849,-42.9021273],[147.3282371,-42.8931222],[147.3281894,-42.8841171],[147.3281417,-42.875112],[147.328094,-42.8661068],[147.3280463,-42.8571017],[147.3279986,-42.8480965],[147.327951,-42.8390913],[147.3279034,-42.8300861]]}},{"type":"Feature","properties":{"axis":"E","value":526900,"spacing":100,"datum":"gda94"},"geometry":{"type":"LineString","coordinates":[[147.3297018,-42.9381441],[147.3296537,-42.929139],[147.3296057,-42.920134],[147.3295578,-42.9111289],[147.3295098,-42.9021238],[147.3294618,-42.8931187],[147.3294139,-42.8841136],[147.329366,-42.8751085],[147.3293181,-42.8661033],[147.3292703,-42.8570981],[147.3292225,-42.848093],[147.3291747,-42.8390878],[147.3291269,-42.8300826]]}},{"type":"Feature","properties":{"axis":"E","value":527100,"spacing":100,"datum":"gda94"},"geometry":{"type":"LineString","coordinates":[[147.332153,-42.938137],[147.3321046,-42.9291319],[147.3320563,-42.9201269],[147.3320079,-42.9111218],[147.3319596,-42.9021167],[147.3319113,-42.8931116],[147.331863,-42.8841065],[147.3318148,-42.8751014],[147.3317665,-42.8660962],[147.3317183,-42.8570911],[147.3316701,-42.8480859],[147.331622,-42.8390807],[147.3315738,-42.8300755]]}},{"type":"Feature","properties":{"axis":"E","value":527200,"spacing":100,"datum":"gda94"},"geometry":{"type":"LineString","coordinates":[[147.3333786,-42.9381334],[147.3333301,-42.9291284],[147.3332815,-42.9201233],[147.333233,-42.9111183],[147.3331845,-42.9021132],[147.333136,-42.8931081],[147.3330876,-42.884103],[147.3330391,-42.8750978],[147.3329907,-42.8660927],[147.3329423,-42.8570875],[147.332894,-42.8480824],[147.3328456,-42.8390772],[147.3327973,-42.830072]]}},{"type":"Feature","properties":{"axis":"E","value":527300,"spacing":100,"datum":"gda94"},"geometry":{"type":"LineString","coordinates":[[147.3346043,-42.9381299],[147.3345555,-42.9291248],[147.3345068,-42.9201198],[147.3344581,-42.9111147],[147.3344094,-42.9021096],[147.3343608,-42.8931045],[147.3343121,-42.8840994],[147.3342635,-42.8750943],[147.3342149,-42.8660891],[147.3341664,-42.857084],[147.3341178,-42.8480788],[147.3340693,-42.8390736],[147.3340208,-42.8300684]]}},{"type":"Feature","properties":{"axis":"E","value":527400,"spacing":100,"datum":"gda94"},"geometry":{"type":"LineString","coordinates":[[147.3358299,-42.9381263],[147.3357809,-42.9291212],[147.335732,-42.9201162],[147.3356832,-42.9111111],[147.3356343,-42.902106],[147.3355855,-42.8931009],[147.3355367,-42.8840958],[147.3354879,-42.8750907],[147.3354391,-42.8660855],[147.3353904,-42.8570804],[147.3353416,-42.8480752],[147.3352929,-42.83907],[147.3352443,-42.8300648]]}},{"type":"Feature","properties":{"axis":"E","value":527500,"spacing":100,"datum":"gda94"},"geometry":{"type":"LineString","coordinates":[[147.3370555,-42.9381227],[147.3370064,-42.9291176],[147.3369573,-42.9201126],[147.3369082,-42.9111075],[147.3368592,-42.9021024],[147.3368102,-42.8930973],[147.3367612,-42.8840922],[147.3367122,-42.8750871],[147.3366633,-42.8660819],[147.3366144,-42.8570768],[147.3365655,-42.8480716],[147.3365166,-42.8390664],[147.3364678,-42.8300612]]}},{"type":"Feature","properties":{"axis":"E","value":527600,"spacing":100,"datum":"gda94"},"geometry":{"type":"LineString","coordinates":[[147.3382811,-42.938119],[147.3382318,-42.929114],[147.3381826,-42.920109],[147.3381333,-42.9111039],[147.3380841,-42.9020988],[147.3380349,-42.8930937],[147.3379858,-42.8840886],[147.3379366,-42.8750835],[147.3378875,-42.8660783],[147.3378384,-42.8570732],[147.3377893,-42.848068],[147.3377403,-42.8390628],[147.3376912,-42.8300576]]}},{"type":"Feature","properties":{"axis":"E","value":527700,"spacing":100,"datum":"gda94"},"geometry":{"type":"LineString","coordinates":[[147.3395067,-42.9381154],[147.3394573,-42.9291104],[147.3394078,-42.9201053],[147.3393584,-42.9111003],[147.339309,-42.9020952],[147.3392597,-42.8930901],[147.3392103,-42.884085],[147.339161,-42.8750799],[147.3391117,-42.8660747],[147.3390624,-42.8570696],[147.3390132,-42.8480644],[147.3389639,-42.8390592],[147.3389147,-42.830054]]}},{"type":"Feature","properties":{"axis":"E","value":527800,"spacing":100,"datum":"gda94"},"geometry":{"type":"LineString","coordinates":[[147.3407323,-42.9381118],[147.3406827,-42.9291067],[147.3406331,-42.9201017],[147.3405835,-42.9110966],[147.3405339,-42.9020915],[147.3404844,-42.8930865],[147.3404349,-42.8840813],[147.3403854,-42.8750762],[147.3403359,-42.8660711],[147.3402864,-42.8570659],[147.340237,-42.8480608],[147.3401876,-42.8390556],[147.3401382,-42.8300504]]}},{"type":"Feature","properties":{"axis":"E","value":527900,"spacing":100,"datum":"gda94"},"geometry":{"type":"LineString","coordinates":[[147.341958,-42.9381081],[147.3419081,-42.9291031],[147.3418583,-42.920098],[147.3418086,-42.911093],[147.3417588,-42.9020879],[147.3417091,-42.8930828],[147.3416594,-42.8840777],[147.3416097,-42.8750726],[147.3415601,-42.8660674],[147.3415104,-42.8570623],[147.3414608,-42.8480571],[147.3414112,-42.839052],[147.3413617,-42.8300468]]}},{"type":"Feature","properties":{"axis":"E","value":528100,"spacing":100,"datum":"gda94"},"geometry":{"type":"LineString","coordinates":[[147.3444092,-42.9381008],[147.344359,-42.9290957],[147.3443089,-42.9200907],[147.3442587,-42.9110856],[147.3442086,-42.9020806],[147.3441586,-42.8930755],[147.3441085,-42.8840704],[147.3440585,-42.8750652],[147.3440084,-42.8660601],[147.3439585,-42.857055],[147.3439085,-42.8480498],[147.3438586,-42.8390446],[147.3438086,-42.8300394]]}},{"type":"Feature","properties":{"axis":"E","value":528200,"spacing":100,"datum":"gda94"},"geometry":{"type":"LineString","coordinates":[[147.3456348,-42.9380971],[147.3455845,-42.929092],[147.3455341,-42.920087],[147.3454838,-42.9110819],[147.3454335,-42.9020769],[147.3453833,-42.8930718],[147.345333,-42.8840667],[147.3452828,-42.8750616],[147.3452326,-42.8660564],[147.3451825,-42.8570513],[147.3451323,-42.8480461],[147.3450822,-42.839041],[147.3450321,-42.8300358]]}},{"type":"Feature","properties":{"axis":"E","value":528300,"spacing":100,"datum":"gda94"},"geometry":{"type":"LineString","coordinates":[[147.3468604,-42.9380934],[147.3468099,-42.9290883],[147.3467594,-42.9200833],[147.3467089,-42.9110782],[147.3466584,-42.9020732],[147.346608,-42.8930681],[147.3465576,-42.884063],[147.3465072,-42.8750579],[147.3464568,-42.8660527],[147.3464065,-42.8570476],[147.3463562,-42.8480424],[147.3463059,-42.8390373],[147.3462556,-42.8300321]]}},{"type":"Feature","properties":{"axis":"E","value":528400,"spacing":100,"datum":"gda94"},"geometry":{"type":"LineString","coordinates":[[147.348086,-42.9380897],[147.3480353,-42.9290846],[147.3479846,-42.9200796],[147.347934,-42.9110745],[147.3478833,-42.9020695],[147.3478327,-42.8930644],[147.3477821,-42.8840593],[147.3477316,-42.8750542],[147.347681,-42.866049],[147.3476305,-42.8570439],[147.34758,-42.8480387],[147.3475295,-42.8390335],[147.3474791,-42.8300284]]}},{"type":"Feature","properties":{"axis":"E","value":528500,"spacing":100,"datum":"gda94"},"geometry":{"type":"LineString","coordinates":[[147.3493117,-42.9380859],[147.3492608,-42.9290809],[147.3492099,-42.9200759],[147.3491591,-42.9110708],[147.3491082,-42.9020657],[147.3490574,-42.8930606],[147.3490067,-42.8840555],[147.3489559,-42.8750504],[147.3489052,-42.8660453],[147.3488545,-42.8570402],[147.3488038,-42.848035],[147.3487532,-42.8390298],[147.3487025,-42.8300246]]}},{"type":"Feature","properties":{"axis":"E","value":528600,"spacing":100,"datum":"gda94"},"geometry":{"type":"LineString","coordinates":[[147.3505373,-42.9380822],[147.3504862,-42.9290771],[147.3504352,-42.9200721],[147.3503841,-42.9110671],[147.3503331,-42.902062],[147.3502822,-42.8930569],[147.3502312,-42.8840518],[147.3501803,-42.8750467],[147.3501294,-42.8660416],[147.3500785,-42.8570364],[147.3500277,-42.8480313],[147.3499768,-42.8390261],[147.349926,-42.8300209]]}},{"type":"Feature","properties":{"axis":"E","value":528700,"spacing":100,"datum":"gda94"},"geometry":{"type":"LineString","coordinates":[[147.3517629,-42.9380784],[147.3517116,-42.9290734],[147.3516604,-42.9200683],[147.3516092,-42.9110633],[147.351558,-42.9020582],[147.3515069,-42.8930531],[147.3514558,-42.884048],[147.3514047,-42.8750429],[147.3513536,-42.8660378],[147.3513025,-42.8570327],[147.3512515,-42.8480275],[147.3512005,-42.8390223],[147.3511495,-42.8300172]]}},{"type":"Feature","properties":{"axis":"E","value":528800,"spacing":100,"datum":"gda94"},"geometry":{"type":"LineString","coordinates":[[147.3529885,-42.9380746],[147.3529371,-42.9290696],[147.3528857,-42.9200646],[147.3528343,-42.9110595],[147.3527829,-42.9020545],[147.3527316,-42.8930494],[147.3526803,-42.8840443],[147.352629,-42.8750392],[147.3525778,-42.866034],[147.3525265,-42.8570289],[147.3524753,-42.8480238],[147.3524241,-42.8390186],[147.352373,-42.8300134]]}},{"type":"Feature","properties":{"axis":"E","value":528900,"spacing":100,"datum":"gda94"},"geometry":{"type":"LineString","coordinates":[[147.3542141,-42.9380709],[147.3541625,-42.9290658],[147.3541109,-42.9200608],[147.3540594,-42.9110557],[147.3540078,-42.9020507],[147.3539563,-42.8930456],[147.3539049,-42.8840405],[147.3538534,-42.8750354],[147.353802,-42.8660303],[147.3537506,-42.8570251],[147.3536992,-42.84802],[147.3536478,-42.8390148],[147.3535965,-42.8300096]]}},{"type":"Feature","properties":{"axis":"E","value":529100,"spacing":100,"datum":"gda94"},"geometry":{"type":"LineString","coordinates":[[147.3566653,-42.9380632],[147.3566134,-42.9290582],[147.3565614,-42.9200532],[147.3565095,-42.9110481],[147.3564577,-42.9020431],[147.3564058,-42.893038],[147.3563539,-42.8840329],[147.3563021,-42.8750278],[147.3562503,-42.8660227],[147.3561986,-42.8570175],[147.3561468,-42.8480124],[147.3560951,-42.8390072],[147.3560434,-42.8300021]]}},{"type":"Feature","properties":{"axis":"E","value":529200,"spacing":100,"datum":"gda94"},"geometry":{"type":"LineString","coordinates":[[147.357891,-42.9380594],[147.3578388,-42.9290544],[147.3577867,-42.9200494],[147.3577346,-42.9110443],[147.3576826,-42.9020393],[147.3576305,-42.8930342],[147.3575785,-42.8840291],[147.3575265,-42.875024],[147.3574745,-42.8660189],[147.3574226,-42.8570137],[147.3573707,-42.8480086],[147.3573188,-42.8390034],[147.3572669,-42.8299982]]}},{"type":"Feature","properties":{"axis":"E","value":529300,"spacing":100,"datum":"gda94"},"geometry":{"type":"LineString","coordinates":[[147.3591166,-42.9380556],[147.3590643,-42.9290506],[147.359012,-42.9200455],[147.3589597,-42.9110405],[147.3589075,-42.9020354],[147.3588552,-42.8930303],[147.358803,-42.8840253],[147.3587509,-42.8750202],[147.3586987,-42.866015],[147.3586466,-42.8570099],[147.3585945,-42.8480048],[147.3585424,-42.8389996],[147.3584904,-42.8299944]]}},{"type":"Feature","properties":{"axis":"E","value":529400,"spacing":100,"datum":"gda94"},"geometry":{"type":"LineString","coordinates":[[147.3603422,-42.9380517],[147.3602897,-42.9290467],[147.3602372,-42.9200417],[147.3601848,-42.9110366],[147.3601324,-42.9020316],[147.36008,-42.8930265],[147.3600276,-42.8840214],[147.3599752,-42.8750163],[147.3599229,-42.8660112],[147.3598706,-42.8570061],[147.3598183,-42.8480009],[147.3597661,-42.8389958],[147.3597138,-42.8299906]]}},{"type":"Feature","properties":{"axis":"E","value":529500,"spacing":100,"datum":"gda94"},"geometry":{"type":"LineString","coordinates":[[147.3615678,-42.9380479],[147.3615151,-42.9290429],[147.3614625,-42.9200378],[147.3614099,-42.9110328],[147.3613572,-42.9020277],[147.3613047,-42.8930226],[147.3612521,-42.8840176],[147.3611996,-42.8750125],[147.3611471,-42.8660073],[147.3610946,-42.8570022],[147.3610422,-42.8479971],[147.3609897,-42.8389919],[147.3609373,-42.8299867]]}},{"type":"Feature","properties":{"axis":"E","value":529600,"spacing":100,"datum":"gda94"},"geometry":{"type":"LineString","coordinates":[[147.3627934,-42.938044],[147.3627406,-42.929039],[147.3626877,-42.9200339],[147.3626349,-42.9110289],[147.3625821,-42.9020238],[147.3625294,-42.8930188],[147.3624767,-42.8840137],[147.362424,-42.8750086],[147.3623713,-42.8660035],[147.3623186,-42.8569983],[147.362266,-42.8479932],[147.3622134,-42.838988],[147.3621608,-42.8299829]]}},{"type":"Feature","properties":{"axis":"E","value":529700,"spacing":100,"datum":"gda94"},"geometry":{"type":"LineString","coordinates":[[147.364019,-42.9380401],[147.363966,-42.9290351],[147.363913,-42.9200301],[147.36386,-42.911025],[147.363807,-42.90202],[147.3637541,-42.8930149],[147.3637012,-42.8840098],[147.3636483,-42.8750047],[147.3635955,-42.8659996],[147.3635426,-42.8569945],[147.3634898,-42.8479893],[147.363437,-42.8389842],[147.3633843,-42.829979]]}},{"type":"Feature","properties":{"axis":"E","value":529800,"spacing":100,"datum":"gda94"},"geometry":{"type":"LineString","coordinates":[[147.3652446,-42.9380362],[147.3651914,-42.9290312],[147.3651382,-42.9200262],[147.3650851,-42.9110211],[147.3650319,-42.9020161],[147.3649788,-42.893011],[147.3649257,-42.8840059],[147.3648727,-42.8750008],[147.3648196,-42.8659957],[147.3647666,-42.8569906],[147.3647136,-42.8479854],[147.3646607,-42.8389803],[147.3646077,-42.8299751]]}},{"type":"Feature","properties":{"axis":"E","value":529900,"spacing":100,"datum":"gda94"},"geometry":{"type":"LineString","coordinates":[[147.3664702,-42.9380323],[147.3664169,-42.9290273],[147.3663635,-42.9200222],[147.3663102,-42.9110172],[147.3662568,-42.9020121],[147.3662036,-42.8930071],[147.3661503,-42.884002],[147.3660971,-42.8749969],[147.3660438,-42.8659918],[147.3659906,-42.8569867],[147.3659375,-42.8479815],[147.3658843,-42.8389764],[147.3658312,-42.8299712]]}},{"type":"Feature","properties":{"axis":"E","value":530100,"spacing":100,"datum":"gda94"},"geometry":{"type":"LineString","coordinates":[[147.3689215,-42.9380244],[147.3688677,-42.9290194],[147.368814,-42.9200144],[147.3687603,-42.9110093],[147.3687066,-42.9020043],[147.368653,-42.8929992],[147.3685994,-42.8839941],[147.3685458,-42.874989],[147.3684922,-42.8659839],[147.3684387,-42.8569788],[147.3683851,-42.8479737],[147.3683316,-42.8389685],[147.3682782,-42.8299634]]}},{"type":"Feature","properties":{"axis":"E","value":530200,"spacing":100,"datum":"gda94"},"geometry":{"type":"LineString","coordinates":[[147.3701471,-42.9380204],[147.3700932,-42.9290154],[147.3700393,-42.9200104],[147.3699854,-42.9110054],[147.3699315,-42.9020003],[147.3698777,-42.8929953],[147.3698239,-42.8839902],[147.3697701,-42.8749851],[147.3697164,-42.86598],[147.3696627,-42.8569749],[147.369609,-42.8479697],[147.3695553,-42.8389646],[147.3695016,-42.8299594]]}},{"type":"Feature","properties":{"axis":"E","value":530300,"spacing":100,"datum":"gda94"},"geometry":{"type":"LineString","coordinates":[[147.3713727,-42.9380165],[147.3713186,-42.9290115],[147.3712645,-42.9200065],[147.3712105,-42.9110014],[147.3711564,-42.9019964],[147.3711024,-42.8929913],[147.3710485,-42.8839862],[147.3709945,-42.8749811],[147.3709406,-42.865976],[147.3708867,-42.8569709],[147.3708328,-42.8479658],[147.3707789,-42.8389606],[147.3707251,-42.8299555]]}},{"type":"Feature","properties":{"axis":"E","value":530400,"spacing":100,"datum":"gda94"},"geometry":{"type":"LineString","coordinates":[[147.3725983,-42.9380125],[147.372544,-42.9290075],[147.3724898,-42.9200025],[147.3724355,-42.9109974],[147.3723813,-42.9019924],[147.3723272,-42.8929873],[147.372273,-42.8839823],[147.3722189,-42.8749772],[147.3721648,-42.8659721],[147.3721107,-42.8569669],[147.3720566,-42.8479618],[147.3720026,-42.8389567],[147.3719486,-42.8299515]]}},{"type":"Feature","properties":{"axis":"E","value":530500,"spacing":100,"datum":"gda94"},"geometry":{"type":"LineString","coordinates":[[147.3738239,-42.9380085],[147.3737695,-42.9290035],[147.373715,-42.9199985],[147.3736606,-42.9109934],[147.3736062,-42.9019884],[147.3735519,-42.8929833],[147.3734975,-42.8839783],[147.3734432,-42.8749732],[147.3733889,-42.8659681],[147.3733347,-42.856963],[147.3732805,-42.8479578],[147.3732262,-42.8389527],[147.3731721,-42.8299475]]}},{"type":"Feature","properties":{"axis":"E","value":530600,"spacing":100,"datum":"gda94"},"geometry":{"type":"LineString","coordinates":[[147.3750495,-42.9380045],[147.3749949,-42.9289995],[147.3749403,-42.9199945],[147.3748857,-42.9109894],[147.3748311,-42.9019844],[147.3747766,-42.8929793],[147.3747221,-42.8839743],[147.3746676,-42.8749692],[147.3746131,-42.8659641],[147.3745587,-42.856959],[147.3745043,-42.8479538],[147.3744499,-42.8389487],[147.3743955,-42.8299435]]}},{"type":"Feature","properties":{"axis":"E","value":530700,"spacing":100,"datum":"gda94"},"geometry":{"type":"LineString","coordinates":[[147.3762751,-42.9380005],[147.3762203,-42.9289955],[147.3761655,-42.9199905],[147.3761108,-42.9109854],[147.376056,-42.9019804],[147.3760013,-42.8929753],[147.3759466,-42.8839702],[147.375892,-42.8749652],[147.3758373,-42.8659601],[147.3757827,-42.8569549],[147.3757281,-42.8479498],[147.3756735,-42.8389447],[147.375619,-42.8299395]]}},{"type":"Feature","properties":{"axis":"E","value":530800,"spacing":100,"datum":"gda94"},"geometry":{"type":"LineString","coordinates":[[147.3775007,-42.9379964],[147.3774458,-42.9289914],[147.3773908,-42.9199864],[147.3773358,-42.9109814],[147.3772809,-42.9019764],[147.377226,-42.8929713],[147.3771712,-42.8839662],[147.3771163,-42.8749611],[147.3770615,-42.865956],[147.3770067,-42.8569509],[147.3769519,-42.8479458],[147.3768972,-42.8389407],[147.3768425,-42.8299355]]}},{"type":"Feature","properties":{"axis":"E","value":530900,"spacing":100,"datum":"gda94"},"geometry":{"type":"LineString","coordinates":[[147.3787264,-42.9379924],[147.3786712,-42.9289874],[147.378616,-42.9199824],[147.3785609,-42.9109773],[147.3785058,-42.9019723],[147.3784507,-42.8929673],[147.3783957,-42.8839622],[147.3783407,-42.8749571],[147.3782857,-42.865952],[147.3782307,-42.8569469],[147.3781758,-42.8479418],[147.3781208,-42.8389366],[147.378066,-42.8299315]]}},{"type":"Feature","properties":{"axis":"E","value":531100,"spacing":100,"datum":"gda94"},"geometry":{"type":"LineString","coordinates":[[147.3811776,-42.9379843],[147.381122,-42.9289793],[147.3810665,-42.9199742],[147.3810111,-42.9109692],[147.3809556,-42.9019642],[147.3809002,-42.8929591],[147.3808448,-42.8839541],[147.3807894,-42.874949],[147.3807341,-42.8659439],[147.3806787,-42.8569388],[147.3806234,-42.8479336],[147.3805681,-42.8389285],[147.3805129,-42.8299234]]}},{"type":"Feature","properties":{"axis":"E","value":531200,"spacing":100,"datum":"gda94"},"geometry":{"type":"LineString","coordinates":[[147.3824032,-42.9379802],[147.3823475,-42.9289752],[147.3822918,-42.9199702],[147.3822361,-42.9109651],[147.3821805,-42.9019601],[147.3821249,-42.892955],[147.3820693,-42.88395],[147.3820138,-42.8749449],[147.3819582,-42.8659398],[147.3819027,-42.8569347],[147.3818473,-42.8479296],[147.3817918,-42.8389244],[147.3817364,-42.8299193]]}},{"type":"Feature","properties":{"axis":"E","value":531300,"spacing":100,"datum":"gda94"},"geometry":{"type":"LineString","coordinates":[[147.3836288,-42.9379761],[147.3835729,-42.9289711],[147.383517,-42.9199661],[147.3834612,-42.910961],[147.3834054,-42.901956],[147.3833496,-42.892951],[147.3832939,-42.8839459],[147.3832381,-42.8749408],[147.3831824,-42.8659357],[147.3831267,-42.8569306],[147.3830711,-42.8479255],[147.3830154,-42.8389204],[147.3829598,-42.8299152]]}},{"type":"Feature","properties":{"axis":"E","value":531400,"spacing":100,"datum":"gda94"},"geometry":{"type":"LineString","coordinates":[[147.3848544,-42.937972],[147.3847983,-42.928967],[147.3847423,-42.919962],[147.3846863,-42.9109569],[147.3846303,-42.9019519],[147.3845743,-42.8929468],[147.3845184,-42.8839418],[147.3844625,-42.8749367],[147.3844066,-42.8659316],[147.3843507,-42.8569265],[147.3842949,-42.8479214],[147.3842391,-42.8389163],[147.3841833,-42.8299111]]}},{"type":"Feature","properties":{"axis":"E","value":531500,"spacing":100,"datum":"gda94"},"geometry":{"type":"LineString","coordinates":[[147.38608,-42.9379678],[147.3860238,-42.9289628],[147.3859675,-42.9199578],[147.3859114,-42.9109528],[147.3858552,-42.9019478],[147.385799,-42.8929427],[147.3857429,-42.8839377],[147.3856868,-42.8749326],[147.3856308,-42.8659275],[147.3855747,-42.8569224],[147.3855187,-42.8479173],[147.3854627,-42.8389121],[147.3854068,-42.829907]]}},{"type":"Feature","properties":{"axis":"E","value":531600,"spacing":100,"datum":"gda94"},"geometry":{"type":"LineString","coordinates":[[147.3873056,-42.9379637],[147.3872492,-42.9289587],[147.3871928,-42.9199537],[147.3871364,-42.9109487],[147.3870801,-42.9019436],[147.3870238,-42.8929386],[147.3869675,-42.8839335],[147.3869112,-42.8749285],[147.386855,-42.8659234],[147.3867987,-42.8569183],[147.3867426,-42.8479131],[147.3866864,-42.838908],[147.3866303,-42.8299029]]}},{"type":"Feature","properties":{"axis":"E","value":531700,"spacing":100,"datum":"gda94"},"geometry":{"type":"LineString","coordinates":[[147.3885312,-42.9379595],[147.3884746,-42.9289545],[147.388418,-42.9199495],[147.3883615,-42.9109445],[147.388305,-42.9019395],[147.3882485,-42.8929344],[147.388192,-42.8839294],[147.3881356,-42.8749243],[147.3880791,-42.8659192],[147.3880228,-42.8569141],[147.3879664,-42.847909],[147.38791,-42.8389039],[147.3878537,-42.8298987]]}},{"type":"Feature","properties":{"axis":"E","value":531800,"spacing":100,"datum":"gda94"},"geometry":{"type":"LineString","coordinates":[[147.3897568,-42.9379554],[147.3897001,-42.9289504],[147.3896433,-42.9199454],[147.3895866,-42.9109404],[147.3895299,-42.9019353],[147.3894732,-42.8929303],[147.3894165,-42.8839252],[147.3893599,-42.8749202],[147.3893033,-42.8659151],[147.3892468,-42.85691],[147.3891902,-42.8479049],[147.3891337,-42.8388997],[147.3890772,-42.8298946]]}},{"type":"Feature","properties":{"axis":"E","value":531900,"spacing":100,"datum":"gda94"},"geometry":{"type":"LineString","coordinates":[[147.3909824,-42.9379512],[147.3909255,-42.9289462],[147.3908685,-42.9199412],[147.3908116,-42.9109362],[147.3907548,-42.9019312],[147.3906979,-42.8929261],[147.3906411,-42.8839211],[147.3905843,-42.874916],[147.3905275,-42.8659109],[147.3904708,-42.8569058],[147.390414,-42.8479007],[147.3903573,-42.8388956],[147.3903007,-42.8298904]]}},{"type":"Feature","properties":{"axis":"E","value":532100,"spacing":100,"datum":"gda94"},"geometry":{"type":"LineString","coordinates":[[147.3934337,-42.9379428],[147.3933763,-42.9289378],[147.393319,-42.9199328],[147.3932618,-42.9109278],[147.3932045,-42.9019228],[147.3931473,-42.8929177],[147.3930902,-42.8839127],[147.393033,-42.8749076],[147.3929759,-42.8659025],[147.3929188,-42.8568974],[147.3928617,-42.8478923],[147.3928046,-42.8388872],[147.3927476,-42.829882]]}},{"type":"Feature","properties":{"axis":"E","value":532200,"spacing":100,"datum":"gda94"},"geometry":{"type":"LineString","coordinates":[[147.3946593,-42.9379386],[147.3946018,-42.9289336],[147.3945443,-42.9199286],[147.3944869,-42.9109236],[147.3944294,-42.9019186],[147.3943721,-42.8929135],[147.3943147,-42.8839085],[147.3942574,-42.8749034],[147.3942,-42.8658983],[147.3941428,-42.8568932],[147.3940855,-42.8478881],[147.3940283,-42.838883],[147.3939711,-42.8298778]]}},{"type":"Feature","properties":{"axis":"E","value":532300,"spacing":100,"datum":"gda94"},"geometry":{"type":"LineString","coordinates":[[147.3958849,-42.9379343],[147.3958272,-42.9289294],[147.3957695,-42.9199244],[147.3957119,-42.9109194],[147.3956543,-42.9019143],[147.3955968,-42.8929093],[147.3955392,-42.8839042],[147.3954817,-42.8748992],[147.3954242,-42.8658941],[147.3953668,-42.856889],[147.3953093,-42.8478839],[147.3952519,-42.8388788],[147.3951945,-42.8298736]]}},{"type":"Feature","properties":{"axis":"E","value":532400,"spacing":100,"datum":"gda94"},"geometry":{"type":"LineString","coordinates":[[147.3971105,-42.9379301],[147.3970526,-42.9289251],[147.3969948,-42.9199201],[147.396937,-42.9109151],[147.3968792,-42.9019101],[147.3968215,-42.8929051],[147.3967638,-42.8839],[147.3967061,-42.8748949],[147.3966484,-42.8658899],[147.3965908,-42.8568848],[147.3965332,-42.8478797],[147.3964756,-42.8388745],[147.396418,-42.8298694]]}},{"type":"Feature","properties":{"axis":"E","value":532500,"spacing":100,"datum":"gda94"},"geometry":{"type":"LineString","coordinates":[[147.3983361,-42.9379258],[147.398278,-42.9289209],[147.39822,-42.9199159],[147.3981621,-42.9109109],[147.3981041,-42.9019058],[147.3980462,-42.8929008],[147.3979883,-42.8838958],[147.3979304,-42.8748907],[147.3978726,-42.8658856],[147.3978148,-42.8568805],[147.397757,-42.8478754],[147.3976992,-42.8388703],[147.3976415,-42.8298652]]}},{"type":"Feature","properties":{"axis":"E","value":532600,"spacing":100,"datum":"gda94"},"geometry":{"type":"LineString","coordinates":[[147.3995617,-42.9379216],[147.3995035,-42.9289166],[147.3994453,-42.9199116],[147.3993871,-42.9109066],[147.399329,-42.9019016],[147.3992709,-42.8928965],[147.3992128,-42.8838915],[147.3991548,-42.8748864],[147.3990968,-42.8658814],[147.3990388,-42.8568763],[147.3989808,-42.8478712],[147.3989229,-42.838866],[147.398865,-42.8298609]]}},{"type":"Feature","properties":{"axis":"E","value":532700,"spacing":100,"datum":"gda94"},"geometry":{"type":"LineString","coordinates":[[147.4007873,-42.9379173],[147.4007289,-42.9289123],[147.4006705,-42.9199073],[147.4006122,-42.9109023],[147.4005539,-42.9018973],[147.4004956,-42.8928923],[147.4004374,-42.8838872],[147.4003791,-42.8748822],[147.4003209,-42.8658771],[147.4002628,-42.856872],[147.4002046,-42.8478669],[147.4001465,-42.8388618],[147.4000884,-42.8298566]]}},{"type":"Feature","properties":{"axis":"E","value":532800,"spacing":100,"datum":"gda94"},"geometry":{"type":"LineString","coordinates":[[147.4020129,-42.937913],[147.4019543,-42.928908],[147.4018958,-42.919903],[147.4018373,-42.910898],[147.4017788,-42.901893],[147.4017203,-42.892888],[147.4016619,-42.8838829],[147.4016035,-42.8748779],[147.4015451,-42.8658728],[147.4014868,-42.8568677],[147.4014285,-42.8478626],[147.4013702,-42.8388575],[147.4013119,-42.8298524]]}},{"type":"Feature","properties":{"axis":"E","value":532900,"spacing":100,"datum":"gda94"},"geometry":{"type":"LineString","coordinates":[[147.4032385,-42.9379087],[147.4031798,-42.9289037],[147.403121,-42.9198987],[147.4030623,-42.9108937],[147.4030037,-42.9018887],[147.402945,-42.8928837],[147.4028864,-42.8838786],[147.4028279,-42.8748736],[147.4027693,-42.8658685],[147.4027108,-42.8568634],[147.4026523,-42.8478583],[147.4025938,-42.8388532],[147.4025354,-42.8298481]]}},{"type":"Feature","properties":{"axis":"N","value":5246100,"spacing":100,"datum":"gda94"},"geometry":{"type":"LineString","coordinates":[[147.2573861,-42.937429],[147.2696423,-42.9374008],[147.2818984,-42.9373713],[147.2941544,-42.9373404],[147.3064105,-42.9373083],[147.3186666,-42.9372748],[147.3309226,-42.93724],[147.3431786,-42.937204],[147.3554345,-42.9371666],[147.3676905,-42.9371278],[147.3799464,-42.9370878],[147.3922023,-42.9370465],[147.4044582,-42.9370039]]}},{"type":"Feature","properties":{"axis":"N","value":5246200,"spacing":100,"datum":"gda94"},"geometry":{"type":"LineString","coordinates":[[147.2573824,-42.9365285],[147.2696383,-42.9365003],[147.2818943,-42.9364707],[147.2941502,-42.9364399],[147.306406,-42.9364078],[147.3186619,-42.9363743],[147.3309178,-42.9363395],[147.3431736,-42.9363035],[147.3554294,-42.9362661],[147.3676851,-42.9362273],[147.3799409,-42.9361873],[147.3921966,-42.936146],[147.4044523,-42.9361034]]}},{"type":"Feature","properties":{"axis":"N","value":5246300,"spacing":100,"datum":"gda94"},"geometry":{"type":"LineString","coordinates":[[147.2573786,-42.935628],[147.2696344,-42.9355998],[147.2818902,-42.9355702],[147.2941459,-42.9355394],[147.3064016,-42.9355073],[147.3186573,-42.9354738],[147.3309129,-42.935439],[147.3431686,-42.9354029],[147.3554242,-42.9353656],[147.3676798,-42.9353268],[147.3799354,-42.9352868],[147.3921909,-42.9352455],[147.4044464,-42.9352029]]}},{"type":"Feature","properties":{"axis":"N","value":5246400,"spacing":100,"datum":"gda94"},"geometry":{"type":"LineString","coordinates":[[147.2573749,-42.9347275],[147.2696305,-42.9346992],[147.281886,-42.9346697],[147.2941416,-42.9346389],[147.3063971,-42.9346068],[147.3186526,-42.9345733],[147.3309081,-42.9345385],[147.3431636,-42.9345024],[147.355419,-42.9344651],[147.3676744,-42.9344263],[147.3799298,-42.9343863],[147.3921852,-42.934345],[147.4044405,-42.9343024]]}},{"type":"Feature","properties":{"axis":"N","value":5246500,"spacing":100,"datum":"gda94"},"geometry":{"type":"LineString","coordinates":[[147.2573711,-42.9338269],[147.2696266,-42.9337987],[147.2818819,-42.9337692],[147.2941373,-42.9337384],[147.3063927,-42.9337062],[147.318648,-42.9336728],[147.3309033,-42.933638],[147.3431586,-42.9336019],[147.3554138,-42.9335645],[147.3676691,-42.9335258],[147.3799243,-42.9334858],[147.3921795,-42.9334445],[147.4044346,-42.9334019]]}},{"type":"Feature","properties":{"axis":"N","value":5246600,"spacing":100,"datum":"gda94"},"geometry":{"type":"LineString","coordinates":[[147.2573674,-42.9329264],[147.2696226,-42.9328982],[147.2818778,-42.9328687],[147.294133,-42.9328379],[147.3063882,-42.9328057],[147.3186433,-42.9327723],[147.3308985,-42.9327375],[147.3431536,-42.9327014],[147.3554087,-42.932664],[147.3676637,-42.9326253],[147.3799188,-42.9325853],[147.3921738,-42.932544],[147.4044287,-42.9325014]]}},{"type":"Feature","properties":{"axis":"N","value":5246700,"spacing":100,"datum":"gda94"},"geometry":{"type":"LineString","coordinates":[[147.2573636,-42.9320259],[147.2696187,-42.9319977],[147.2818737,-42.9319682],[147.2941287,-42.9319374],[147.3063837,-42.9319052],[147.3186387,-42.9318718],[147.3308936,-42.931837],[147.3431486,-42.9318009],[147.3554035,-42.9317635],[147.3676584,-42.9317248],[147.3799132,-42.9316848],[147.392168,-42.9316435],[147.4044229,-42.9316009]]}},{"type":"Feature","properties":{"axis":"N","value":5246800,"spacing":100,"datum":"gda94"},"geometry":{"type":"LineString","coordinates":[[147.2573599,-42.9311254],[147.2696148,-42.9310972],[147.2818696,-42.9310677],[147.2941245,-42.9310369],[147.3063793,-42.9310047],[147.3186341,-42.9309713],[147.3308888,-42.9309365],[147.3431436,-42.9309004],[147.3553983,-42.930863],[147.367653,-42.9308243],[147.3799077,-42.9307843],[147.3921623,-42.930743],[147.404417,-42.9307004]]}},{"type":"Feature","properties":{"axis":"N","value":5246900,"spacing":100,"datum":"gda94"},"geometry":{"type":"LineString","coordinates":[[147.2573561,-42.9302249],[147.2696108,-42.9301967],[147.2818655,-42.9301672],[147.2941202,-42.9301364],[147.3063748,-42.9301042],[147.3186294,-42.9300708],[147.330884,-42.930036],[147.3431386,-42.9299999],[147.3553931,-42.9299625],[147.3676476,-42.9299238],[147.3799021,-42.9298838],[147.3921566,-42.9298425],[147.4044111,-42.9297999]]}},{"type":"Feature","properties":{"axis":"N","value":5247100,"spacing":100,"datum":"gda94"},"geometry":{"type":"LineString","coordinates":[[147.2573487,-42.9284239],[147.269603,-42.9283957],[147.2818573,-42.9283662],[147.2941116,-42.9283353],[147.3063659,-42.9283032],[147.3186201,-42.9282698],[147.3308744,-42.928235],[147.3431286,-42.9281989],[147.3553828,-42.9281615],[147.3676369,-42.9281228],[147.3798911,-42.9280828],[147.3921452,-42.9280415],[147.4043993,-42.9279989]]}},{"type":"Feature","properties":{"axis":"N","value":5247200,"spacing":100,"datum":"gda94"},"geometry":{"type":"LineString","coordinates":[[147.2573449,-42.9275234],[147.2695991,-42.9274952],[147.2818532,-42.9274657],[147.2941073,-42.9274348],[147.3063614,-42.9274027],[147.3186155,-42.9273692],[147.3308695,-42.9273345],[147.3431236,-42.9272984],[147.3553776,-42.927261],[147.3676316,-42.9272223],[147.3798855,-42.9271823],[147.3921395,-42.927141],[147.4043934,-42.9270984]]}},{"type":"Feature","properties":{"axis":"N","value":5247300,"spacing":100,"datum":"gda94"},"geometry":{"type":"LineString","coordinates":[[147.2573412,-42.9266229],[147.2695951,-42.9265947],[147.2818491,-42.9265651],[147.294103,-42.9265343],[147.306357,-42.9265022],[147.3186109,-42.9264687],[147.3308647,-42.926434],[147.3431186,-42.9263979],[147.3553724,-42.9263605],[147.3676262,-42.9263218],[147.37988,-42.9262818],[147.3921338,-42.9262405],[147.4043875,-42.9261979]]}},{"type":"Feature","properties":{"axis":"N","value":5247400,"spacing":100,"datum":"gda94"},"geometry":{"type":"LineString","coordinates":[[147.2573374,-42.9257223],[147.2695912,-42.9256941],[147.281845,-42.9256646],[147.2940987,-42.9256338],[147.3063525,-42.9256017],[147.3186062,-42.9255682],[147.3308599,-42.9255335],[147.3431136,-42.9254974],[147.3553672,-42.92546],[147.3676209,-42.9254213],[147.3798745,-42.9253813],[147.3921281,-42.92534],[147.4043816,-42.9252974]]}},{"type":"Feature","properties":{"axis":"N","value":5247500,"spacing":100,"datum":"gda94"},"geometry":{"type":"LineString","coordinates":[[147.2573337,-42.9248218],[147.2695873,-42.9247936],[147.2818409,-42.9247641],[147.2940945,-42.9247333],[147.306348,-42.9247012],[147.3186016,-42.9246677],[147.3308551,-42.924633],[147.3431086,-42.9245969],[147.3553621,-42.9245595],[147.3676155,-42.9245208],[147.3798689,-42.9244808],[147.3921223,-42.9244395],[147.4043757,-42.9243969]]}},{"type":"Feature","properties":{"axis":"N","value":5247600,"spacing":100,"datum":"gda94"},"geometry":{"type":"LineString","coordinates":[[147.2573299,-42.9239213],[147.2695834,-42.9238931],[147.2818368,-42.9238636],[147.2940902,-42.9238328],[147.3063436,-42.9238007],[147.3185969,-42.9237672],[147.3308503,-42.9237325],[147.3431036,-42.9236964],[147.3553569,-42.923659],[147.3676102,-42.9236203],[147.3798634,-42.9235803],[147.3921166,-42.923539],[147.4043698,-42.9234964]]}},{"type":"Feature","properties":{"axis":"N","value":5247700,"spacing":100,"datum":"gda94"},"geometry":{"type":"LineString","coordinates":[[147.2573262,-42.9230208],[147.2695794,-42.9229926],[147.2818327,-42.9229631],[147.2940859,-42.9229323],[147.3063391,-42.9229002],[147.3185923,-42.9228667],[147.3308455,-42.922832],[147.3430986,-42.9227959],[147.3553517,-42.9227585],[147.3676048,-42.9227198],[147.3798579,-42.9226798],[147.3921109,-42.9226385],[147.4043639,-42.9225959]]}},{"type":"Feature","properties":{"axis":"N","value":5247800,"spacing":100,"datum":"gda94"},"geometry":{"type":"LineString","coordinates":[[147.2573224,-42.9221203],[147.2695755,-42.9220921],[147.2818286,-42.9220626],[147.2940816,-42.9220318],[147.3063346,-42.9219996],[147.3185876,-42.9219662],[147.3308406,-42.9219314],[147.3430936,-42.9218954],[147.3553465,-42.921858],[147.3675995,-42.9218193],[147.3798524,-42.9217793],[147.3921052,-42.921738],[147.4043581,-42.9216954]]}},{"type":"Feature","properties":{"axis":"N","value":5247900,"spacing":100,"datum":"gda94"},"geometry":{"type":"LineString","coordinates":[[147.2573187,-42.9212198],[147.2695716,-42.9211916],[147.2818245,-42.9211621],[147.2940773,-42.9211313],[147.3063302,-42.9210991],[147.318583,-42.9210657],[147.3308358,-42.9210309],[147.3430886,-42.9209949],[147.3553414,-42.9209575],[147.3675941,-42.9209188],[147.3798468,-42.9208788],[147.3920995,-42.9208375],[147.4043522,-42.9207949]]}},{"type":"Feature","properties":{"axis":"N","value":5248100,"spacing":100,"datum":"gda94"},"geometry":{"type":"LineString","coordinates":[[147.2573112,-42.9194188],[147.2695637,-42.9193906],[147.2818163,-42.9193611],[147.2940688,-42.9193302],[147.3063213,-42.9192981],[147.3185737,-42.9192647],[147.3308262,-42.9192299],[147.3430786,-42.9191939],[147.355331,-42.9191565],[147.3675834,-42.9191178],[147.3798358,-42.9190778],[147.3920881,-42.9190365],[147.4043404,-42.9189939]]}},{"type":"Feature","properties":{"axis":"N","value":5248200,"spacing":100,"datum":"gda94"},"geometry":{"type":"LineString","coordinates":[[147.2573074,-42.9185182],[147.2695598,-42.9184901],[147.2818122,-42.9184606],[147.2940645,-42.9184297],[147.3063168,-42.9183976],[147.3185691,-42.9183642],[147.3308214,-42.9183294],[147.3430736,-42.9182934],[147.3553258,-42.918256],[147.367578,-42.9182173],[147.3798302,-42.9181773],[147.3920824,-42.918136],[147.4043345,-42.9180934]]}},{"type":"Feature","properties":{"axis":"N","value":5248300,"spacing":100,"datum":"gda94"},"geometry":{"type":"LineString","coordinates":[[147.2573037,-42.9176177],[147.2695559,-42.9175895],[147.281808,-42.91756],[147.2940602,-42.9175292],[147.3063123,-42.9174971],[147.3185645,-42.9174637],[147.3308165,-42.9174289],[147.3430686,-42.9173929],[147.3553207,-42.9173555],[147.3675727,-42.9173168],[147.3798247,-42.9172768],[147.3920767,-42.9172355],[147.4043286,-42.9171929]]}},{"type":"Feature","properties":{"axis":"N","value":5248400,"spacing":100,"datum":"gda94"},"geometry":{"type":"LineString","coordinates":[[147.2572999,-42.9167172],[147.2695519,-42.916689],[147.2818039,-42.9166595],[147.2940559,-42.9166287],[147.3063079,-42.9165966],[147.3185598,-42.9165632],[147.3308117,-42.9165284],[147.3430636,-42.9164924],[147.3553155,-42.916455],[147.3675673,-42.9164163],[147.3798192,-42.9163763],[147.392071,-42.916335],[147.4043227,-42.9162924]]}},{"type":"Feature","properties":{"axis":"N","value":5248500,"spacing":100,"datum":"gda94"},"geometry":{"type":"LineString","coordinates":[[147.2572962,-42.9158167],[147.269548,-42.9157885],[147.2817998,-42.915759],[147.2940516,-42.9157282],[147.3063034,-42.9156961],[147.3185552,-42.9156626],[147.3308069,-42.9156279],[147.3430586,-42.9155918],[147.3553103,-42.9155545],[147.367562,-42.9155158],[147.3798136,-42.9154758],[147.3920653,-42.9154345],[147.4043168,-42.9153919]]}},{"type":"Feature","properties":{"axis":"N","value":5248600,"spacing":100,"datum":"gda94"},"geometry":{"type":"LineString","coordinates":[[147.2572924,-42.9149162],[147.2695441,-42.914888],[147.2817957,-42.9148585],[147.2940474,-42.9148277],[147.306299,-42.9147956],[147.3185505,-42.9147621],[147.3308021,-42.9147274],[147.3430536,-42.9146913],[147.3553051,-42.914654],[147.3675566,-42.9146153],[147.3798081,-42.9145753],[147.3920595,-42.914534],[147.404311,-42.9144914]]}},{"type":"Feature","properties":{"axis":"N","value":5248700,"spacing":100,"datum":"gda94"},"geometry":{"type":"LineString","coordinates":[[147.2572887,-42.9140157],[147.2695402,-42.9139875],[147.2817916,-42.913958],[147.2940431,-42.9139272],[147.3062945,-42.9138951],[147.3185459,-42.9138616],[147.3307973,-42.9138269],[147.3430486,-42.9137908],[147.3553,-42.9137535],[147.3675513,-42.9137148],[147.3798026,-42.9136748],[147.3920538,-42.9136335],[147.4043051,-42.9135909]]}},{"type":"Feature","properties":{"axis":"N","value":5248800,"spacing":100,"datum":"gda94"},"geometry":{"type":"LineString","coordinates":[[147.2572849,-42.9131152],[147.2695362,-42.913087],[147.2817875,-42.9130575],[147.2940388,-42.9130267],[147.30629,-42.9129946],[147.3185413,-42.9129611],[147.3307925,-42.9129264],[147.3430436,-42.9128903],[147.3552948,-42.912853],[147.3675459,-42.9128143],[147.379797,-42.9127743],[147.3920481,-42.912733],[147.4042992,-42.9126904]]}},{"type":"Feature","properties":{"axis":"N","value":5248900,"spacing":100,"datum":"gda94"},"geometry":{"type":"LineString","coordinates":[[147.2572812,-42.9122147],[147.2695323,-42.9121865],[147.2817834,-42.912157],[147.2940345,-42.9121262],[147.3062856,-42.912094],[147.3185366,-42.9120606],[147.3307877,-42.9120259],[147.3430387,-42.9119898],[147.3552896,-42.9119525],[147.3675406,-42.9119138],[147.3797915,-42.9118738],[147.3920424,-42.9118325],[147.4042933,-42.9117899]]}},{"type":"Feature","properties":{"axis":"N","value":5249100,"spacing":100,"datum":"gda94"},"geometry":{"type":"LineString","coordinates":[[147.2572737,-42.9104136],[147.2695245,-42.9103854],[147.2817752,-42.9103559],[147.294026,-42.9103251],[147.3062767,-42.910293],[147.3185274,-42.9102596],[147.330778,-42.9102249],[147.3430287,-42.9101888],[147.3552793,-42.9101514],[147.3675299,-42.9101128],[147.3797805,-42.9100728],[147.392031,-42.9100315],[147.4042815,-42.9099889]]}},{"type":"Feature","properties":{"axis":"N","value":5249200,"spacing":100,"datum":"gda94"},"geometry":{"type":"LineString","coordinates":[[147.25727,-42.9095131],[147.2695206,-42.9094849],[147.2817711,-42.9094554],[147.2940217,-42.9094246],[147.3062722,-42.9093925],[147.3185227,-42.9093591],[147.3307732,-42.9093243],[147.3430237,-42.9092883],[147.3552741,-42.9092509],[147.3675245,-42.9092123],[147.3797749,-42.9091723],[147.3920253,-42.909131],[147.4042756,-42.9090884]]}},{"type":"Feature","properties":{"axis":"N","value":5249300,"spacing":100,"datum":"gda94"},"geometry":{"type":"LineString","coordinates":[[147.2572662,-42.9086126],[147.2695166,-42.9085844],[147.281767,-42.9085549],[147.2940174,-42.9085241],[147.3062677,-42.908492],[147.3185181,-42.9084586],[147.3307684,-42.9084238],[147.3430187,-42.9083878],[147.3552689,-42.9083504],[147.3675192,-42.9083118],[147.3797694,-42.9082718],[147.3920196,-42.9082305],[147.4042698,-42.9081879]]}},{"type":"Feature","properties":{"axis":"N","value":5249400,"spacing":100,"datum":"gda94"},"geometry":{"type":"LineString","coordinates":[[147.2572625,-42.9077121],[147.2695127,-42.9076839],[147.2817629,-42.9076544],[147.2940131,-42.9076236],[147.3062633,-42.9075915],[147.3185134,-42.9075581],[147.3307636,-42.9075233],[147.3430137,-42.9074873],[147.3552638,-42.9074499],[147.3675138,-42.9074113],[147.3797639,-42.9073713],[147.3920139,-42.90733],[147.4042639,-42.9072874]]}},{"type":"Feature","properties":{"axis":"N","value":5249500,"spacing":100,"datum":"gda94"},"geometry":{"type":"LineString","coordinates":[[147.2572587,-42.9068116],[147.2695088,-42.9067834],[147.2817588,-42.9067539],[147.2940088,-42.9067231],[147.3062588,-42.906691],[147.3185088,-42.9066576],[147.3307588,-42.9066228],[147.3430087,-42.9065868],[147.3552586,-42.9065494],[147.3675085,-42.9065108],[147.3797583,-42.9064708],[147.3920082,-42.9064295],[147.404258,-42.9063869]]}},{"type":"Feature","properties":{"axis":"N","value":5249600,"spacing":100,"datum":"gda94"},"geometry":{"type":"LineString","coordinates":[[147.257255,-42.9059111],[147.2695049,-42.9058829],[147.2817547,-42.9058534],[147.2940046,-42.9058226],[147.3062544,-42.9057905],[147.3185042,-42.905757],[147.3307539,-42.9057223],[147.3430037,-42.9056863],[147.3552534,-42.9056489],[147.3675031,-42.9056102],[147.3797528,-42.9055703],[147.3920025,-42.905529],[147.4042521,-42.9054864]]}},{"type":"Feature","properties":{"axis":"N","value":5249700,"spacing":100,"datum":"gda94"},"geometry":{"type":"LineString","coordinates":[[147.2572512,-42.9050105],[147.2695009,-42.9049824],[147.2817506,-42.9049529],[147.2940003,-42.9049221],[147.3062499,-42.90489],[147.3184995,-42.9048565],[147.3307491,-42.9048218],[147.3429987,-42.9047858],[147.3552483,-42.9047484],[147.3674978,-42.9047097],[147.3797473,-42.9046698],[147.3919968,-42.9046285],[147.4042462,-42.9045859]]}},{"type":"Feature","properties":{"axis":"N","value":5249800,"spacing":100,"datum":"gda94"},"geometry":{"type":"LineString","coordinates":[[147.2572475,-42.90411],[147.269497,-42.9040818],[147.2817465,-42.9040524],[147.293996,-42.9040216],[147.3062455,-42.9039894],[147.3184949,-42.903956],[147.3307443,-42.9039213],[147.3429937,-42.9038853],[147.3552431,-42.9038479],[147.3674924,-42.9038092],[147.3797418,-42.9037693],[147.3919911,-42.903728],[147.4042403,-42.9036854]]}},{"type":"Feature","properties":{"axis":"N","value":5249900,"spacing":100,"datum":"gda94"},"geometry":{"type":"LineString","coordinates":[[147.2572438,-42.9032095],[147.2694931,-42.9031813],[147.2817424,-42.9031518],[147.2939917,-42.903121],[147.306241,-42.9030889],[147.3184903,-42.9030555],[147.3307395,-42.9030208],[147.3429887,-42.9029847],[147.3552379,-42.9029474],[147.3674871,-42.9029087],[147.3797362,-42.9028688],[147.3919854,-42.9028275],[147.4042345,-42.9027849]]}},{"type":"Feature","properties":{"axis":"N","value":5250100,"spacing":100,"datum":"gda94"},"geometry":{"type":"LineString","coordinates":[[147.2572363,-42.9014085],[147.2694853,-42.9013803],[147.2817342,-42.9013508],[147.2939832,-42.90132],[147.3062321,-42.9012879],[147.318481,-42.9012545],[147.3307299,-42.9012198],[147.3429787,-42.9011837],[147.3552276,-42.9011464],[147.3674764,-42.9011077],[147.3797252,-42.9010677],[147.391974,-42.9010265],[147.4042227,-42.9009839]]}},{"type":"Feature","properties":{"axis":"N","value":5250200,"spacing":100,"datum":"gda94"},"geometry":{"type":"LineString","coordinates":[[147.2572325,-42.900508],[147.2694813,-42.9004798],[147.2817301,-42.9004503],[147.2939789,-42.9004195],[147.3062276,-42.9003874],[147.3184764,-42.900354],[147.3307251,-42.9003193],[147.3429737,-42.9002832],[147.3552224,-42.9002459],[147.367471,-42.9002072],[147.3797197,-42.9001672],[147.3919682,-42.900126],[147.4042168,-42.9000834]]}},{"type":"Feature","properties":{"axis":"N","value":5250300,"spacing":100,"datum":"gda94"},"geometry":{"type":"LineString","coordinates":[[147.2572288,-42.8996074],[147.2694774,-42.8995793],[147.281726,-42.8995498],[147.2939746,-42.899519],[147.3062232,-42.8994869],[147.3184717,-42.8994535],[147.3307203,-42.8994187],[147.3429688,-42.8993827],[147.3552172,-42.8993454],[147.3674657,-42.8993067],[147.3797141,-42.8992667],[147.3919625,-42.8992255],[147.4042109,-42.8991829]]}},{"type":"Feature","properties":{"axis":"N","value":5250400,"spacing":100,"datum":"gda94"},"geometry":{"type":"LineString","coordinates":[[147.257225,-42.8987069],[147.2694735,-42.8986788],[147.2817219,-42.8986493],[147.2939703,-42.8986185],[147.3062187,-42.8985864],[147.3184671,-42.898553],[147.3307154,-42.8985182],[147.3429638,-42.8984822],[147.3552121,-42.8984449],[147.3674604,-42.8984062],[147.3797086,-42.8983662],[147.3919568,-42.898325],[147.404205,-42.8982824]]}},{"type":"Feature","properties":{"axis":"N","value":5250500,"spacing":100,"datum":"gda94"},"geometry":{"type":"LineString","coordinates":[[147.2572213,-42.8978064],[147.2694696,-42.8977782],[147.2817178,-42.8977488],[147.2939661,-42.897718],[147.3062143,-42.8976859],[147.3184625,-42.8976525],[147.3307106,-42.8976177],[147.3429588,-42.8975817],[147.3552069,-42.8975443],[147.367455,-42.8975057],[147.3797031,-42.8974657],[147.3919511,-42.8974245],[147.4041992,-42.8973819]]}},{"type":"Feature","properties":{"axis":"N","value":5250600,"spacing":100,"datum":"gda94"},"geometry":{"type":"LineString","coordinates":[[147.2572176,-42.8969059],[147.2694656,-42.8968777],[147.2817137,-42.8968482],[147.2939618,-42.8968175],[147.3062098,-42.8967854],[147.3184578,-42.8967519],[147.3307058,-42.8967172],[147.3429538,-42.8966812],[147.3552017,-42.8966438],[147.3674497,-42.8966052],[147.3796976,-42.8965652],[147.3919454,-42.8965239],[147.4041933,-42.8964814]]}},{"type":"Feature","properties":{"axis":"N","value":5250700,"spacing":100,"datum":"gda94"},"geometry":{"type":"LineString","coordinates":[[147.2572138,-42.8960054],[147.2694617,-42.8959772],[147.2817096,-42.8959477],[147.2939575,-42.8959169],[147.3062054,-42.8958848],[147.3184532,-42.8958514],[147.330701,-42.8958167],[147.3429488,-42.8957807],[147.3551966,-42.8957433],[147.3674443,-42.8957047],[147.379692,-42.8956647],[147.3919397,-42.8956234],[147.4041874,-42.8955809]]}},{"type":"Feature","properties":{"axis":"N","value":5250800,"spacing":100,"datum":"gda94"},"geometry":{"type":"LineString","coordinates":[[147.2572101,-42.8951049],[147.2694578,-42.8950767],[147.2817055,-42.8950472],[147.2939532,-42.8950164],[147.3062009,-42.8949843],[147.3184486,-42.8949509],[147.3306962,-42.8949162],[147.3429438,-42.8948802],[147.3551914,-42.8948428],[147.367439,-42.8948042],[147.3796865,-42.8947642],[147.391934,-42.8947229],[147.4041815,-42.8946804]]}},{"type":"Feature","properties":{"axis":"N","value":5250900,"spacing":100,"datum":"gda94"},"geometry":{"type":"LineString","coordinates":[[147.2572063,-42.8942044],[147.2694539,-42.8941762],[147.2817014,-42.8941467],[147.2939489,-42.8941159],[147.3061964,-42.8940838],[147.3184439,-42.8940504],[147.3306914,-42.8940157],[147.3429388,-42.8939797],[147.3551862,-42.8939423],[147.3674336,-42.8939037],[147.379681,-42.8938637],[147.3919283,-42.8938224],[147.4041756,-42.8937799]]}},{"type":"Feature","properties":{"axis":"N","value":5251100,"spacing":100,"datum":"gda94"},"geometry":{"type":"LineString","coordinates":[[147.2571988,-42.8924033],[147.269446,-42.8923752],[147.2816932,-42.8923457],[147.2939404,-42.8923149],[147.3061875,-42.8922828],[147.3184347,-42.8922494],[147.3306818,-42.8922147],[147.3429288,-42.8921786],[147.3551759,-42.8921413],[147.3674229,-42.8921026],[147.3796699,-42.8920627],[147.3919169,-42.8920214],[147.4041639,-42.8919788]]}},{"type":"Feature","properties":{"axis":"N","value":5251200,"spacing":100,"datum":"gda94"},"geometry":{"type":"LineString","coordinates":[[147.2571951,-42.8915028],[147.2694421,-42.8914746],[147.2816891,-42.8914452],[147.2939361,-42.8914144],[147.3061831,-42.8913823],[147.31843,-42.8913489],[147.3306769,-42.8913142],[147.3429239,-42.8912781],[147.3551707,-42.8912408],[147.3674176,-42.8912021],[147.3796644,-42.8911622],[147.3919112,-42.8911209],[147.404158,-42.8910783]]}},{"type":"Feature","properties":{"axis":"N","value":5251300,"spacing":100,"datum":"gda94"},"geometry":{"type":"LineString","coordinates":[[147.2571914,-42.8906023],[147.2694382,-42.8905741],[147.281685,-42.8905446],[147.2939318,-42.8905139],[147.3061786,-42.8904818],[147.3184254,-42.8904484],[147.3306721,-42.8904136],[147.3429189,-42.8903776],[147.3551656,-42.8903403],[147.3674122,-42.8903016],[147.3796589,-42.8902617],[147.3919055,-42.8902204],[147.4041521,-42.8901778]]}},{"type":"Feature","properties":{"axis":"N","value":5251400,"spacing":100,"datum":"gda94"},"geometry":{"type":"LineString","coordinates":[[147.2571876,-42.8897018],[147.2694343,-42.8896736],[147.2816809,-42.8896441],[147.2939276,-42.8896133],[147.3061742,-42.8895812],[147.3184208,-42.8895478],[147.3306673,-42.8895131],[147.3429139,-42.8894771],[147.3551604,-42.8894398],[147.3674069,-42.8894011],[147.3796534,-42.8893612],[147.3918998,-42.8893199],[147.4041462,-42.8892773]]}},{"type":"Feature","properties":{"axis":"N","value":5251500,"spacing":100,"datum":"gda94"},"geometry":{"type":"LineString","coordinates":[[147.2571839,-42.8888012],[147.2694304,-42.8887731],[147.2816768,-42.8887436],[147.2939233,-42.8887128],[147.3061697,-42.8886807],[147.3184161,-42.8886473],[147.3306625,-42.8886126],[147.3429089,-42.8885766],[147.3551552,-42.8885393],[147.3674016,-42.8885006],[147.3796478,-42.8884607],[147.3918941,-42.8884194],[147.4041404,-42.8883768]]}},{"type":"Feature","properties":{"axis":"N","value":5251600,"spacing":100,"datum":"gda94"},"geometry":{"type":"LineString","coordinates":[[147.2571801,-42.8879007],[147.2694264,-42.8878726],[147.2816727,-42.8878431],[147.293919,-42.8878123],[147.3061653,-42.8877802],[147.3184115,-42.8877468],[147.3306577,-42.8877121],[147.3429039,-42.8876761],[147.3551501,-42.8876388],[147.3673962,-42.8876001],[147.3796423,-42.8875602],[147.3918884,-42.8875189],[147.4041345,-42.8874763]]}},{"type":"Feature","properties":{"axis":"N","value":5251700,"spacing":100,"datum":"gda94"},"geometry":{"type":"LineString","coordinates":[[147.2571764,-42.8870002],[147.2694225,-42.8869721],[147.2816686,-42.8869426],[147.2939147,-42.8869118],[147.3061608,-42.8868797],[147.3184069,-42.8868463],[147.3306529,-42.8868116],[147.3428989,-42.8867756],[147.3551449,-42.8867382],[147.3673909,-42.8866996],[147.3796368,-42.8866597],[147.3918827,-42.8866184],[147.4041286,-42.8865758]]}},{"type":"Feature","properties":{"axis":"N","value":5251800,"spacing":100,"datum":"gda94"},"geometry":{"type":"LineString","coordinates":[[147.2571727,-42.8860997],[147.2694186,-42.8860715],[147.2816645,-42.8860421],[147.2939105,-42.8860113],[147.3061564,-42.8859792],[147.3184022,-42.8859458],[147.3306481,-42.8859111],[147.3428939,-42.8858751],[147.3551397,-42.8858377],[147.3673855,-42.8857991],[147.3796313,-42.8857591],[147.391877,-42.8857179],[147.4041227,-42.8856753]]}},{"type":"Feature","properties":{"axis":"N","value":5251900,"spacing":100,"datum":"gda94"},"geometry":{"type":"LineString","coordinates":[[147.2571689,-42.8851992],[147.2694147,-42.885171],[147.2816604,-42.8851415],[147.2939062,-42.8851108],[147.3061519,-42.8850787],[147.3183976,-42.8850453],[147.3306433,-42.8850106],[147.3428889,-42.8849746],[147.3551346,-42.8849372],[147.3673802,-42.8848986],[147.3796258,-42.8848586],[147.3918713,-42.8848174],[147.4041169,-42.8847748]]}},{"type":"Feature","properties":{"axis":"N","value":5252100,"spacing":100,"datum":"gda94"},"geometry":{"type":"LineString","coordinates":[[147.2571614,-42.8833981],[147.2694069,-42.88337],[147.2816523,-42.8833405],[147.2938976,-42.8833097],[147.306143,-42.8832776],[147.3183883,-42.8832443],[147.3306337,-42.8832095],[147.342879,-42.8831735],[147.3551242,-42.8831362],[147.3673695,-42.8830976],[147.3796147,-42.8830576],[147.3918599,-42.8830164],[147.4041051,-42.8829738]]}},{"type":"Feature","properties":{"axis":"N","value":5252200,"spacing":100,"datum":"gda94"},"geometry":{"type":"LineString","coordinates":[[147.2571577,-42.8824976],[147.2694029,-42.8824695],[147.2816482,-42.88244],[147.2938934,-42.8824092],[147.3061385,-42.8823771],[147.3183837,-42.8823437],[147.3306289,-42.882309],[147.342874,-42.882273],[147.3551191,-42.8822357],[147.3673641,-42.8821971],[147.3796092,-42.8821571],[147.3918542,-42.8821159],[147.4040992,-42.8820733]]}},{"type":"Feature","properties":{"axis":"N","value":5252300,"spacing":100,"datum":"gda94"},"geometry":{"type":"LineString","coordinates":[[147.257154,-42.8815971],[147.269399,-42.8815689],[147.2816441,-42.8815395],[147.2938891,-42.8815087],[147.3061341,-42.8814766],[147.3183791,-42.8814432],[147.330624,-42.8814085],[147.342869,-42.8813725],[147.3551139,-42.8813352],[147.3673588,-42.8812965],[147.3796037,-42.8812566],[147.3918485,-42.8812154],[147.4040933,-42.8811728]]}},{"type":"Feature","properties":{"axis":"N","value":5252400,"spacing":100,"datum":"gda94"},"geometry":{"type":"LineString","coordinates":[[147.2571502,-42.8806966],[147.2693951,-42.8806684],[147.28164,-42.880639],[147.2938848,-42.8806082],[147.3061296,-42.8805761],[147.3183745,-42.8805427],[147.3306192,-42.880508],[147.342864,-42.880472],[147.3551087,-42.8804347],[147.3673535,-42.880396],[147.3795982,-42.8803561],[147.3918428,-42.8803148],[147.4040875,-42.8802723]]}},{"type":"Feature","properties":{"axis":"N","value":5252500,"spacing":100,"datum":"gda94"},"geometry":{"type":"LineString","coordinates":[[147.2571465,-42.8797961],[147.2693912,-42.8797679],[147.2816359,-42.8797384],[147.2938805,-42.8797077],[147.3061252,-42.8796756],[147.3183698,-42.8796422],[147.3306144,-42.8796075],[147.342859,-42.8795715],[147.3551036,-42.8795342],[147.3673481,-42.8794955],[147.3795926,-42.8794556],[147.3918371,-42.8794143],[147.4040816,-42.8793718]]}},{"type":"Feature","properties":{"axis":"N","value":5252600,"spacing":100,"datum":"gda94"},"geometry":{"type":"LineString","coordinates":[[147.2571427,-42.8788955],[147.2693873,-42.8788674],[147.2816318,-42.8788379],[147.2938763,-42.8788072],[147.3061207,-42.8787751],[147.3183652,-42.8787417],[147.3306096,-42.878707],[147.342854,-42.878671],[147.3550984,-42.8786336],[147.3673428,-42.878595],[147.3795871,-42.8785551],[147.3918314,-42.8785138],[147.4040757,-42.8784713]]}},{"type":"Feature","properties":{"axis":"N","value":5252700,"spacing":100,"datum":"gda94"},"geometry":{"type":"LineString","coordinates":[[147.257139,-42.877995],[147.2693833,-42.8779669],[147.2816277,-42.8779374],[147.293872,-42.8779066],[147.3061163,-42.8778746],[147.3183606,-42.8778412],[147.3306048,-42.8778065],[147.342849,-42.8777705],[147.3550933,-42.8777331],[147.3673374,-42.8776945],[147.3795816,-42.8776546],[147.3918257,-42.8776133],[147.4040698,-42.8775708]]}},{"type":"Feature","properties":{"axis":"N","value":5252800,"spacing":100,"datum":"gda94"},"geometry":{"type":"LineString","coordinates":[[147.2571353,-42.8770945],[147.2693794,-42.8770664],[147.2816236,-42.8770369],[147.2938677,-42.8770061],[147.3061118,-42.876974],[147.3183559,-42.8769407],[147.3306,-42.876906],[147.3428441,-42.8768699],[147.3550881,-42.8768326],[147.3673321,-42.876794],[147.3795761,-42.8767541],[147.39182,-42.8767128],[147.404064,-42.8766703]]}},{"type":"Feature","properties":{"axis":"N","value":5252900,"spacing":100,"datum":"gda94"},"geometry":{"type":"LineString","coordinates":[[147.2571315,-42.876194],[147.2693755,-42.8761658],[147.2816195,-42.8761364],[147.2938635,-42.8761056],[147.3061074,-42.8760735],[147.3183513,-42.8760401],[147.3305952,-42.8760054],[147.3428391,-42.8759694],[147.3550829,-42.8759321],[147.3673268,-42.8758935],[147.3795706,-42.8758536],[147.3918143,-42.8758123],[147.4040581,-42.8757698]]}},{"type":"Feature","properties":{"axis":"N","value":5253100,"spacing":100,"datum":"gda94"},"geometry":{"type":"LineString","coordinates":[[147.257124,-42.8743929],[147.2693677,-42.8743648],[147.2816113,-42.8743353],[147.2938549,-42.8743046],[147.3060985,-42.8742725],[147.318342,-42.8742391],[147.3305856,-42.8742044],[147.3428291,-42.8741684],[147.3550726,-42.8741311],[147.3673161,-42.8740925],[147.3795595,-42.8740525],[147.3918029,-42.8740113],[147.4040463,-42.8739687]]}},{"type":"Feature","properties":{"axis":"N","value":5253200,"spacing":100,"datum":"gda94"},"geometry":{"type":"LineString","coordinates":[[147.2571203,-42.8734924],[147.2693638,-42.8734643],[147.2816072,-42.8734348],[147.2938506,-42.8734041],[147.306094,-42.873372],[147.3183374,-42.8733386],[147.3305808,-42.8733039],[147.3428241,-42.8732679],[147.3550674,-42.8732306],[147.3673107,-42.873192],[147.379554,-42.873152],[147.3917972,-42.8731108],[147.4040405,-42.8730682]]}},{"type":"Feature","properties":{"axis":"N","value":5253300,"spacing":100,"datum":"gda94"},"geometry":{"type":"LineString","coordinates":[[147.2571166,-42.8725919],[147.2693599,-42.8725638],[147.2816031,-42.8725343],[147.2938464,-42.8725035],[147.3060896,-42.8724715],[147.3183328,-42.8724381],[147.330576,-42.8724034],[147.3428191,-42.8723674],[147.3550623,-42.8723301],[147.3673054,-42.8722914],[147.3795485,-42.8722515],[147.3917916,-42.8722103],[147.4040346,-42.8721677]]}},{"type":"Feature","properties":{"axis":"N","value":5253400,"spacing":100,"datum":"gda94"},"geometry":{"type":"LineString","coordinates":[[147.2571128,-42.8716914],[147.2693559,-42.8716632],[147.281599,-42.8716338],[147.2938421,-42.871603],[147.3060851,-42.8715709],[147.3183282,-42.8715376],[147.3305712,-42.8715029],[147.3428142,-42.8714669],[147.3550571,-42.8714296],[147.3673001,-42.8713909],[147.379543,-42.871351],[147.3917859,-42.8713098],[147.4040287,-42.8712672]]}},{"type":"Feature","properties":{"axis":"N","value":5253500,"spacing":100,"datum":"gda94"},"geometry":{"type":"LineString","coordinates":[[147.2571091,-42.8707909],[147.269352,-42.8707627],[147.2815949,-42.8707333],[147.2938378,-42.8707025],[147.3060807,-42.8706704],[147.3183235,-42.870637],[147.3305664,-42.8706024],[147.3428092,-42.8705664],[147.355052,-42.870529],[147.3672947,-42.8704904],[147.3795375,-42.8704505],[147.3917802,-42.8704093],[147.4040228,-42.8703667]]}},{"type":"Feature","properties":{"axis":"N","value":5253600,"spacing":100,"datum":"gda94"},"geometry":{"type":"LineString","coordinates":[[147.2571054,-42.8698903],[147.2693481,-42.8698622],[147.2815908,-42.8698327],[147.2938335,-42.869802],[147.3060762,-42.8697699],[147.3183189,-42.8697365],[147.3305616,-42.8697018],[147.3428042,-42.8696658],[147.3550468,-42.8696285],[147.3672894,-42.8695899],[147.3795319,-42.86955],[147.3917745,-42.8695088],[147.404017,-42.8694662]]}},{"type":"Feature","properties":{"axis":"N","value":5253700,"spacing":100,"datum":"gda94"},"geometry":{"type":"LineString","coordinates":[[147.2571016,-42.8689898],[147.2693442,-42.8689617],[147.2815867,-42.8689322],[147.2938293,-42.8689015],[147.3060718,-42.8688694],[147.3183143,-42.868836],[147.3305568,-42.8688013],[147.3427992,-42.8687653],[147.3550416,-42.868728],[147.367284,-42.8686894],[147.3795264,-42.8686495],[147.3917688,-42.8686082],[147.4040111,-42.8685657]]}},{"type":"Feature","properties":{"axis":"N","value":5253800,"spacing":100,"datum":"gda94"},"geometry":{"type":"LineString","coordinates":[[147.2570979,-42.8680893],[147.2693403,-42.8680612],[147.2815826,-42.8680317],[147.293825,-42.868001],[147.3060673,-42.8679689],[147.3183097,-42.8679355],[147.330552,-42.8679008],[147.3427942,-42.8678648],[147.3550365,-42.8678275],[147.3672787,-42.8677889],[147.3795209,-42.867749],[147.3917631,-42.8677077],[147.4040052,-42.8676652]]}},{"type":"Feature","properties":{"axis":"N","value":5253900,"spacing":100,"datum":"gda94"},"geometry":{"type":"LineString","coordinates":[[147.2570941,-42.8671888],[147.2693364,-42.8671606],[147.2815786,-42.8671312],[147.2938207,-42.8671004],[147.3060629,-42.8670684],[147.318305,-42.867035],[147.3305471,-42.8670003],[147.3427892,-42.8669643],[147.3550313,-42.866927],[147.3672734,-42.8668884],[147.3795154,-42.8668485],[147.3917574,-42.8668072],[147.4039994,-42.8667647]]}},{"type":"Feature","properties":{"axis":"N","value":5254100,"spacing":100,"datum":"gda94"},"geometry":{"type":"LineString","coordinates":[[147.2570867,-42.8653877],[147.2693285,-42.8653596],[147.2815704,-42.8653302],[147.2938122,-42.8652994],[147.306054,-42.8652673],[147.3182958,-42.865234],[147.3305375,-42.8651993],[147.3427793,-42.8651633],[147.355021,-42.865126],[147.3672627,-42.8650874],[147.3795044,-42.8650474],[147.391746,-42.8650062],[147.4039876,-42.8649637]]}},{"type":"Feature","properties":{"axis":"N","value":5254200,"spacing":100,"datum":"gda94"},"geometry":{"type":"LineString","coordinates":[[147.2570829,-42.8644872],[147.2693246,-42.8644591],[147.2815663,-42.8644296],[147.2938079,-42.8643989],[147.3060495,-42.8643668],[147.3182912,-42.8643334],[147.3305327,-42.8642988],[147.3427743,-42.8642628],[147.3550158,-42.8642255],[147.3672573,-42.8641868],[147.3794988,-42.8641469],[147.3917403,-42.8641057],[147.4039817,-42.8640632]]}},{"type":"Feature","properties":{"axis":"N","value":5254300,"spacing":100,"datum":"gda94"},"geometry":{"type":"LineString","coordinates":[[147.2570792,-42.8635867],[147.2693207,-42.8635586],[147.2815622,-42.8635291],[147.2938037,-42.8634984],[147.3060451,-42.8634663],[147.3182865,-42.8634329],[147.3305279,-42.8633982],[147.3427693,-42.8633622],[147.3550107,-42.8633249],[147.367252,-42.8632863],[147.3794933,-42.8632464],[147.3917346,-42.8632052],[147.4039759,-42.8631627]]}},{"type":"Feature","properties":{"axis":"N","value":5254400,"spacing":100,"datum":"gda94"},"geometry":{"type":"LineString","coordinates":[[147.2570755,-42.8626862],[147.2693168,-42.862658],[147.2815581,-42.8626286],[147.2937994,-42.8625978],[147.3060407,-42.8625658],[147.3182819,-42.8625324],[147.3305231,-42.8624977],[147.3427643,-42.8624617],[147.3550055,-42.8624244],[147.3672467,-42.8623858],[147.3794878,-42.8623459],[147.3917289,-42.8623047],[147.40397,-42.8622621]]}},{"type":"Feature","properties":{"axis":"N","value":5254500,"spacing":100,"datum":"gda94"},"geometry":{"type":"LineString","coordinates":[[147.2570717,-42.8617857],[147.2693129,-42.8617575],[147.281554,-42.8617281],[147.2937951,-42.8616973],[147.3060362,-42.8616653],[147.3182773,-42.8616319],[147.3305183,-42.8615972],[147.3427593,-42.8615612],[147.3550004,-42.8615239],[147.3672413,-42.8614853],[147.3794823,-42.8614454],[147.3917232,-42.8614042],[147.4039641,-42.8613616]]}},{"type":"Feature","properties":{"axis":"N","value":5254600,"spacing":100,"datum":"gda94"},"geometry":{"type":"LineString","coordinates":[[147.257068,-42.8608851],[147.269309,-42.860857],[147.2815499,-42.8608276],[147.2937908,-42.8607968],[147.3060318,-42.8607647],[147.3182726,-42.8607314],[147.3305135,-42.8606967],[147.3427544,-42.8606607],[147.3549952,-42.8606234],[147.367236,-42.8605848],[147.3794768,-42.8605449],[147.3917175,-42.8605037],[147.4039583,-42.8604611]]}},{"type":"Feature","properties":{"axis":"N","value":5254700,"spacing":100,"datum":"gda94"},"geometry":{"type":"LineString","coordinates":[[147.2570643,-42.8599846],[147.269305,-42.8599565],[147.2815458,-42.859927],[147.2937866,-42.8598963],[147.3060273,-42.8598642],[147.318268,-42.8598309],[147.3305087,-42.8597962],[147.3427494,-42.8597602],[147.35499,-42.8597229],[147.3672307,-42.8596843],[147.3794713,-42.8596444],[147.3917118,-42.8596031],[147.4039524,-42.8595606]]}},{"type":"Feature","properties":{"axis":"N","value":5254800,"spacing":100,"datum":"gda94"},"geometry":{"type":"LineString","coordinates":[[147.2570605,-42.8590841],[147.2693011,-42.859056],[147.2815417,-42.8590265],[147.2937823,-42.8589958],[147.3060229,-42.8589637],[147.3182634,-42.8589303],[147.3305039,-42.8588957],[147.3427444,-42.8588597],[147.3549849,-42.8588224],[147.3672253,-42.8587838],[147.3794657,-42.8587439],[147.3917061,-42.8587026],[147.4039465,-42.8586601]]}},{"type":"Feature","properties":{"axis":"N","value":5254900,"spacing":100,"datum":"gda94"},"geometry":{"type":"LineString","coordinates":[[147.2570568,-42.8581836],[147.2692972,-42.8581554],[147.2815376,-42.858126],[147.293778,-42.8580952],[147.3060184,-42.8580632],[147.3182588,-42.8580298],[147.3304991,-42.8579951],[147.3427394,-42.8579592],[147.3549797,-42.8579219],[147.36722,-42.8578833],[147.3794602,-42.8578433],[147.3917005,-42.8578021],[147.4039406,-42.8577596]]}},{"type":"Feature","properties":{"axis":"N","value":5255100,"spacing":100,"datum":"gda94"},"geometry":{"type":"LineString","coordinates":[[147.2570493,-42.8563825],[147.2692894,-42.8563544],[147.2815295,-42.856325],[147.2937695,-42.8562942],[147.3060095,-42.8562621],[147.3182495,-42.8562288],[147.3304895,-42.8561941],[147.3427295,-42.8561581],[147.3549694,-42.8561208],[147.3672093,-42.8560822],[147.3794492,-42.8560423],[147.3916891,-42.8560011],[147.4039289,-42.8559586]]}},{"type":"Feature","properties":{"axis":"N","value":5255200,"spacing":100,"datum":"gda94"},"geometry":{"type":"LineString","coordinates":[[147.2570456,-42.855482],[147.2692855,-42.8554539],[147.2815254,-42.8554244],[147.2937652,-42.8553937],[147.3060051,-42.8553616],[147.3182449,-42.8553283],[147.3304847,-42.8552936],[147.3427245,-42.8552576],[147.3549642,-42.8552203],[147.367204,-42.8551817],[147.3794437,-42.8551418],[147.3916834,-42.8551006],[147.403923,-42.8550581]]}},{"type":"Feature","properties":{"axis":"N","value":5255300,"spacing":100,"datum":"gda94"},"geometry":{"type":"LineString","coordinates":[[147.2570418,-42.8545815],[147.2692816,-42.8545533],[147.2815213,-42.8545239],[147.293761,-42.8544932],[147.3060006,-42.8544611],[147.3182403,-42.8544277],[147.3304799,-42.8543931],[147.3427195,-42.8543571],[147.3549591,-42.8543198],[147.3671986,-42.8542812],[147.3794382,-42.8542413],[147.3916777,-42.8542001],[147.4039172,-42.8541576]]}},{"type":"Feature","properties":{"axis":"N","value":5255400,"spacing":100,"datum":"gda94"},"geometry":{"type":"LineString","coordinates":[[147.2570381,-42.853681],[147.2692777,-42.8536528],[147.2815172,-42.8536234],[147.2937567,-42.8535926],[147.3059962,-42.8535606],[147.3182357,-42.8535272],[147.3304751,-42.8534926],[147.3427145,-42.8534566],[147.3549539,-42.8534193],[147.3671933,-42.8533807],[147.3794327,-42.8533408],[147.391672,-42.8532996],[147.4039113,-42.8532571]]}},{"type":"Feature","properties":{"axis":"N","value":5255500,"spacing":100,"datum":"gda94"},"geometry":{"type":"LineString","coordinates":[[147.2570344,-42.8527804],[147.2692737,-42.8527523],[147.2815131,-42.8527229],[147.2937524,-42.8526921],[147.3059917,-42.8526601],[147.318231,-42.8526267],[147.3304703,-42.852592],[147.3427095,-42.8525561],[147.3549488,-42.8525188],[147.367188,-42.8524802],[147.3794272,-42.8524403],[147.3916663,-42.8523991],[147.4039054,-42.8523565]]}},{"type":"Feature","properties":{"axis":"N","value":5255600,"spacing":100,"datum":"gda94"},"geometry":{"type":"LineString","coordinates":[[147.2570306,-42.8518799],[147.2692698,-42.8518518],[147.281509,-42.8518223],[147.2937482,-42.8517916],[147.3059873,-42.8517595],[147.3182264,-42.8517262],[147.3304655,-42.8516915],[147.3427046,-42.8516555],[147.3549436,-42.8516183],[147.3671826,-42.8515797],[147.3794216,-42.8515398],[147.3916606,-42.8514986],[147.4038996,-42.851456]]}},{"type":"Feature","properties":{"axis":"N","value":5255700,"spacing":100,"datum":"gda94"},"geometry":{"type":"LineString","coordinates":[[147.2570269,-42.8509794],[147.2692659,-42.8509513],[147.2815049,-42.8509218],[147.2937439,-42.8508911],[147.3059828,-42.850859],[147.3182218,-42.8508257],[147.3304607,-42.850791],[147.3426996,-42.850755],[147.3549385,-42.8507177],[147.3671773,-42.8506792],[147.3794161,-42.8506392],[147.3916549,-42.850598],[147.4038937,-42.8505555]]}},{"type":"Feature","properties":{"axis":"N","value":5255800,"spacing":100,"datum":"gda94"},"geometry":{"type":"LineString","coordinates":[[147.2570232,-42.8500789],[147.269262,-42.8500507],[147.2815008,-42.8500213],[147.2937396,-42.8499906],[147.3059784,-42.8499585],[147.3182172,-42.8499252],[147.3304559,-42.8498905],[147.3426946,-42.8498545],[147.3549333,-42.8498172],[147.367172,-42.8497786],[147.3794106,-42.8497387],[147.3916492,-42.8496975],[147.4038878,-42.849655]]}},{"type":"Feature","properties":{"axis":"N","value":5255900,"spacing":100,"datum":"gda94"},"geometry":{"type":"LineString","coordinates":[[147.2570194,-42.8491783],[147.2692581,-42.8491502],[147.2814967,-42.8491208],[147.2937354,-42.84909],[147.305974,-42.849058],[147.3182125,-42.8490246],[147.3304511,-42.84899],[147.3426896,-42.848954],[147.3549282,-42.8489167],[147.3671666,-42.8488781],[147.3794051,-42.8488382],[147.3916435,-42.848797],[147.403882,-42.8487545]]}},{"type":"Feature","properties":{"axis":"N","value":5256100,"spacing":100,"datum":"gda94"},"geometry":{"type":"LineString","coordinates":[[147.257012,-42.8473773],[147.2692503,-42.8473492],[147.2814886,-42.8473197],[147.2937268,-42.847289],[147.3059651,-42.847257],[147.3182033,-42.8472236],[147.3304415,-42.8471889],[147.3426797,-42.847153],[147.3549178,-42.8471157],[147.367156,-42.8470771],[147.3793941,-42.8470372],[147.3916322,-42.846996],[147.4038702,-42.8469535]]}},{"type":"Feature","properties":{"axis":"N","value":5256200,"spacing":100,"datum":"gda94"},"geometry":{"type":"LineString","coordinates":[[147.2570082,-42.8464768],[147.2692464,-42.8464486],[147.2814845,-42.8464192],[147.2937226,-42.8463885],[147.3059606,-42.8463564],[147.3181987,-42.8463231],[147.3304367,-42.8462884],[147.3426747,-42.8462524],[147.3549127,-42.8462152],[147.3671506,-42.8461766],[147.3793886,-42.8461367],[147.3916265,-42.8460955],[147.4038644,-42.846053]]}},{"type":"Feature","properties":{"axis":"N","value":5256300,"spacing":100,"datum":"gda94"},"geometry":{"type":"LineString","coordinates":[[147.2570045,-42.8455762],[147.2692425,-42.8455481],[147.2814804,-42.8455187],[147.2937183,-42.845488],[147.3059562,-42.8454559],[147.3181941,-42.8454226],[147.3304319,-42.8453879],[147.3426697,-42.8453519],[147.3549075,-42.8453146],[147.3671453,-42.8452761],[147.3793831,-42.8452362],[147.3916208,-42.845195],[147.4038585,-42.8451525]]}},{"type":"Feature","properties":{"axis":"N","value":5256400,"spacing":100,"datum":"gda94"},"geometry":{"type":"LineString","coordinates":[[147.2570008,-42.8446757],[147.2692385,-42.8446476],[147.2814763,-42.8446182],[147.293714,-42.8445874],[147.3059517,-42.8445554],[147.3181894,-42.844522],[147.3304271,-42.8444874],[147.3426647,-42.8444514],[147.3549024,-42.8444141],[147.36714,-42.8443755],[147.3793776,-42.8443357],[147.3916151,-42.8442945],[147.4038526,-42.8442519]]}},{"type":"Feature","properties":{"axis":"N","value":5256500,"spacing":100,"datum":"gda94"},"geometry":{"type":"LineString","coordinates":[[147.256997,-42.8437752],[147.2692346,-42.8437471],[147.2814722,-42.8437176],[147.2937098,-42.8436869],[147.3059473,-42.8436549],[147.3181848,-42.8436215],[147.3304223,-42.8435869],[147.3426598,-42.8435509],[147.3548972,-42.8435136],[147.3671346,-42.843475],[147.379372,-42.8434351],[147.3916094,-42.8433939],[147.4038468,-42.8433514]]}},{"type":"Feature","properties":{"axis":"N","value":5256600,"spacing":100,"datum":"gda94"},"geometry":{"type":"LineString","coordinates":[[147.2569933,-42.8428747],[147.2692307,-42.8428466],[147.2814681,-42.8428171],[147.2937055,-42.8427864],[147.3059429,-42.8427543],[147.3181802,-42.842721],[147.3304175,-42.8426863],[147.3426548,-42.8426504],[147.3548921,-42.8426131],[147.3671293,-42.8425745],[147.3793665,-42.8425346],[147.3916037,-42.8424934],[147.4038409,-42.8424509]]}},{"type":"Feature","properties":{"axis":"N","value":5256700,"spacing":100,"datum":"gda94"},"geometry":{"type":"LineString","coordinates":[[147.2569896,-42.8419741],[147.2692268,-42.841946],[147.281464,-42.8419166],[147.2937012,-42.8418859],[147.3059384,-42.8418538],[147.3181756,-42.8418205],[147.3304127,-42.8417858],[147.3426498,-42.8417499],[147.3548869,-42.8417126],[147.367124,-42.841674],[147.379361,-42.8416341],[147.391598,-42.8415929],[147.403835,-42.8415504]]}},{"type":"Feature","properties":{"axis":"N","value":5256800,"spacing":100,"datum":"gda94"},"geometry":{"type":"LineString","coordinates":[[147.2569858,-42.8410736],[147.2692229,-42.8410455],[147.2814599,-42.8410161],[147.293697,-42.8409853],[147.305934,-42.8409533],[147.3181709,-42.84092],[147.3304079,-42.8408853],[147.3426448,-42.8408493],[147.3548818,-42.8408121],[147.3671187,-42.8407735],[147.3793555,-42.8407336],[147.3915924,-42.8406924],[147.4038292,-42.8406499]]}},{"type":"Feature","properties":{"axis":"N","value":5256900,"spacing":100,"datum":"gda94"},"geometry":{"type":"LineString","coordinates":[[147.2569821,-42.8401731],[147.269219,-42.840145],[147.2814559,-42.8401156],[147.2936927,-42.8400848],[147.3059295,-42.8400528],[147.3181663,-42.8400194],[147.3304031,-42.8399848],[147.3426399,-42.8399488],[147.3548766,-42.8399115],[147.3671133,-42.839873],[147.37935,-42.8398331],[147.3915867,-42.8397919],[147.4038233,-42.8397494]]}},{"type":"Feature","properties":{"axis":"N","value":5257100,"spacing":100,"datum":"gda94"},"geometry":{"type":"LineString","coordinates":[[147.2569747,-42.838372],[147.2692112,-42.8383439],[147.2814477,-42.8383145],[147.2936842,-42.8382838],[147.3059206,-42.8382517],[147.3181571,-42.8382184],[147.3303935,-42.8381837],[147.3426299,-42.8381478],[147.3548663,-42.8381105],[147.3671027,-42.8380719],[147.379339,-42.8380321],[147.3915753,-42.8379909],[147.4038116,-42.8379484]]}},{"type":"Feature","properties":{"axis":"N","value":5257200,"spacing":100,"datum":"gda94"},"geometry":{"type":"LineString","coordinates":[[147.2569709,-42.8374715],[147.2692073,-42.8374434],[147.2814436,-42.837414],[147.2936799,-42.8373833],[147.3059162,-42.8373512],[147.3181525,-42.8373179],[147.3303887,-42.8372832],[147.3426249,-42.8372473],[147.3548611,-42.83721],[147.3670973,-42.8371714],[147.3793335,-42.8371315],[147.3915696,-42.8370904],[147.4038057,-42.8370479]]}},{"type":"Feature","properties":{"axis":"N","value":5257300,"spacing":100,"datum":"gda94"},"geometry":{"type":"LineString","coordinates":[[147.2569672,-42.836571],[147.2692034,-42.8365429],[147.2814395,-42.8365135],[147.2936756,-42.8364827],[147.3059118,-42.8364507],[147.3181478,-42.8364174],[147.3303839,-42.8363827],[147.34262,-42.8363467],[147.354856,-42.8363095],[147.367092,-42.8362709],[147.379328,-42.836231],[147.3915639,-42.8361898],[147.4037999,-42.8361473]]}},{"type":"Feature","properties":{"axis":"N","value":5257400,"spacing":100,"datum":"gda94"},"geometry":{"type":"LineString","coordinates":[[147.2569635,-42.8356705],[147.2691994,-42.8356424],[147.2814354,-42.8356129],[147.2936714,-42.8355822],[147.3059073,-42.8355502],[147.3181432,-42.8355168],[147.3303791,-42.8354822],[147.342615,-42.8354462],[147.3548508,-42.835409],[147.3670867,-42.8353704],[147.3793225,-42.8353305],[147.3915582,-42.8352893],[147.403794,-42.8352468]]}},{"type":"Feature","properties":{"axis":"N","value":5257500,"spacing":100,"datum":"gda94"},"geometry":{"type":"LineString","coordinates":[[147.2569597,-42.8347699],[147.2691955,-42.8347418],[147.2814313,-42.8347124],[147.2936671,-42.8346817],[147.3059029,-42.8346497],[147.3181386,-42.8346163],[147.3303743,-42.8345817],[147.34261,-42.8345457],[147.3548457,-42.8345084],[147.3670813,-42.8344699],[147.379317,-42.83443],[147.3915526,-42.8343888],[147.4037881,-42.8343463]]}},{"type":"Feature","properties":{"axis":"N","value":5257600,"spacing":100,"datum":"gda94"},"geometry":{"type":"LineString","coordinates":[[147.256956,-42.8338694],[147.2691916,-42.8338413],[147.2814273,-42.8338119],[147.2936629,-42.8337812],[147.3058984,-42.8337491],[147.318134,-42.8337158],[147.3303695,-42.8336811],[147.342605,-42.8336452],[147.3548405,-42.8336079],[147.367076,-42.8335694],[147.3793115,-42.8335295],[147.3915469,-42.8334883],[147.4037823,-42.8334458]]}},{"type":"Feature","properties":{"axis":"N","value":5257700,"spacing":100,"datum":"gda94"},"geometry":{"type":"LineString","coordinates":[[147.2569523,-42.8329689],[147.2691877,-42.8329408],[147.2814232,-42.8329114],[147.2936586,-42.8328806],[147.305894,-42.8328486],[147.3181294,-42.8328153],[147.3303647,-42.8327806],[147.3426001,-42.8327447],[147.3548354,-42.8327074],[147.3670707,-42.8326688],[147.3793059,-42.832629],[147.3915412,-42.8325878],[147.4037764,-42.8325453]]}},{"type":"Feature","properties":{"axis":"N","value":5257800,"spacing":100,"datum":"gda94"},"geometry":{"type":"LineString","coordinates":[[147.2569485,-42.8320684],[147.2691838,-42.8320403],[147.2814191,-42.8320108],[147.2936543,-42.8319801],[147.3058895,-42.8319481],[147.3181248,-42.8319147],[147.3303599,-42.8318801],[147.3425951,-42.8318441],[147.3548302,-42.8318069],[147.3670654,-42.8317683],[147.3793004,-42.8317284],[147.3915355,-42.8316873],[147.4037705,-42.8316448]]}},{"type":"Feature","properties":{"axis":"N","value":5257900,"spacing":100,"datum":"gda94"},"geometry":{"type":"LineString","coordinates":[[147.2569448,-42.8311678],[147.2691799,-42.8311397],[147.281415,-42.8311103],[147.2936501,-42.8310796],[147.3058851,-42.8310476],[147.3181201,-42.8310142],[147.3303551,-42.8309796],[147.3425901,-42.8309436],[147.3548251,-42.8309064],[147.36706,-42.8308678],[147.3792949,-42.8308279],[147.3915298,-42.8307868],[147.4037647,-42.8307443]]}}]}