{"type":"FeatureCollection","features":[{"type":"Feature","properties":{"axis":"E","value":331000,"spacing":1000,"datum":"agd66"},"geometry":{"type":"LineString","coordinates":[[151.1727315,-33.9291947],[151.172924,-33.9201803],[151.1731165,-33.9111659],[151.1733089,-33.9021514],[151.1735012,-33.893137],[151.1736934,-33.8841225],[151.1738855,-33.8751081],[151.1740776,-33.8660936],[151.1742695,-33.857079],[151.1744614,-33.8480645],[151.1746532,-33.83905],[151.1748449,-33.8300354],[151.1750365,-33.8210209],[151.1752281,-33.8120063]]}},{"type":"Feature","properties":{"axis":"E","value":332000,"spacing":1000,"datum":"agd66"},"geometry":{"type":"LineString","coordinates":[[151.1835456,-33.9293548],[151.183737,-33.9203403],[151.1839284,-33.9113258],[151.1841196,-33.9023114],[151.1843108,-33.8932969],[151.1845019,-33.8842823],[151.1846929,-33.8752678],[151.1848838,-33.8662533],[151.1850746,-33.8572387],[151.1852653,-33.8482241],[151.185456,-33.8392095],[151.1856466,-33.8301949],[151.1858371,-33.8211803],[151.1860275,-33.8121657]]}},{"type":"Feature","properties":{"axis":"E","value":333000,"spacing":1000,"datum":"agd66"},"geometry":{"type":"LineString","coordinates":[[151.1943599,-33.9295139],[151.1945501,-33.9204994],[151.1947403,-33.9114849],[151.1949305,-33.9024703],[151.1951205,-33.8934558],[151.1953104,-33.8844412],[151.1955003,-33.8754266],[151.1956901,-33.866412],[151.1958798,-33.8573974],[151.1960694,-33.8483828],[151.1962589,-33.8393681],[151.1964483,-33.8303535],[151.1966377,-33.8213388],[151.1968269,-33.8123241]]}},{"type":"Feature","properties":{"axis":"E","value":334000,"spacing":1000,"datum":"agd66"},"geometry":{"type":"LineString","coordinates":[[151.2051742,-33.9296721],[151.2053633,-33.9206575],[151.2055524,-33.9116429],[151.2057414,-33.9026283],[151.2059303,-33.8936137],[151.2061191,-33.8845991],[151.2063078,-33.8755845],[151.2064964,-33.8665698],[151.206685,-33.8575551],[151.2068735,-33.8485405],[151.2070618,-33.8395258],[151.2072502,-33.830511],[151.2074384,-33.8214963],[151.2076265,-33.8124816]]}},{"type":"Feature","properties":{"axis":"E","value":335000,"spacing":1000,"datum":"agd66"},"geometry":{"type":"LineString","coordinates":[[151.2159886,-33.9298293],[151.2161766,-33.9208147],[151.2163645,-33.9118001],[151.2165524,-33.9027854],[151.2167401,-33.8937707],[151.2169278,-33.8847561],[151.2171154,-33.8757414],[151.2173029,-33.8667267],[151.2174903,-33.8577119],[151.2176776,-33.8486972],[151.2178649,-33.8396825],[151.2180521,-33.8306677],[151.2182392,-33.8216529],[151.2184262,-33.8126381]]}},{"type":"Feature","properties":{"axis":"E","value":336000,"spacing":1000,"datum":"agd66"},"geometry":{"type":"LineString","coordinates":[[151.2268031,-33.9299856],[151.2269899,-33.9209709],[151.2271767,-33.9119562],[151.2273634,-33.9029415],[151.2275501,-33.8939268],[151.2277366,-33.8849121],[151.227923,-33.8758973],[151.2281094,-33.8668826],[151.2282957,-33.8578678],[151.2284819,-33.848853],[151.228668,-33.8398382],[151.2288541,-33.8308234],[151.22904,-33.8218086],[151.2292259,-33.8127937]]}},{"type":"Feature","properties":{"axis":"E","value":337000,"spacing":1000,"datum":"agd66"},"geometry":{"type":"LineString","coordinates":[[151.2376177,-33.9301409],[151.2378034,-33.9211262],[151.237989,-33.9121114],[151.2381746,-33.9030967],[151.2383601,-33.8940819],[151.2385455,-33.8850671],[151.2387308,-33.8760523],[151.238916,-33.8670375],[151.2391012,-33.8580227],[151.2392863,-33.8490079],[151.2394712,-33.839993],[151.2396561,-33.8309781],[151.239841,-33.8219633],[151.2400257,-33.8129484]]}},{"type":"Feature","properties":{"axis":"E","value":338000,"spacing":1000,"datum":"agd66"},"geometry":{"type":"LineString","coordinates":[[151.2484323,-33.9302953],[151.2486169,-33.9212805],[151.2488014,-33.9122657],[151.2489858,-33.9032509],[151.2491702,-33.8942361],[151.2493544,-33.8852213],[151.2495386,-33.8762064],[151.2497227,-33.8671915],[151.2499067,-33.8581767],[151.2500907,-33.8491618],[151.2502745,-33.8401469],[151.2504583,-33.8311319],[151.250642,-33.822117],[151.2508256,-33.8131021]]}},{"type":"Feature","properties":{"axis":"E","value":339000,"spacing":1000,"datum":"agd66"},"geometry":{"type":"LineString","coordinates":[[151.259247,-33.9304487],[151.2594305,-33.9214339],[151.2596139,-33.912419],[151.2597972,-33.9034042],[151.2599804,-33.8943893],[151.2601635,-33.8853744],[151.2603465,-33.8763595],[151.2605295,-33.8673446],[151.2607124,-33.8583297],[151.2608952,-33.8493147],[151.2610779,-33.8402998],[151.2612606,-33.8312848],[151.2614431,-33.8222698],[151.2616256,-33.8132548]]}},{"type":"Feature","properties":{"axis":"E","value":340000,"spacing":1000,"datum":"agd66"},"geometry":{"type":"LineString","coordinates":[[151.2700619,-33.9306012],[151.2702442,-33.9215863],[151.2704264,-33.9125714],[151.2706086,-33.9035565],[151.2707906,-33.8945416],[151.2709726,-33.8855266],[151.2711545,-33.8765117],[151.2713364,-33.8674967],[151.2715181,-33.8584817],[151.2716998,-33.8494667],[151.2718814,-33.8404517],[151.2720629,-33.8314367],[151.2722443,-33.8224217],[151.2724257,-33.8134066]]}},{"type":"Feature","properties":{"axis":"E","value":341000,"spacing":1000,"datum":"agd66"},"geometry":{"type":"LineString","coordinates":[[151.2808768,-33.9307527],[151.2810579,-33.9217378],[151.281239,-33.9127229],[151.2814201,-33.9037079],[151.281601,-33.8946929],[151.2817818,-33.8856779],[151.2819626,-33.8766629],[151.2821433,-33.8676479],[151.2823239,-33.8586329],[151.2825045,-33.8496178],[151.2826849,-33.8406028],[151.2828653,-33.8315877],[151.2830456,-33.8225726],[151.2832258,-33.8135575]]}},{"type":"Feature","properties":{"axis":"E","value":342000,"spacing":1000,"datum":"agd66"},"geometry":{"type":"LineString","coordinates":[[151.2916917,-33.9309033],[151.2918718,-33.9218883],[151.2920517,-33.9128733],[151.2922316,-33.9038583],[151.2924114,-33.8948433],[151.2925911,-33.8858283],[151.2927708,-33.8768132],[151.2929503,-33.8677981],[151.2931298,-33.858783],[151.2933092,-33.8497679],[151.2934885,-33.8407528],[151.2936678,-33.8317377],[151.2938469,-33.8227226],[151.294026,-33.8137074]]}},{"type":"Feature","properties":{"axis":"E","value":343000,"spacing":1000,"datum":"agd66"},"geometry":{"type":"LineString","coordinates":[[151.3025068,-33.931053],[151.3026857,-33.9220379],[151.3028645,-33.9130229],[151.3030433,-33.9040078],[151.3032219,-33.8949927],[151.3034005,-33.8859776],[151.303579,-33.8769625],[151.3037574,-33.8679474],[151.3039358,-33.8589323],[151.3041141,-33.8499171],[151.3042922,-33.840902],[151.3044703,-33.8318868],[151.3046484,-33.8228716],[151.3048263,-33.8138564]]}},{"type":"Feature","properties":{"axis":"E","value":344000,"spacing":1000,"datum":"agd66"},"geometry":{"type":"LineString","coordinates":[[151.3133219,-33.9312016],[151.3134997,-33.9221865],[151.3136774,-33.9131714],[151.313855,-33.9041563],[151.3140325,-33.8951412],[151.31421,-33.8861261],[151.3143873,-33.8771109],[151.3145646,-33.8680957],[151.3147418,-33.8590806],[151.314919,-33.8500654],[151.315096,-33.8410501],[151.315273,-33.8320349],[151.3154499,-33.8230197],[151.3156267,-33.8140044]]}},{"type":"Feature","properties":{"axis":"N","value":6244000,"spacing":1000,"datum":"agd66"},"geometry":{"type":"LineString","coordinates":[[151.1727315,-33.9291947],[151.1835456,-33.9293548],[151.1943599,-33.9295139],[151.2051742,-33.9296721],[151.2159886,-33.9298293],[151.2268031,-33.9299856],[151.2376177,-33.9301409],[151.2484323,-33.9302953],[151.259247,-33.9304487],[151.2700619,-33.9306012],[151.2808768,-33.9307527],[151.2916917,-33.9309033],[151.3025068,-33.931053],[151.3133219,-33.9312016]]}},{"type":"Feature","properties":{"axis":"N","value":6245000,"spacing":1000,"datum":"agd66"},"geometry":{"type":"LineString","coordinates":[[151.172924,-33.9201803],[151.183737,-33.9203403],[151.1945501,-33.9204994],[151.2053633,-33.9206575],[151.2161766,-33.9208147],[151.2269899,-33.9209709],[151.2378034,-33.9211262],[151.2486169,-33.9212805],[151.2594305,-33.9214339],[151.2702442,-33.9215863],[151.2810579,-33.9217378],[151.2918718,-33.9218883],[151.3026857,-33.9220379],[151.3134997,-33.9221865]]}},{"type":"Feature","properties":{"axis":"N","value":6246000,"spacing":1000,"datum":"agd66"},"geometry":{"type":"LineString","coordinates":[[151.1731165,-33.9111659],[151.1839284,-33.9113258],[151.1947403,-33.9114849],[151.2055524,-33.9116429],[151.2163645,-33.9118001],[151.2271767,-33.9119562],[151.237989,-33.9121114],[151.2488014,-33.9122657],[151.2596139,-33.912419],[151.2704264,-33.9125714],[151.281239,-33.9127229],[151.2920517,-33.9128733],[151.3028645,-33.9130229],[151.3136774,-33.9131714]]}},{"type":"Feature","properties":{"axis":"N","value":6247000,"spacing":1000,"datum":"agd66"},"geometry":{"type":"LineString","coordinates":[[151.1733089,-33.9021514],[151.1841196,-33.9023114],[151.1949305,-33.9024703],[151.2057414,-33.9026283],[151.2165524,-33.9027854],[151.2273634,-33.9029415],[151.2381746,-33.9030967],[151.2489858,-33.9032509],[151.2597972,-33.9034042],[151.2706086,-33.9035565],[151.2814201,-33.9037079],[151.2922316,-33.9038583],[151.3030433,-33.9040078],[151.313855,-33.9041563]]}},{"type":"Feature","properties":{"axis":"N","value":6248000,"spacing":1000,"datum":"agd66"},"geometry":{"type":"LineString","coordinates":[[151.1735012,-33.893137],[151.1843108,-33.8932969],[151.1951205,-33.8934558],[151.2059303,-33.8936137],[151.2167401,-33.8937707],[151.2275501,-33.8939268],[151.2383601,-33.8940819],[151.2491702,-33.8942361],[151.2599804,-33.8943893],[151.2707906,-33.8945416],[151.281601,-33.8946929],[151.2924114,-33.8948433],[151.3032219,-33.8949927],[151.3140325,-33.8951412]]}},{"type":"Feature","properties":{"axis":"N","value":6249000,"spacing":1000,"datum":"agd66"},"geometry":{"type":"LineString","coordinates":[[151.1736934,-33.8841225],[151.1845019,-33.8842823],[151.1953104,-33.8844412],[151.2061191,-33.8845991],[151.2169278,-33.8847561],[151.2277366,-33.8849121],[151.2385455,-33.8850671],[151.2493544,-33.8852213],[151.2601635,-33.8853744],[151.2709726,-33.8855266],[151.2817818,-33.8856779],[151.2925911,-33.8858283],[151.3034005,-33.8859776],[151.31421,-33.8861261]]}},{"type":"Feature","properties":{"axis":"N","value":6250000,"spacing":1000,"datum":"agd66"},"geometry":{"type":"LineString","coordinates":[[151.1738855,-33.8751081],[151.1846929,-33.8752678],[151.1955003,-33.8754266],[151.2063078,-33.8755845],[151.2171154,-33.8757414],[151.227923,-33.8758973],[151.2387308,-33.8760523],[151.2495386,-33.8762064],[151.2603465,-33.8763595],[151.2711545,-33.8765117],[151.2819626,-33.8766629],[151.2927708,-33.8768132],[151.303579,-33.8769625],[151.3143873,-33.8771109]]}},{"type":"Feature","properties":{"axis":"N","value":6251000,"spacing":1000,"datum":"agd66"},"geometry":{"type":"LineString","coordinates":[[151.1740776,-33.8660936],[151.1848838,-33.8662533],[151.1956901,-33.866412],[151.2064964,-33.8665698],[151.2173029,-33.8667267],[151.2281094,-33.8668826],[151.238916,-33.8670375],[151.2497227,-33.8671915],[151.2605295,-33.8673446],[151.2713364,-33.8674967],[151.2821433,-33.8676479],[151.2929503,-33.8677981],[151.3037574,-33.8679474],[151.3145646,-33.8680957]]}},{"type":"Feature","properties":{"axis":"N","value":6252000,"spacing":1000,"datum":"agd66"},"geometry":{"type":"LineString","coordinates":[[151.1742695,-33.857079],[151.1850746,-33.8572387],[151.1958798,-33.8573974],[151.206685,-33.8575551],[151.2174903,-33.8577119],[151.2282957,-33.8578678],[151.2391012,-33.8580227],[151.2499067,-33.8581767],[151.2607124,-33.8583297],[151.2715181,-33.8584817],[151.2823239,-33.8586329],[151.2931298,-33.858783],[151.3039358,-33.8589323],[151.3147418,-33.8590806]]}},{"type":"Feature","properties":{"axis":"N","value":6253000,"spacing":1000,"datum":"agd66"},"geometry":{"type":"LineString","coordinates":[[151.1744614,-33.8480645],[151.1852653,-33.8482241],[151.1960694,-33.8483828],[151.2068735,-33.8485405],[151.2176776,-33.8486972],[151.2284819,-33.848853],[151.2392863,-33.8490079],[151.2500907,-33.8491618],[151.2608952,-33.8493147],[151.2716998,-33.8494667],[151.2825045,-33.8496178],[151.2933092,-33.8497679],[151.3041141,-33.8499171],[151.314919,-33.8500654]]}},{"type":"Feature","properties":{"axis":"N","value":6254000,"spacing":1000,"datum":"agd66"},"geometry":{"type":"LineString","coordinates":[[151.1746532,-33.83905],[151.185456,-33.8392095],[151.1962589,-33.8393681],[151.2070618,-33.8395258],[151.2178649,-33.8396825],[151.228668,-33.8398382],[151.2394712,-33.839993],[151.2502745,-33.8401469],[151.2610779,-33.8402998],[151.2718814,-33.8404517],[151.2826849,-33.8406028],[151.2934885,-33.8407528],[151.3042922,-33.840902],[151.315096,-33.8410501]]}},{"type":"Feature","properties":{"axis":"N","value":6255000,"spacing":1000,"datum":"agd66"},"geometry":{"type":"LineString","coordinates":[[151.1748449,-33.8300354],[151.1856466,-33.8301949],[151.1964483,-33.8303535],[151.2072502,-33.830511],[151.2180521,-33.8306677],[151.2288541,-33.8308234],[151.2396561,-33.8309781],[151.2504583,-33.8311319],[151.2612606,-33.8312848],[151.2720629,-33.8314367],[151.2828653,-33.8315877],[151.2936678,-33.8317377],[151.3044703,-33.8318868],[151.315273,-33.8320349]]}},{"type":"Feature","properties":{"axis":"N","value":6256000,"spacing":1000,"datum":"agd66"},"geometry":{"type":"LineString","coordinates":[[151.1750365,-33.8210209],[151.1858371,-33.8211803],[151.1966377,-33.8213388],[151.2074384,-33.8214963],[151.2182392,-33.8216529],[151.22904,-33.8218086],[151.239841,-33.8219633],[151.250642,-33.822117],[151.2614431,-33.8222698],[151.2722443,-33.8224217],[151.2830456,-33.8225726],[151.2938469,-33.8227226],[151.3046484,-33.8228716],[151.3154499,-33.8230197]]}},{"type":"Feature","properties":{"axis":"N","value":6257000,"spacing":1000,"datum":"agd66"},"geometry":{"type":"LineString","coordinates":[[151.1752281,-33.8120063],[151.1860275,-33.8121657],[151.1968269,-33.8123241],[151.2076265,-33.8124816],[151.2184262,-33.8126381],[151.2292259,-33.8127937],[151.2400257,-33.8129484],[151.2508256,-33.8131021],[151.2616256,-33.8132548],[151.2724257,-33.8134066],[151.2832258,-33.8135575],[151.294026,-33.8137074],[151.3048263,-33.8138564],[151.3156267,-33.8140044]]}},{"type":"Feature","properties":{"axis":"E","value":331500,"spacing":100,"datum":"agd66"},"geometry":{"type":"LineString","coordinates":[[151.1781577,-33.9283734],[151.1783513,-33.9192839],[151.1785448,-33.9101943],[151.1787382,-33.9011047],[151.1789315,-33.8920151],[151.1791248,-33.8829255],[151.1793179,-33.8738359],[151.179511,-33.8647462],[151.179704,-33.8556566],[151.1798968,-33.8465669],[151.1800896,-33.8374772],[151.1802824,-33.8283875],[151.180475,-33.8192978]]}},{"type":"Feature","properties":{"axis":"E","value":331600,"spacing":100,"datum":"agd66"},"geometry":{"type":"LineString","coordinates":[[151.1792391,-33.9283894],[151.1794326,-33.9192999],[151.179626,-33.9102103],[151.1798193,-33.9011207],[151.1800125,-33.8920311],[151.1802056,-33.8829415],[151.1803986,-33.8738518],[151.1805916,-33.8647622],[151.1807844,-33.8556725],[151.1809772,-33.8465828],[151.1811699,-33.8374932],[151.1813625,-33.8284034],[151.181555,-33.8193137]]}},{"type":"Feature","properties":{"axis":"E","value":331700,"spacing":100,"datum":"agd66"},"geometry":{"type":"LineString","coordinates":[[151.1803205,-33.9284054],[151.1805139,-33.9193159],[151.1807072,-33.9102263],[151.1809003,-33.9011367],[151.1810934,-33.8920471],[151.1812864,-33.8829574],[151.1814794,-33.8738678],[151.1816722,-33.8647781],[151.1818649,-33.8556885],[151.1820576,-33.8465988],[151.1822502,-33.8375091],[151.1824426,-33.8284194],[151.182635,-33.8193297]]}},{"type":"Feature","properties":{"axis":"E","value":331800,"spacing":100,"datum":"agd66"},"geometry":{"type":"LineString","coordinates":[[151.181402,-33.9284214],[151.1815952,-33.9193318],[151.1817883,-33.9102422],[151.1819814,-33.9011526],[151.1821744,-33.892063],[151.1823673,-33.8829734],[151.1825601,-33.8738837],[151.1827528,-33.8647941],[151.1829454,-33.8557044],[151.183138,-33.8466147],[151.1833304,-33.837525],[151.1835228,-33.8284353],[151.1837151,-33.8193456]]}},{"type":"Feature","properties":{"axis":"E","value":331900,"spacing":100,"datum":"agd66"},"geometry":{"type":"LineString","coordinates":[[151.1824834,-33.9284374],[151.1826765,-33.9193478],[151.1828695,-33.9102582],[151.1830625,-33.9011686],[151.1832553,-33.892079],[151.1834481,-33.8829893],[151.1836408,-33.8738997],[151.1838334,-33.86481],[151.1840259,-33.8557203],[151.1842183,-33.8466306],[151.1844107,-33.8375409],[151.1846029,-33.8284512],[151.1847951,-33.8193615]]}},{"type":"Feature","properties":{"axis":"E","value":332100,"spacing":100,"datum":"agd66"},"geometry":{"type":"LineString","coordinates":[[151.1846462,-33.9284693],[151.1848391,-33.9193797],[151.1850319,-33.9102901],[151.1852246,-33.9012005],[151.1854172,-33.8921109],[151.1856098,-33.8830212],[151.1858022,-33.8739315],[151.1859946,-33.8648419],[151.1861869,-33.8557522],[151.1863791,-33.8466625],[151.1865712,-33.8375727],[151.1867632,-33.828483],[151.1869552,-33.8193933]]}},{"type":"Feature","properties":{"axis":"E","value":332200,"spacing":100,"datum":"agd66"},"geometry":{"type":"LineString","coordinates":[[151.1857276,-33.9284852],[151.1859204,-33.9193956],[151.1861131,-33.910306],[151.1863057,-33.9012164],[151.1864982,-33.8921268],[151.1866906,-33.8830371],[151.186883,-33.8739475],[151.1870752,-33.8648578],[151.1872674,-33.8557681],[151.1874595,-33.8466784],[151.1876515,-33.8375886],[151.1878434,-33.8284989],[151.1880352,-33.8194091]]}},{"type":"Feature","properties":{"axis":"E","value":332300,"spacing":100,"datum":"agd66"},"geometry":{"type":"LineString","coordinates":[[151.186809,-33.9285012],[151.1870017,-33.9194116],[151.1871942,-33.910322],[151.1873867,-33.9012323],[151.1875791,-33.8921427],[151.1877714,-33.883053],[151.1879637,-33.8739634],[151.1881558,-33.8648737],[151.1883479,-33.855784],[151.1885398,-33.8466943],[151.1887317,-33.8376045],[151.1889235,-33.8285148],[151.1891153,-33.819425]]}},{"type":"Feature","properties":{"axis":"E","value":332400,"spacing":100,"datum":"agd66"},"geometry":{"type":"LineString","coordinates":[[151.1878904,-33.9285171],[151.188083,-33.9194275],[151.1882754,-33.9103379],[151.1884678,-33.9012482],[151.1886601,-33.8921586],[151.1888523,-33.8830689],[151.1890444,-33.8739793],[151.1892364,-33.8648896],[151.1894284,-33.8557999],[151.1896202,-33.8467101],[151.189812,-33.8376204],[151.1900037,-33.8285306],[151.1901953,-33.8194409]]}},{"type":"Feature","properties":{"axis":"E","value":332500,"spacing":100,"datum":"agd66"},"geometry":{"type":"LineString","coordinates":[[151.1889718,-33.928533],[151.1891643,-33.9194434],[151.1893566,-33.9103538],[151.1895489,-33.9012641],[151.189741,-33.8921745],[151.1899331,-33.8830848],[151.1901251,-33.8739951],[151.190317,-33.8649054],[151.1905089,-33.8558157],[151.1907006,-33.846726],[151.1908923,-33.8376363],[151.1910838,-33.8285465],[151.1912753,-33.8194567]]}},{"type":"Feature","properties":{"axis":"E","value":332600,"spacing":100,"datum":"agd66"},"geometry":{"type":"LineString","coordinates":[[151.1900532,-33.9285489],[151.1902455,-33.9194593],[151.1904378,-33.9103697],[151.1906299,-33.90128],[151.190822,-33.8921904],[151.191014,-33.8831007],[151.1912058,-33.874011],[151.1913976,-33.8649213],[151.1915894,-33.8558316],[151.191781,-33.8467419],[151.1919725,-33.8376521],[151.192164,-33.8285623],[151.1923554,-33.8194726]]}},{"type":"Feature","properties":{"axis":"E","value":332700,"spacing":100,"datum":"agd66"},"geometry":{"type":"LineString","coordinates":[[151.1911346,-33.9285648],[151.1913268,-33.9194752],[151.191519,-33.9103856],[151.191711,-33.9012959],[151.1919029,-33.8922062],[151.1920948,-33.8831166],[151.1922866,-33.8740269],[151.1924783,-33.8649372],[151.1926699,-33.8558474],[151.1928614,-33.8467577],[151.1930528,-33.837668],[151.1932441,-33.8285782],[151.1934354,-33.8194884]]}},{"type":"Feature","properties":{"axis":"E","value":332800,"spacing":100,"datum":"agd66"},"geometry":{"type":"LineString","coordinates":[[151.1922161,-33.9285807],[151.1924081,-33.9194911],[151.1926001,-33.9104014],[151.1927921,-33.9013118],[151.1929839,-33.8922221],[151.1931756,-33.8831324],[151.1933673,-33.8740427],[151.1935589,-33.864953],[151.1937504,-33.8558633],[151.1939418,-33.8467735],[151.1941331,-33.8376838],[151.1943243,-33.828594],[151.1945154,-33.8195042]]}},{"type":"Feature","properties":{"axis":"E","value":332900,"spacing":100,"datum":"agd66"},"geometry":{"type":"LineString","coordinates":[[151.1932975,-33.9285966],[151.1934894,-33.919507],[151.1936813,-33.9104173],[151.1938731,-33.9013276],[151.1940649,-33.892238],[151.1942565,-33.8831483],[151.194448,-33.8740586],[151.1946395,-33.8649689],[151.1948309,-33.8558791],[151.1950221,-33.8467894],[151.1952133,-33.8376996],[151.1954045,-33.8286098],[151.1955955,-33.81952]]}},{"type":"Feature","properties":{"axis":"E","value":333100,"spacing":100,"datum":"agd66"},"geometry":{"type":"LineString","coordinates":[[151.1954603,-33.9286283],[151.1956521,-33.9195387],[151.1958437,-33.910449],[151.1960353,-33.9013593],[151.1962268,-33.8922697],[151.1964182,-33.88318],[151.1966095,-33.8740902],[151.1968007,-33.8650005],[151.1969919,-33.8559108],[151.1971829,-33.846821],[151.1973739,-33.8377312],[151.1975648,-33.8286414],[151.1977556,-33.8195516]]}},{"type":"Feature","properties":{"axis":"E","value":333200,"spacing":100,"datum":"agd66"},"geometry":{"type":"LineString","coordinates":[[151.1965417,-33.9286442],[151.1967334,-33.9195545],[151.1969249,-33.9104649],[151.1971164,-33.9013752],[151.1973077,-33.8922855],[151.197499,-33.8831958],[151.1976902,-33.8741061],[151.1978813,-33.8650163],[151.1980724,-33.8559266],[151.1982633,-33.8468368],[151.1984542,-33.837747],[151.1986449,-33.8286572],[151.1988356,-33.8195674]]}},{"type":"Feature","properties":{"axis":"E","value":333300,"spacing":100,"datum":"agd66"},"geometry":{"type":"LineString","coordinates":[[151.1976231,-33.92866],[151.1978147,-33.9195704],[151.1980061,-33.9104807],[151.1981974,-33.901391],[151.1983887,-33.8923013],[151.1985799,-33.8832116],[151.1987709,-33.8741219],[151.1989619,-33.8650321],[151.1991529,-33.8559424],[151.1993437,-33.8468526],[151.1995344,-33.8377628],[151.1997251,-33.828673],[151.1999157,-33.8195832]]}},{"type":"Feature","properties":{"axis":"E","value":333400,"spacing":100,"datum":"agd66"},"geometry":{"type":"LineString","coordinates":[[151.1987046,-33.9286758],[151.198896,-33.9195862],[151.1990873,-33.9104965],[151.1992785,-33.9014068],[151.1994696,-33.8923171],[151.1996607,-33.8832274],[151.1998517,-33.8741377],[151.2000426,-33.8650479],[151.2002334,-33.8559582],[151.2004241,-33.8468684],[151.2006147,-33.8377786],[151.2008053,-33.8286888],[151.2009957,-33.819599]]}},{"type":"Feature","properties":{"axis":"E","value":333500,"spacing":100,"datum":"agd66"},"geometry":{"type":"LineString","coordinates":[[151.199786,-33.9286917],[151.1999773,-33.919602],[151.2001685,-33.9105123],[151.2003596,-33.9014226],[151.2005506,-33.8923329],[151.2007416,-33.8832432],[151.2009324,-33.8741535],[151.2011232,-33.8650637],[151.2013139,-33.8559739],[151.2015045,-33.8468842],[151.201695,-33.8377944],[151.2018854,-33.8287046],[151.2020758,-33.8196147]]}},{"type":"Feature","properties":{"axis":"E","value":333600,"spacing":100,"datum":"agd66"},"geometry":{"type":"LineString","coordinates":[[151.2008674,-33.9287075],[151.2010586,-33.9196178],[151.2012497,-33.9105281],[151.2014407,-33.9014384],[151.2016316,-33.8923487],[151.2018224,-33.883259],[151.2020131,-33.8741692],[151.2022038,-33.8650795],[151.2023944,-33.8559897],[151.2025849,-33.8468999],[151.2027753,-33.8378101],[151.2029656,-33.8287203],[151.2031558,-33.8196305]]}},{"type":"Feature","properties":{"axis":"E","value":333700,"spacing":100,"datum":"agd66"},"geometry":{"type":"LineString","coordinates":[[151.2019488,-33.9287233],[151.2021399,-33.9196336],[151.2023309,-33.9105439],[151.2025217,-33.9014542],[151.2027125,-33.8923645],[151.2029033,-33.8832748],[151.2030939,-33.874185],[151.2032844,-33.8650952],[151.2034749,-33.8560055],[151.2036653,-33.8469157],[151.2038555,-33.8378259],[151.2040457,-33.828736],[151.2042359,-33.8196462]]}},{"type":"Feature","properties":{"axis":"E","value":333800,"spacing":100,"datum":"agd66"},"geometry":{"type":"LineString","coordinates":[[151.2030303,-33.9287391],[151.2032212,-33.9196494],[151.203412,-33.9105597],[151.2036028,-33.90147],[151.2037935,-33.8923803],[151.2039841,-33.8832905],[151.2041746,-33.8742008],[151.204365,-33.865111],[151.2045554,-33.8560212],[151.2047456,-33.8469314],[151.2049358,-33.8378416],[151.2051259,-33.8287518],[151.2053159,-33.8196619]]}},{"type":"Feature","properties":{"axis":"E","value":333900,"spacing":100,"datum":"agd66"},"geometry":{"type":"LineString","coordinates":[[151.2041117,-33.9287549],[151.2043025,-33.9196652],[151.2044932,-33.9105755],[151.2046839,-33.9014858],[151.2048745,-33.892396],[151.205065,-33.8833063],[151.2052554,-33.8742165],[151.2054457,-33.8651267],[151.2056359,-33.856037],[151.205826,-33.8469472],[151.2060161,-33.8378573],[151.2062061,-33.8287675],[151.206396,-33.8196777]]}},{"type":"Feature","properties":{"axis":"E","value":334100,"spacing":100,"datum":"agd66"},"geometry":{"type":"LineString","coordinates":[[151.2062745,-33.9287864],[151.2064651,-33.9196967],[151.2066556,-33.910607],[151.2068461,-33.9015173],[151.2070364,-33.8924275],[151.2072267,-33.8833378],[151.2074168,-33.874248],[151.2076069,-33.8651582],[151.2077969,-33.8560684],[151.2079868,-33.8469786],[151.2081767,-33.8378888],[151.2083664,-33.8287989],[151.2085561,-33.8197091]]}},{"type":"Feature","properties":{"axis":"E","value":334200,"spacing":100,"datum":"agd66"},"geometry":{"type":"LineString","coordinates":[[151.207356,-33.9288022],[151.2075464,-33.9197124],[151.2077368,-33.9106227],[151.2079271,-33.901533],[151.2081174,-33.8924433],[151.2083075,-33.8833535],[151.2084976,-33.8742637],[151.2086875,-33.8651739],[151.2088774,-33.8560841],[151.2090672,-33.8469943],[151.2092569,-33.8379045],[151.2094466,-33.8288146],[151.2096361,-33.8197248]]}},{"type":"Feature","properties":{"axis":"E","value":334300,"spacing":100,"datum":"agd66"},"geometry":{"type":"LineString","coordinates":[[151.2084374,-33.9288179],[151.2086277,-33.9197282],[151.208818,-33.9106385],[151.2090082,-33.9015487],[151.2091983,-33.892459],[151.2093884,-33.8833692],[151.2095783,-33.8742794],[151.2097682,-33.8651896],[151.2099579,-33.8560998],[151.2101476,-33.84701],[151.2103372,-33.8379202],[151.2105267,-33.8288303],[151.2107162,-33.8197404]]}},{"type":"Feature","properties":{"axis":"E","value":334400,"spacing":100,"datum":"agd66"},"geometry":{"type":"LineString","coordinates":[[151.2095188,-33.9288336],[151.2097091,-33.9197439],[151.2098992,-33.9106542],[151.2100893,-33.9015644],[151.2102793,-33.8924747],[151.2104692,-33.8833849],[151.210659,-33.8742951],[151.2108488,-33.8652053],[151.2110384,-33.8561155],[151.211228,-33.8470257],[151.2114175,-33.8379358],[151.2116069,-33.828846],[151.2117962,-33.8197561]]}},{"type":"Feature","properties":{"axis":"E","value":334500,"spacing":100,"datum":"agd66"},"geometry":{"type":"LineString","coordinates":[[151.2106002,-33.9288494],[151.2107904,-33.9197596],[151.2109804,-33.9106699],[151.2111704,-33.9015802],[151.2113603,-33.8924904],[151.2115501,-33.8834006],[151.2117398,-33.8743108],[151.2119294,-33.865221],[151.212119,-33.8561312],[151.2123084,-33.8470414],[151.2124978,-33.8379515],[151.2126871,-33.8288617],[151.2128763,-33.8197718]]}},{"type":"Feature","properties":{"axis":"E","value":334600,"spacing":100,"datum":"agd66"},"geometry":{"type":"LineString","coordinates":[[151.2116817,-33.9288651],[151.2118717,-33.9197754],[151.2120616,-33.9106856],[151.2122515,-33.9015959],[151.2124412,-33.8925061],[151.2126309,-33.8834163],[151.2128205,-33.8743265],[151.21301,-33.8652367],[151.2131995,-33.8561469],[151.2133888,-33.847057],[151.2135781,-33.8379672],[151.2137672,-33.8288773],[151.2139563,-33.8197874]]}},{"type":"Feature","properties":{"axis":"E","value":334700,"spacing":100,"datum":"agd66"},"geometry":{"type":"LineString","coordinates":[[151.2127631,-33.9288808],[151.212953,-33.9197911],[151.2131428,-33.9107013],[151.2133326,-33.9016116],[151.2135222,-33.8925218],[151.2137118,-33.883432],[151.2139013,-33.8743422],[151.2140907,-33.8652524],[151.21428,-33.8561625],[151.2144692,-33.8470727],[151.2146584,-33.8379828],[151.2148474,-33.828893],[151.2150364,-33.8198031]]}},{"type":"Feature","properties":{"axis":"E","value":334800,"spacing":100,"datum":"agd66"},"geometry":{"type":"LineString","coordinates":[[151.2138445,-33.9288965],[151.2140343,-33.9198067],[151.214224,-33.910717],[151.2144137,-33.9016272],[151.2146032,-33.8925375],[151.2147926,-33.8834477],[151.214982,-33.8743579],[151.2151713,-33.865268],[151.2153605,-33.8561782],[151.2155496,-33.8470883],[151.2157386,-33.8379985],[151.2159276,-33.8289086],[151.2161164,-33.8198187]]}},{"type":"Feature","properties":{"axis":"E","value":334900,"spacing":100,"datum":"agd66"},"geometry":{"type":"LineString","coordinates":[[151.214926,-33.9289122],[151.2151156,-33.9198224],[151.2153052,-33.9107327],[151.2154947,-33.9016429],[151.2156842,-33.8925531],[151.2158735,-33.8834633],[151.2160628,-33.8743735],[151.2162519,-33.8652837],[151.216441,-33.8561938],[151.21663,-33.847104],[151.2168189,-33.8380141],[151.2170078,-33.8289242],[151.2171965,-33.8198343]]}},{"type":"Feature","properties":{"axis":"E","value":335100,"spacing":100,"datum":"agd66"},"geometry":{"type":"LineString","coordinates":[[151.2170888,-33.9289435],[151.2172783,-33.9198538],[151.2174676,-33.910764],[151.2176569,-33.9016742],[151.2178461,-33.8925844],[151.2180352,-33.8834946],[151.2182242,-33.8744048],[151.2184132,-33.865315],[151.218602,-33.8562251],[151.2187908,-33.8471352],[151.2189795,-33.8380454],[151.2191681,-33.8289555],[151.2193566,-33.8198656]]}},{"type":"Feature","properties":{"axis":"E","value":335200,"spacing":100,"datum":"agd66"},"geometry":{"type":"LineString","coordinates":[[151.2181703,-33.9289592],[151.2183596,-33.9198694],[151.2185488,-33.9107797],[151.218738,-33.9016899],[151.2189271,-33.8926001],[151.2191161,-33.8835103],[151.219305,-33.8744204],[151.2194938,-33.8653306],[151.2196826,-33.8562407],[151.2198712,-33.8471509],[151.2200598,-33.838061],[151.2202483,-33.8289711],[151.2204367,-33.8198812]]}},{"type":"Feature","properties":{"axis":"E","value":335300,"spacing":100,"datum":"agd66"},"geometry":{"type":"LineString","coordinates":[[151.2192517,-33.9289748],[151.2194409,-33.9198851],[151.2196301,-33.9107953],[151.2198191,-33.9017055],[151.2200081,-33.8926157],[151.2201969,-33.8835259],[151.2203857,-33.874436],[151.2205745,-33.8653462],[151.2207631,-33.8562563],[151.2209516,-33.8471665],[151.2211401,-33.8380766],[151.2213285,-33.8289867],[151.2215167,-33.8198967]]}},{"type":"Feature","properties":{"axis":"E","value":335400,"spacing":100,"datum":"agd66"},"geometry":{"type":"LineString","coordinates":[[151.2203331,-33.9289905],[151.2205222,-33.9199007],[151.2207113,-33.9108109],[151.2209002,-33.9017211],[151.221089,-33.8926313],[151.2212778,-33.8835415],[151.2214665,-33.8744517],[151.2216551,-33.8653618],[151.2218436,-33.8562719],[151.222032,-33.8471821],[151.2222204,-33.8380922],[151.2224086,-33.8290022],[151.2225968,-33.8199123]]}},{"type":"Feature","properties":{"axis":"E","value":335500,"spacing":100,"datum":"agd66"},"geometry":{"type":"LineString","coordinates":[[151.2214146,-33.9290061],[151.2216036,-33.9199163],[151.2217925,-33.9108265],[151.2219813,-33.9017367],[151.22217,-33.8926469],[151.2223587,-33.8835571],[151.2225472,-33.8744673],[151.2227357,-33.8653774],[151.2229241,-33.8562875],[151.2231124,-33.8471976],[151.2233007,-33.8381077],[151.2234888,-33.8290178],[151.2236769,-33.8199279]]}},{"type":"Feature","properties":{"axis":"E","value":335600,"spacing":100,"datum":"agd66"},"geometry":{"type":"LineString","coordinates":[[151.222496,-33.9290217],[151.2226849,-33.919932],[151.2228737,-33.9108422],[151.2230624,-33.9017524],[151.223251,-33.8926625],[151.2234395,-33.8835727],[151.223628,-33.8744828],[151.2238164,-33.865393],[151.2240046,-33.8563031],[151.2241928,-33.8472132],[151.224381,-33.8381233],[151.224569,-33.8290334],[151.2247569,-33.8199434]]}},{"type":"Feature","properties":{"axis":"E","value":335700,"spacing":100,"datum":"agd66"},"geometry":{"type":"LineString","coordinates":[[151.2235774,-33.9290373],[151.2237662,-33.9199476],[151.2239549,-33.9108578],[151.2241435,-33.9017679],[151.224332,-33.8926781],[151.2245204,-33.8835883],[151.2247087,-33.8744984],[151.224897,-33.8654086],[151.2250852,-33.8563187],[151.2252733,-33.8472288],[151.2254613,-33.8381389],[151.2256492,-33.8290489],[151.225837,-33.819959]]}},{"type":"Feature","properties":{"axis":"E","value":335800,"spacing":100,"datum":"agd66"},"geometry":{"type":"LineString","coordinates":[[151.2246589,-33.9290529],[151.2248475,-33.9199632],[151.2250361,-33.9108734],[151.2252246,-33.9017835],[151.225413,-33.8926937],[151.2256013,-33.8836039],[151.2257895,-33.874514],[151.2259776,-33.8654241],[151.2261657,-33.8563342],[151.2263537,-33.8472443],[151.2265415,-33.8381544],[151.2267294,-33.8290645],[151.2269171,-33.8199745]]}},{"type":"Feature","properties":{"axis":"E","value":335900,"spacing":100,"datum":"agd66"},"geometry":{"type":"LineString","coordinates":[[151.2257403,-33.9290685],[151.2259289,-33.9199787],[151.2261173,-33.9108889],[151.2263057,-33.9017991],[151.2264939,-33.8927093],[151.2266821,-33.8836194],[151.2268702,-33.8745296],[151.2270583,-33.8654397],[151.2272462,-33.8563498],[151.2274341,-33.8472599],[151.2276218,-33.83817],[151.2278095,-33.82908],[151.2279971,-33.8199901]]}},{"type":"Feature","properties":{"axis":"E","value":336100,"spacing":100,"datum":"agd66"},"geometry":{"type":"LineString","coordinates":[[151.2279032,-33.9290997],[151.2280915,-33.9200099],[151.2282797,-33.9109201],[151.2284679,-33.9018302],[151.2286559,-33.8927404],[151.2288439,-33.8836505],[151.2290318,-33.8745607],[151.2292196,-33.8654708],[151.2294073,-33.8563809],[151.2295949,-33.8472909],[151.2297824,-33.838201],[151.2299699,-33.8291111],[151.2301573,-33.8200211]]}},{"type":"Feature","properties":{"axis":"E","value":336200,"spacing":100,"datum":"agd66"},"geometry":{"type":"LineString","coordinates":[[151.2289847,-33.9291153],[151.2291728,-33.9200255],[151.2293609,-33.9109356],[151.229549,-33.9018458],[151.2297369,-33.8927559],[151.2299247,-33.8836661],[151.2301125,-33.8745762],[151.2303002,-33.8654863],[151.2304878,-33.8563964],[151.2306753,-33.8473065],[151.2308627,-33.8382165],[151.2310501,-33.8291266],[151.2312373,-33.8200366]]}},{"type":"Feature","properties":{"axis":"E","value":336300,"spacing":100,"datum":"agd66"},"geometry":{"type":"LineString","coordinates":[[151.2300661,-33.9291308],[151.2302542,-33.920041],[151.2304422,-33.9109512],[151.2306301,-33.9018613],[151.2308179,-33.8927715],[151.2310056,-33.8836816],[151.2311933,-33.8745917],[151.2313808,-33.8655018],[151.2315683,-33.8564119],[151.2317557,-33.847322],[151.231943,-33.838232],[151.2321303,-33.8291421],[151.2323174,-33.8200521]]}},{"type":"Feature","properties":{"axis":"E","value":336400,"spacing":100,"datum":"agd66"},"geometry":{"type":"LineString","coordinates":[[151.2311475,-33.9291464],[151.2313355,-33.9200565],[151.2315234,-33.9109667],[151.2317112,-33.9018769],[151.2318989,-33.892787],[151.2320865,-33.8836971],[151.232274,-33.8746072],[151.2324615,-33.8655173],[151.2326488,-33.8564274],[151.2328361,-33.8473375],[151.2330233,-33.8382475],[151.2332105,-33.8291576],[151.2333975,-33.8200676]]}},{"type":"Feature","properties":{"axis":"E","value":336500,"spacing":100,"datum":"agd66"},"geometry":{"type":"LineString","coordinates":[[151.232229,-33.9291619],[151.2324168,-33.9200721],[151.2326046,-33.9109822],[151.2327923,-33.9018924],[151.2329799,-33.8928025],[151.2331674,-33.8837126],[151.2333548,-33.8746227],[151.2335421,-33.8655328],[151.2337294,-33.8564429],[151.2339165,-33.847353],[151.2341036,-33.838263],[151.2342906,-33.829173],[151.2344776,-33.820083]]}},{"type":"Feature","properties":{"axis":"E","value":336600,"spacing":100,"datum":"agd66"},"geometry":{"type":"LineString","coordinates":[[151.2333104,-33.9291774],[151.2334982,-33.9200876],[151.2336858,-33.9109978],[151.2338734,-33.9019079],[151.2340608,-33.892818],[151.2342482,-33.8837281],[151.2344355,-33.8746382],[151.2346228,-33.8655483],[151.2348099,-33.8564584],[151.234997,-33.8473684],[151.2351839,-33.8382785],[151.2353708,-33.8291885],[151.2355576,-33.8200985]]}},{"type":"Feature","properties":{"axis":"E","value":336700,"spacing":100,"datum":"agd66"},"geometry":{"type":"LineString","coordinates":[[151.2343919,-33.9291929],[151.2345795,-33.9201031],[151.234767,-33.9110133],[151.2349545,-33.9019234],[151.2351418,-33.8928335],[151.2353291,-33.8837436],[151.2355163,-33.8746537],[151.2357034,-33.8655638],[151.2358904,-33.8564739],[151.2360774,-33.8473839],[151.2362642,-33.8382939],[151.236451,-33.829204],[151.2366377,-33.820114]]}},{"type":"Feature","properties":{"axis":"E","value":336800,"spacing":100,"datum":"agd66"},"geometry":{"type":"LineString","coordinates":[[151.2354733,-33.9292085],[151.2356608,-33.9201186],[151.2358482,-33.9110288],[151.2360356,-33.9019389],[151.2362228,-33.892849],[151.23641,-33.8837591],[151.2365971,-33.8746692],[151.2367841,-33.8655793],[151.236971,-33.8564893],[151.2371578,-33.8473994],[151.2373445,-33.8383094],[151.2375312,-33.8292194],[151.2377178,-33.8201294]]}},{"type":"Feature","properties":{"axis":"E","value":336900,"spacing":100,"datum":"agd66"},"geometry":{"type":"LineString","coordinates":[[151.2365548,-33.929224],[151.2367422,-33.9201341],[151.2369295,-33.9110442],[151.2371167,-33.9019544],[151.2373038,-33.8928645],[151.2374909,-33.8837746],[151.2376778,-33.8746847],[151.2378647,-33.8655947],[151.2380515,-33.8565048],[151.2382382,-33.8474148],[151.2384248,-33.8383248],[151.2386114,-33.8292349],[151.2387979,-33.8201448]]}},{"type":"Feature","properties":{"axis":"E","value":337100,"spacing":100,"datum":"agd66"},"geometry":{"type":"LineString","coordinates":[[151.2387177,-33.9292549],[151.2389048,-33.9201651],[151.2390919,-33.9110752],[151.2392789,-33.9019853],[151.2394658,-33.8928954],[151.2396526,-33.8838055],[151.2398393,-33.8747156],[151.240026,-33.8656256],[151.2402126,-33.8565357],[151.2403991,-33.8474457],[151.2405855,-33.8383557],[151.2407718,-33.8292657],[151.240958,-33.8201757]]}},{"type":"Feature","properties":{"axis":"E","value":337200,"spacing":100,"datum":"agd66"},"geometry":{"type":"LineString","coordinates":[[151.2397991,-33.9292704],[151.2399862,-33.9201805],[151.2401731,-33.9110907],[151.24036,-33.9020008],[151.2405468,-33.8929109],[151.2407335,-33.8838209],[151.2409201,-33.874731],[151.2411066,-33.8656411],[151.2412931,-33.8565511],[151.2414795,-33.8474611],[151.2416658,-33.8383711],[151.241852,-33.8292811],[151.2420381,-33.8201911]]}},{"type":"Feature","properties":{"axis":"E","value":337300,"spacing":100,"datum":"agd66"},"geometry":{"type":"LineString","coordinates":[[151.2408806,-33.9292859],[151.2410675,-33.920196],[151.2412543,-33.9111061],[151.2414411,-33.9020162],[151.2416278,-33.8929263],[151.2418144,-33.8838364],[151.2420009,-33.8747464],[151.2421873,-33.8656565],[151.2423736,-33.8565665],[151.2425599,-33.8474765],[151.2427461,-33.8383865],[151.2429322,-33.8292965],[151.2431182,-33.8202065]]}},{"type":"Feature","properties":{"axis":"E","value":337400,"spacing":100,"datum":"agd66"},"geometry":{"type":"LineString","coordinates":[[151.241962,-33.9293013],[151.2421488,-33.9202114],[151.2423356,-33.9111215],[151.2425222,-33.9020316],[151.2427088,-33.8929417],[151.2428952,-33.8838518],[151.2430816,-33.8747619],[151.2432679,-33.8656719],[151.2434542,-33.8565819],[151.2436403,-33.8474919],[151.2438264,-33.8384019],[151.2440123,-33.8293119],[151.2441982,-33.8202219]]}},{"type":"Feature","properties":{"axis":"E","value":337500,"spacing":100,"datum":"agd66"},"geometry":{"type":"LineString","coordinates":[[151.2430435,-33.9293168],[151.2432302,-33.9202269],[151.2434168,-33.911137],[151.2436033,-33.9020471],[151.2437898,-33.8929572],[151.2439761,-33.8838672],[151.2441624,-33.8747773],[151.2443486,-33.8656873],[151.2445347,-33.8565973],[151.2447207,-33.8475073],[151.2449067,-33.8384173],[151.2450925,-33.8293273],[151.2452783,-33.8202373]]}},{"type":"Feature","properties":{"axis":"E","value":337600,"spacing":100,"datum":"agd66"},"geometry":{"type":"LineString","coordinates":[[151.2441249,-33.9293322],[151.2443115,-33.9202423],[151.244498,-33.9111524],[151.2446844,-33.9020625],[151.2448708,-33.8929726],[151.245057,-33.8838826],[151.2452432,-33.8747927],[151.2454293,-33.8657027],[151.2456152,-33.8566127],[151.2458012,-33.8475227],[151.245987,-33.8384327],[151.2461727,-33.8293427],[151.2463584,-33.8202526]]}},{"type":"Feature","properties":{"axis":"E","value":337700,"spacing":100,"datum":"agd66"},"geometry":{"type":"LineString","coordinates":[[151.2452064,-33.9293476],[151.2453929,-33.9202577],[151.2455792,-33.9111678],[151.2457655,-33.9020779],[151.2459518,-33.892988],[151.2461379,-33.883898],[151.2463239,-33.8748081],[151.2465099,-33.8657181],[151.2466958,-33.8566281],[151.2468816,-33.8475381],[151.2470673,-33.8384481],[151.2472529,-33.829358],[151.2474385,-33.820268]]}},{"type":"Feature","properties":{"axis":"E","value":337800,"spacing":100,"datum":"agd66"},"geometry":{"type":"LineString","coordinates":[[151.2462879,-33.929363],[151.2464742,-33.9202731],[151.2466605,-33.9111832],[151.2468467,-33.9020933],[151.2470328,-33.8930034],[151.2472188,-33.8839134],[151.2474047,-33.8748234],[151.2475906,-33.8657335],[151.2477763,-33.8566435],[151.247962,-33.8475535],[151.2481476,-33.8384634],[151.2483331,-33.8293734],[151.2485186,-33.8202833]]}},{"type":"Feature","properties":{"axis":"E","value":337900,"spacing":100,"datum":"agd66"},"geometry":{"type":"LineString","coordinates":[[151.2473693,-33.9293784],[151.2475555,-33.9202885],[151.2477417,-33.9111986],[151.2479278,-33.9021087],[151.2481138,-33.8930187],[151.2482997,-33.8839288],[151.2484855,-33.8748388],[151.2486712,-33.8657488],[151.2488569,-33.8566588],[151.2490424,-33.8475688],[151.2492279,-33.8384788],[151.2494133,-33.8293887],[151.2495986,-33.8202987]]}},{"type":"Feature","properties":{"axis":"E","value":338100,"spacing":100,"datum":"agd66"},"geometry":{"type":"LineString","coordinates":[[151.2495322,-33.9294092],[151.2497182,-33.9203193],[151.2499042,-33.9112294],[151.25009,-33.9021394],[151.2502758,-33.8930495],[151.2504614,-33.8839595],[151.250647,-33.8748695],[151.2508325,-33.8657795],[151.251018,-33.8566895],[151.2512033,-33.8475995],[151.2513886,-33.8385095],[151.2515737,-33.8294194],[151.2517588,-33.8203293]]}},{"type":"Feature","properties":{"axis":"E","value":338200,"spacing":100,"datum":"agd66"},"geometry":{"type":"LineString","coordinates":[[151.2506137,-33.9294246],[151.2507996,-33.9203347],[151.2509854,-33.9112447],[151.2511711,-33.9021548],[151.2513568,-33.8930648],[151.2515423,-33.8839749],[151.2517278,-33.8748849],[151.2519132,-33.8657949],[151.2520985,-33.8567049],[151.2522837,-33.8476148],[151.2524689,-33.8385248],[151.2526539,-33.8294347],[151.2528389,-33.8203447]]}},{"type":"Feature","properties":{"axis":"E","value":338300,"spacing":100,"datum":"agd66"},"geometry":{"type":"LineString","coordinates":[[151.2516951,-33.9294399],[151.2518809,-33.92035],[151.2520666,-33.9112601],[151.2522522,-33.9021701],[151.2524378,-33.8930802],[151.2526232,-33.8839902],[151.2528086,-33.8749002],[151.2529938,-33.8658102],[151.253179,-33.8567202],[151.2533642,-33.8476301],[151.2535492,-33.8385401],[151.2537341,-33.82945],[151.253919,-33.82036]]}},{"type":"Feature","properties":{"axis":"E","value":338400,"spacing":100,"datum":"agd66"},"geometry":{"type":"LineString","coordinates":[[151.2527766,-33.9294553],[151.2529623,-33.9203654],[151.2531479,-33.9112754],[151.2533333,-33.9021855],[151.2535188,-33.8930955],[151.2537041,-33.8840055],[151.2538893,-33.8749155],[151.2540745,-33.8658255],[151.2542596,-33.8567355],[151.2544446,-33.8476455],[151.2546295,-33.8385554],[151.2548143,-33.8294653],[151.2549991,-33.8203752]]}},{"type":"Feature","properties":{"axis":"E","value":338500,"spacing":100,"datum":"agd66"},"geometry":{"type":"LineString","coordinates":[[151.2538581,-33.9294707],[151.2540436,-33.9203807],[151.2542291,-33.9112908],[151.2544145,-33.9022008],[151.2545998,-33.8931108],[151.254785,-33.8840209],[151.2549701,-33.8749308],[151.2551552,-33.8658408],[151.2553401,-33.8567508],[151.255525,-33.8476608],[151.2557098,-33.8385707],[151.2558945,-33.8294806],[151.2560792,-33.8203905]]}},{"type":"Feature","properties":{"axis":"E","value":338600,"spacing":100,"datum":"agd66"},"geometry":{"type":"LineString","coordinates":[[151.2549395,-33.929486],[151.255125,-33.9203961],[151.2553103,-33.9113061],[151.2554956,-33.9022161],[151.2556808,-33.8931262],[151.2558659,-33.8840362],[151.2560509,-33.8749462],[151.2562358,-33.8658561],[151.2564207,-33.8567661],[151.2566054,-33.847676],[151.2567901,-33.838586],[151.2569747,-33.8294959],[151.2571593,-33.8204058]]}},{"type":"Feature","properties":{"axis":"E","value":338700,"spacing":100,"datum":"agd66"},"geometry":{"type":"LineString","coordinates":[[151.256021,-33.9295013],[151.2562063,-33.9204114],[151.2563916,-33.9113214],[151.2565767,-33.9022314],[151.2567618,-33.8931415],[151.2569468,-33.8840515],[151.2571317,-33.8749615],[151.2573165,-33.8658714],[151.2575012,-33.8567814],[151.2576859,-33.8476913],[151.2578704,-33.8386013],[151.2580549,-33.8295112],[151.2582393,-33.8204211]]}},{"type":"Feature","properties":{"axis":"E","value":338800,"spacing":100,"datum":"agd66"},"geometry":{"type":"LineString","coordinates":[[151.2571025,-33.9295166],[151.2572877,-33.9204267],[151.2574728,-33.9113367],[151.2576578,-33.9022468],[151.2578428,-33.8931568],[151.2580277,-33.8840668],[151.2582124,-33.8749767],[151.2583971,-33.8658867],[151.2585818,-33.8567967],[151.2587663,-33.8477066],[151.2589508,-33.8386165],[151.2591351,-33.8295264],[151.2593194,-33.8204363]]}},{"type":"Feature","properties":{"axis":"E","value":338900,"spacing":100,"datum":"agd66"},"geometry":{"type":"LineString","coordinates":[[151.2581839,-33.9295319],[151.258369,-33.920442],[151.258554,-33.911352],[151.2587389,-33.902262],[151.2589238,-33.8931721],[151.2591085,-33.884082],[151.2592932,-33.874992],[151.2594778,-33.865902],[151.2596623,-33.8568119],[151.2598467,-33.8477219],[151.2600311,-33.8386318],[151.2602153,-33.8295417],[151.2603995,-33.8204516]]}},{"type":"Feature","properties":{"axis":"E","value":339100,"spacing":100,"datum":"agd66"},"geometry":{"type":"LineString","coordinates":[[151.2603469,-33.9295625],[151.2605317,-33.9204726],[151.2607165,-33.9113826],[151.2609012,-33.9022926],[151.2610858,-33.8932026],[151.2612703,-33.8841126],[151.2614548,-33.8750225],[151.2616391,-33.8659325],[151.2618234,-33.8568424],[151.2620076,-33.8477524],[151.2621917,-33.8386623],[151.2623758,-33.8295722],[151.2625597,-33.820482]]}},{"type":"Feature","properties":{"axis":"E","value":339200,"spacing":100,"datum":"agd66"},"geometry":{"type":"LineString","coordinates":[[151.2614283,-33.9295778],[151.2616131,-33.9204878],[151.2617977,-33.9113979],[151.2619823,-33.9023079],[151.2621668,-33.8932179],[151.2623512,-33.8841278],[151.2625356,-33.8750378],[151.2627198,-33.8659477],[151.262904,-33.8568577],[151.2630881,-33.8477676],[151.2632721,-33.8386775],[151.263456,-33.8295874],[151.2636398,-33.8204973]]}},{"type":"Feature","properties":{"axis":"E","value":339300,"spacing":100,"datum":"agd66"},"geometry":{"type":"LineString","coordinates":[[151.2625098,-33.9295931],[151.2626944,-33.9205031],[151.262879,-33.9114131],[151.2630634,-33.9023231],[151.2632478,-33.8932331],[151.2634321,-33.8841431],[151.2636163,-33.875053],[151.2638005,-33.865963],[151.2639845,-33.8568729],[151.2641685,-33.8477828],[151.2643524,-33.8386927],[151.2645362,-33.8296026],[151.2647199,-33.8205125]]}},{"type":"Feature","properties":{"axis":"E","value":339400,"spacing":100,"datum":"agd66"},"geometry":{"type":"LineString","coordinates":[[151.2635913,-33.9296083],[151.2637758,-33.9205184],[151.2639602,-33.9114284],[151.2641446,-33.9023384],[151.2643288,-33.8932483],[151.264513,-33.8841583],[151.2646971,-33.8750683],[151.2648811,-33.8659782],[151.2650651,-33.8568881],[151.2652489,-33.847798],[151.2654327,-33.8387079],[151.2656164,-33.8296178],[151.2658,-33.8205277]]}},{"type":"Feature","properties":{"axis":"E","value":339500,"spacing":100,"datum":"agd66"},"geometry":{"type":"LineString","coordinates":[[151.2646727,-33.9296236],[151.2648571,-33.9205336],[151.2650415,-33.9114436],[151.2652257,-33.9023536],[151.2654098,-33.8932636],[151.2655939,-33.8841735],[151.2657779,-33.8750835],[151.2659618,-33.8659934],[151.2661456,-33.8569033],[151.2663294,-33.8478132],[151.266513,-33.8387231],[151.2666966,-33.829633],[151.2668801,-33.8205429]]}},{"type":"Feature","properties":{"axis":"E","value":339600,"spacing":100,"datum":"agd66"},"geometry":{"type":"LineString","coordinates":[[151.2657542,-33.9296388],[151.2659385,-33.9205489],[151.2661227,-33.9114589],[151.2663068,-33.9023688],[151.2664909,-33.8932788],[151.2666748,-33.8841888],[151.2668587,-33.8750987],[151.2670425,-33.8660086],[151.2672262,-33.8569185],[151.2674098,-33.8478284],[151.2675934,-33.8387383],[151.2677768,-33.8296482],[151.2679602,-33.820558]]}},{"type":"Feature","properties":{"axis":"E","value":339700,"spacing":100,"datum":"agd66"},"geometry":{"type":"LineString","coordinates":[[151.2668357,-33.9296541],[151.2670199,-33.9205641],[151.2672039,-33.9114741],[151.2673879,-33.9023841],[151.2675719,-33.893294],[151.2677557,-33.884204],[151.2679395,-33.8751139],[151.2681231,-33.8660238],[151.2683067,-33.8569337],[151.2684902,-33.8478436],[151.2686737,-33.8387535],[151.268857,-33.8296634],[151.2690403,-33.8205732]]}},{"type":"Feature","properties":{"axis":"E","value":339800,"spacing":100,"datum":"agd66"},"geometry":{"type":"LineString","coordinates":[[151.2679172,-33.9296693],[151.2681012,-33.9205793],[151.2682852,-33.9114893],[151.2684691,-33.9023993],[151.2686529,-33.8933092],[151.2688366,-33.8842192],[151.2690203,-33.8751291],[151.2692038,-33.866039],[151.2693873,-33.8569489],[151.2695707,-33.8478588],[151.269754,-33.8387687],[151.2699372,-33.8296785],[151.2701204,-33.8205884]]}},{"type":"Feature","properties":{"axis":"E","value":339900,"spacing":100,"datum":"agd66"},"geometry":{"type":"LineString","coordinates":[[151.2689986,-33.9296845],[151.2691826,-33.9205945],[151.2693664,-33.9115045],[151.2695502,-33.9024145],[151.2697339,-33.8933244],[151.2699175,-33.8842344],[151.270101,-33.8751443],[151.2702845,-33.8660542],[151.2704678,-33.8569641],[151.2706511,-33.847874],[151.2708343,-33.8387838],[151.2710175,-33.8296937],[151.2712005,-33.8206035]]}},{"type":"Feature","properties":{"axis":"E","value":340100,"spacing":100,"datum":"agd66"},"geometry":{"type":"LineString","coordinates":[[151.2711616,-33.9297149],[151.2713453,-33.9206249],[151.2715289,-33.9115349],[151.2717125,-33.9024448],[151.2718959,-33.8933548],[151.2720793,-33.8842647],[151.2722626,-33.8751746],[151.2724458,-33.8660845],[151.272629,-33.8569944],[151.272812,-33.8479043],[151.272995,-33.8388141],[151.2731779,-33.829724],[151.2733607,-33.8206338]]}},{"type":"Feature","properties":{"axis":"E","value":340200,"spacing":100,"datum":"agd66"},"geometry":{"type":"LineString","coordinates":[[151.2722431,-33.9297301],[151.2724266,-33.9206401],[151.2726102,-33.91155],[151.2727936,-33.90246],[151.2729769,-33.8933699],[151.2731602,-33.8842799],[151.2733434,-33.8751898],[151.2735265,-33.8660997],[151.2737095,-33.8570095],[151.2738925,-33.8479194],[151.2740753,-33.8388293],[151.2742581,-33.8297391],[151.2744408,-33.8206489]]}},{"type":"Feature","properties":{"axis":"E","value":340300,"spacing":100,"datum":"agd66"},"geometry":{"type":"LineString","coordinates":[[151.2733245,-33.9297453],[151.273508,-33.9206553],[151.2736914,-33.9115652],[151.2738747,-33.9024752],[151.274058,-33.8933851],[151.2742411,-33.884295],[151.2744242,-33.8752049],[151.2746072,-33.8661148],[151.2747901,-33.8570247],[151.2749729,-33.8479345],[151.2751557,-33.8388444],[151.2753383,-33.8297542],[151.2755209,-33.820664]]}},{"type":"Feature","properties":{"axis":"E","value":340400,"spacing":100,"datum":"agd66"},"geometry":{"type":"LineString","coordinates":[[151.274406,-33.9297604],[151.2745894,-33.9206704],[151.2747727,-33.9115804],[151.2749559,-33.9024903],[151.275139,-33.8934002],[151.275322,-33.8843102],[151.275505,-33.8752201],[151.2756879,-33.8661299],[151.2758706,-33.8570398],[151.2760534,-33.8479497],[151.276236,-33.8388595],[151.2764185,-33.8297693],[151.276601,-33.8206791]]}},{"type":"Feature","properties":{"axis":"E","value":340500,"spacing":100,"datum":"agd66"},"geometry":{"type":"LineString","coordinates":[[151.2754875,-33.9297756],[151.2756707,-33.9206856],[151.2758539,-33.9115955],[151.276037,-33.9025055],[151.27622,-33.8934154],[151.2764029,-33.8843253],[151.2765858,-33.8752352],[151.2767685,-33.8661451],[151.2769512,-33.8570549],[151.2771338,-33.8479648],[151.2773163,-33.8388746],[151.2774988,-33.8297844],[151.2776811,-33.8206942]]}},{"type":"Feature","properties":{"axis":"E","value":340600,"spacing":100,"datum":"agd66"},"geometry":{"type":"LineString","coordinates":[[151.276569,-33.9297907],[151.2767521,-33.9207007],[151.2769352,-33.9116107],[151.2771181,-33.9025206],[151.277301,-33.8934305],[151.2774838,-33.8843404],[151.2776666,-33.8752503],[151.2778492,-33.8661602],[151.2780318,-33.85707],[151.2782143,-33.8479799],[151.2783967,-33.8388897],[151.278579,-33.8297995],[151.2787612,-33.8207093]]}},{"type":"Feature","properties":{"axis":"E","value":340700,"spacing":100,"datum":"agd66"},"geometry":{"type":"LineString","coordinates":[[151.2776504,-33.9298059],[151.2778335,-33.9207158],[151.2780164,-33.9116258],[151.2781993,-33.9025357],[151.278382,-33.8934456],[151.2785647,-33.8843555],[151.2787474,-33.8752654],[151.2789299,-33.8661753],[151.2791123,-33.8570851],[151.2792947,-33.847995],[151.279477,-33.8389048],[151.2796592,-33.8298146],[151.2798413,-33.8207244]]}},{"type":"Feature","properties":{"axis":"E","value":340800,"spacing":100,"datum":"agd66"},"geometry":{"type":"LineString","coordinates":[[151.2787319,-33.929821],[151.2789148,-33.920731],[151.2790977,-33.9116409],[151.2792804,-33.9025508],[151.2794631,-33.8934607],[151.2796456,-33.8843706],[151.2798281,-33.8752805],[151.2800106,-33.8661904],[151.2801929,-33.8571002],[151.2803751,-33.84801],[151.2805573,-33.8389199],[151.2807394,-33.8298297],[151.2809214,-33.8207395]]}},{"type":"Feature","properties":{"axis":"E","value":340900,"spacing":100,"datum":"agd66"},"geometry":{"type":"LineString","coordinates":[[151.2798134,-33.9298361],[151.2799962,-33.9207461],[151.2801789,-33.911656],[151.2803615,-33.9025659],[151.2805441,-33.8934758],[151.2807266,-33.8843857],[151.2809089,-33.8752956],[151.2810912,-33.8662054],[151.2812735,-33.8571153],[151.2814556,-33.8480251],[151.2816377,-33.8389349],[151.2818196,-33.8298447],[151.2820015,-33.8207545]]}},{"type":"Feature","properties":{"axis":"E","value":341100,"spacing":100,"datum":"agd66"},"geometry":{"type":"LineString","coordinates":[[151.2819764,-33.9298663],[151.2821589,-33.9207763],[151.2823414,-33.9116862],[151.2825238,-33.9025961],[151.2827061,-33.893506],[151.2828884,-33.8844159],[151.2830705,-33.8753257],[151.2832526,-33.8662356],[151.2834346,-33.8571454],[151.2836165,-33.8480552],[151.2837983,-33.838965],[151.2839801,-33.8298748],[151.2841617,-33.8207846]]}},{"type":"Feature","properties":{"axis":"E","value":341200,"spacing":100,"datum":"agd66"},"geometry":{"type":"LineString","coordinates":[[151.2830579,-33.9298814],[151.2832403,-33.9207914],[151.2834227,-33.9117013],[151.283605,-33.9026112],[151.2837872,-33.8935211],[151.2839693,-33.8844309],[151.2841513,-33.8753408],[151.2843333,-33.8662506],[151.2845152,-33.8571605],[151.284697,-33.8480703],[151.2848787,-33.8389801],[151.2850603,-33.8298899],[151.2852419,-33.8207996]]}},{"type":"Feature","properties":{"axis":"E","value":341300,"spacing":100,"datum":"agd66"},"geometry":{"type":"LineString","coordinates":[[151.2841393,-33.9298965],[151.2843217,-33.9208064],[151.2845039,-33.9117164],[151.2846861,-33.9026262],[151.2848682,-33.8935361],[151.2850502,-33.884446],[151.2852321,-33.8753558],[151.285414,-33.8662657],[151.2855957,-33.8571755],[151.2857774,-33.8480853],[151.285959,-33.8389951],[151.2861405,-33.8299049],[151.286322,-33.8208147]]}},{"type":"Feature","properties":{"axis":"E","value":341400,"spacing":100,"datum":"agd66"},"geometry":{"type":"LineString","coordinates":[[151.2852208,-33.9299116],[151.285403,-33.9208215],[151.2855852,-33.9117314],[151.2857672,-33.9026413],[151.2859492,-33.8935512],[151.2861311,-33.884461],[151.2863129,-33.8753709],[151.2864946,-33.8662807],[151.2866763,-33.8571905],[151.2868579,-33.8481003],[151.2870394,-33.8390101],[151.2872208,-33.8299199],[151.2874021,-33.8208297]]}},{"type":"Feature","properties":{"axis":"E","value":341500,"spacing":100,"datum":"agd66"},"geometry":{"type":"LineString","coordinates":[[151.2863023,-33.9299267],[151.2864844,-33.9208366],[151.2866664,-33.9117465],[151.2868484,-33.9026563],[151.2870302,-33.8935662],[151.287212,-33.8844761],[151.2873937,-33.8753859],[151.2875753,-33.8662957],[151.2877569,-33.8572056],[151.2879383,-33.8481154],[151.2881197,-33.8390251],[151.288301,-33.8299349],[151.2884822,-33.8208447]]}},{"type":"Feature","properties":{"axis":"E","value":341600,"spacing":100,"datum":"agd66"},"geometry":{"type":"LineString","coordinates":[[151.2873838,-33.9299417],[151.2875658,-33.9208516],[151.2877477,-33.9117615],[151.2879295,-33.9026714],[151.2881113,-33.8935813],[151.2882929,-33.8844911],[151.2884745,-33.8754009],[151.288656,-33.8663108],[151.2888374,-33.8572206],[151.2890188,-33.8481304],[151.2892,-33.8390401],[151.2893812,-33.8299499],[151.2895623,-33.8208597]]}},{"type":"Feature","properties":{"axis":"E","value":341700,"spacing":100,"datum":"agd66"},"geometry":{"type":"LineString","coordinates":[[151.2884653,-33.9299567],[151.2886472,-33.9208667],[151.288829,-33.9117765],[151.2890107,-33.9026864],[151.2891923,-33.8935963],[151.2893738,-33.8845061],[151.2895553,-33.875416],[151.2897367,-33.8663258],[151.289918,-33.8572356],[151.2900992,-33.8481454],[151.2902804,-33.8390551],[151.2904614,-33.8299649],[151.2906424,-33.8208746]]}},{"type":"Feature","properties":{"axis":"E","value":341800,"spacing":100,"datum":"agd66"},"geometry":{"type":"LineString","coordinates":[[151.2895468,-33.9299718],[151.2897285,-33.9208817],[151.2899102,-33.9117916],[151.2900918,-33.9027014],[151.2902733,-33.8936113],[151.2904548,-33.8845211],[151.2906361,-33.875431],[151.2908174,-33.8663408],[151.2909986,-33.8572506],[151.2911797,-33.8481604],[151.2913607,-33.8390701],[151.2915417,-33.8299799],[151.2917225,-33.8208896]]}},{"type":"Feature","properties":{"axis":"E","value":341900,"spacing":100,"datum":"agd66"},"geometry":{"type":"LineString","coordinates":[[151.2906283,-33.9299868],[151.2908099,-33.9208967],[151.2909915,-33.9118066],[151.291173,-33.9027164],[151.2913544,-33.8936263],[151.2915357,-33.8845361],[151.2917169,-33.875446],[151.2918981,-33.8663558],[151.2920792,-33.8572656],[151.2922601,-33.8481753],[151.2924411,-33.8390851],[151.2926219,-33.8299948],[151.2928026,-33.8209046]]}},{"type":"Feature","properties":{"axis":"E","value":342100,"spacing":100,"datum":"agd66"},"geometry":{"type":"LineString","coordinates":[[151.2927912,-33.9300168],[151.2929727,-33.9209267],[151.293154,-33.9118366],[151.2933353,-33.9027464],[151.2935164,-33.8936563],[151.2936975,-33.8845661],[151.2938785,-33.8754759],[151.2940595,-33.8663857],[151.2942403,-33.8572955],[151.2944211,-33.8482053],[151.2946018,-33.839115],[151.2947824,-33.8300248],[151.2949629,-33.8209345]]}},{"type":"Feature","properties":{"axis":"E","value":342200,"spacing":100,"datum":"agd66"},"geometry":{"type":"LineString","coordinates":[[151.2938727,-33.9300318],[151.294054,-33.9209417],[151.2942353,-33.9118516],[151.2944164,-33.9027614],[151.2945975,-33.8936712],[151.2947784,-33.8845811],[151.2949593,-33.8754909],[151.2951401,-33.8664007],[151.2953209,-33.8573104],[151.2955015,-33.8482202],[151.2956821,-33.83913],[151.2958626,-33.8300397],[151.296043,-33.8209494]]}},{"type":"Feature","properties":{"axis":"E","value":342300,"spacing":100,"datum":"agd66"},"geometry":{"type":"LineString","coordinates":[[151.2949542,-33.9300468],[151.2951354,-33.9209567],[151.2953165,-33.9118665],[151.2954975,-33.9027764],[151.2956785,-33.8936862],[151.2958594,-33.884596],[151.2960401,-33.8755058],[151.2962208,-33.8664156],[151.2964015,-33.8573254],[151.296582,-33.8482352],[151.2967624,-33.8391449],[151.2969428,-33.8300546],[151.2971231,-33.8209643]]}},{"type":"Feature","properties":{"axis":"E","value":342400,"spacing":100,"datum":"agd66"},"geometry":{"type":"LineString","coordinates":[[151.2960357,-33.9300618],[151.2962168,-33.9209717],[151.2963978,-33.9118815],[151.2965787,-33.9027913],[151.2967595,-33.8937012],[151.2969403,-33.884611],[151.2971209,-33.8755208],[151.2973015,-33.8664306],[151.297482,-33.8573403],[151.2976625,-33.8482501],[151.2978428,-33.8391598],[151.2980231,-33.8300695],[151.2982032,-33.8209793]]}},{"type":"Feature","properties":{"axis":"E","value":342500,"spacing":100,"datum":"agd66"},"geometry":{"type":"LineString","coordinates":[[151.2971172,-33.9300768],[151.2972982,-33.9209866],[151.2974791,-33.9118965],[151.2976598,-33.9028063],[151.2978406,-33.8937161],[151.2980212,-33.8846259],[151.2982017,-33.8755357],[151.2983822,-33.8664455],[151.2985626,-33.8573553],[151.2987429,-33.848265],[151.2989231,-33.8391747],[151.2991033,-33.8300845],[151.2992834,-33.8209942]]}},{"type":"Feature","properties":{"axis":"E","value":342600,"spacing":100,"datum":"agd66"},"geometry":{"type":"LineString","coordinates":[[151.2981987,-33.9300917],[151.2983796,-33.9210016],[151.2985603,-33.9119114],[151.298741,-33.9028212],[151.2989216,-33.8937311],[151.2991021,-33.8846409],[151.2992826,-33.8755506],[151.2994629,-33.8664604],[151.2996432,-33.8573702],[151.2998234,-33.8482799],[151.3000035,-33.8391896],[151.3001835,-33.8300994],[151.3003635,-33.8210091]]}},{"type":"Feature","properties":{"axis":"E","value":342700,"spacing":100,"datum":"agd66"},"geometry":{"type":"LineString","coordinates":[[151.2992802,-33.9301067],[151.2994609,-33.9210165],[151.2996416,-33.9119264],[151.2998221,-33.9028362],[151.3000026,-33.893746],[151.300183,-33.8846558],[151.3003634,-33.8755656],[151.3005436,-33.8664753],[151.3007238,-33.8573851],[151.3009038,-33.8482948],[151.3010838,-33.8392045],[151.3012638,-33.8301143],[151.3014436,-33.8210239]]}},{"type":"Feature","properties":{"axis":"E","value":342800,"spacing":100,"datum":"agd66"},"geometry":{"type":"LineString","coordinates":[[151.3003617,-33.9301216],[151.3005423,-33.9210314],[151.3007229,-33.9119413],[151.3009033,-33.9028511],[151.3010837,-33.8937609],[151.301264,-33.8846707],[151.3014442,-33.8755805],[151.3016243,-33.8664902],[151.3018043,-33.8574],[151.3019843,-33.8483097],[151.3021642,-33.8392194],[151.302344,-33.8301291],[151.3025237,-33.8210388]]}},{"type":"Feature","properties":{"axis":"E","value":342900,"spacing":100,"datum":"agd66"},"geometry":{"type":"LineString","coordinates":[[151.3014432,-33.9301365],[151.3016237,-33.9210464],[151.3018041,-33.9119562],[151.3019845,-33.902866],[151.3021647,-33.8937758],[151.3023449,-33.8846856],[151.302525,-33.8755954],[151.302705,-33.8665051],[151.3028849,-33.8574149],[151.3030648,-33.8483246],[151.3032445,-33.8392343],[151.3034242,-33.830144],[151.3036038,-33.8210537]]}},{"type":"Feature","properties":{"axis":"E","value":343100,"spacing":100,"datum":"agd66"},"geometry":{"type":"LineString","coordinates":[[151.3036062,-33.9301664],[151.3037865,-33.9210762],[151.3039667,-33.911986],[151.3041468,-33.9028958],[151.3043268,-33.8938056],[151.3045067,-33.8847154],[151.3046866,-33.8756251],[151.3048664,-33.8665349],[151.3050461,-33.8574446],[151.3052257,-33.8483543],[151.3054053,-33.839264],[151.3055847,-33.8301737],[151.3057641,-33.8210834]]}},{"type":"Feature","properties":{"axis":"E","value":343200,"spacing":100,"datum":"agd66"},"geometry":{"type":"LineString","coordinates":[[151.3046877,-33.9301813],[151.3048679,-33.9210911],[151.3050479,-33.9120009],[151.3052279,-33.9029107],[151.3054078,-33.8938205],[151.3055877,-33.8847303],[151.3057674,-33.87564],[151.3059471,-33.8665497],[151.3061267,-33.8574595],[151.3063062,-33.8483692],[151.3064856,-33.8392789],[151.306665,-33.8301886],[151.3068442,-33.8210982]]}},{"type":"Feature","properties":{"axis":"E","value":343300,"spacing":100,"datum":"agd66"},"geometry":{"type":"LineString","coordinates":[[151.3057692,-33.9301962],[151.3059492,-33.921106],[151.3061292,-33.9120158],[151.3063091,-33.9029256],[151.3064889,-33.8938354],[151.3066686,-33.8847451],[151.3068482,-33.8756549],[151.3070278,-33.8665646],[151.3072073,-33.8574743],[151.3073867,-33.848384],[151.307566,-33.8392937],[151.3077452,-33.8302034],[151.3079244,-33.8211131]]}},{"type":"Feature","properties":{"axis":"E","value":343400,"spacing":100,"datum":"agd66"},"geometry":{"type":"LineString","coordinates":[[151.3068507,-33.930211],[151.3070306,-33.9211209],[151.3072105,-33.9120307],[151.3073902,-33.9029404],[151.3075699,-33.8938502],[151.3077495,-33.88476],[151.307929,-33.8756697],[151.3081085,-33.8665795],[151.3082878,-33.8574892],[151.3084671,-33.8483989],[151.3086463,-33.8393086],[151.3088254,-33.8302182],[151.3090045,-33.8211279]]}},{"type":"Feature","properties":{"axis":"E","value":343500,"spacing":100,"datum":"agd66"},"geometry":{"type":"LineString","coordinates":[[151.3079322,-33.9302259],[151.308112,-33.9211357],[151.3082917,-33.9120455],[151.3084714,-33.9029553],[151.308651,-33.8938651],[151.3088304,-33.8847748],[151.3090099,-33.8756846],[151.3091892,-33.8665943],[151.3093684,-33.857504],[151.3095476,-33.8484137],[151.3097267,-33.8393234],[151.3099057,-33.8302331],[151.3100846,-33.8211427]]}},{"type":"Feature","properties":{"axis":"E","value":343600,"spacing":100,"datum":"agd66"},"geometry":{"type":"LineString","coordinates":[[151.3090137,-33.9302408],[151.3091934,-33.9211506],[151.309373,-33.9120604],[151.3095526,-33.9029701],[151.309732,-33.8938799],[151.3099114,-33.8847897],[151.3100907,-33.8756994],[151.3102699,-33.8666091],[151.310449,-33.8575188],[151.3106281,-33.8484285],[151.310807,-33.8393382],[151.3109859,-33.8302479],[151.3111647,-33.8211575]]}},{"type":"Feature","properties":{"axis":"N","value":6244100,"spacing":100,"datum":"agd66"},"geometry":{"type":"LineString","coordinates":[[151.1781577,-33.9283734],[151.1890619,-33.9285343],[151.1999662,-33.9286943],[151.2108706,-33.9288533],[151.221775,-33.9290113],[151.2326796,-33.9291684],[151.2435842,-33.9293245],[151.2544889,-33.9294796],[151.2653937,-33.9296338],[151.2762986,-33.929787],[151.2872035,-33.9299392],[151.2981086,-33.9300905],[151.3090137,-33.9302408]]}},{"type":"Feature","properties":{"axis":"N","value":6244200,"spacing":100,"datum":"agd66"},"geometry":{"type":"LineString","coordinates":[[151.1781769,-33.927472],[151.189081,-33.9276329],[151.1999852,-33.9277928],[151.2108894,-33.9279518],[151.2217938,-33.9281099],[151.2326982,-33.9282669],[151.2436027,-33.928423],[151.2545073,-33.9285781],[151.265412,-33.9287323],[151.2763168,-33.9288855],[151.2872216,-33.9290377],[151.2981265,-33.929189],[151.3090315,-33.9293393]]}},{"type":"Feature","properties":{"axis":"N","value":6244300,"spacing":100,"datum":"agd66"},"geometry":{"type":"LineString","coordinates":[[151.1781961,-33.9265705],[151.1891001,-33.9267314],[151.2000042,-33.9268914],[151.2109083,-33.9270504],[151.2218125,-33.9272084],[151.2327168,-33.9273654],[151.2436212,-33.9275215],[151.2545257,-33.9276766],[151.2654303,-33.9278308],[151.2763349,-33.927984],[151.2872397,-33.9281362],[151.2981445,-33.9282875],[151.3090494,-33.9284378]]}},{"type":"Feature","properties":{"axis":"N","value":6244400,"spacing":100,"datum":"agd66"},"geometry":{"type":"LineString","coordinates":[[151.1782153,-33.9256691],[151.1891192,-33.92583],[151.2000231,-33.9259899],[151.2109272,-33.9261489],[151.2218313,-33.9263069],[151.2327355,-33.926464],[151.2436398,-33.92662],[151.2545441,-33.9267752],[151.2654486,-33.9269293],[151.2763531,-33.9270825],[151.2872577,-33.9272347],[151.2981624,-33.927386],[151.3090672,-33.9275362]]}},{"type":"Feature","properties":{"axis":"N","value":6244500,"spacing":100,"datum":"agd66"},"geometry":{"type":"LineString","coordinates":[[151.1782345,-33.9247677],[151.1891383,-33.9249286],[151.2000421,-33.9250885],[151.210946,-33.9252475],[151.22185,-33.9254055],[151.2327541,-33.9255625],[151.2436583,-33.9257186],[151.2545625,-33.9258737],[151.2654668,-33.9260278],[151.2763713,-33.926181],[151.2872758,-33.9263332],[151.2981803,-33.9264845],[151.309085,-33.9266347]]}},{"type":"Feature","properties":{"axis":"N","value":6244600,"spacing":100,"datum":"agd66"},"geometry":{"type":"LineString","coordinates":[[151.1782537,-33.9238662],[151.1891574,-33.9240271],[151.2000611,-33.924187],[151.2109649,-33.924346],[151.2218688,-33.924504],[151.2327727,-33.924661],[151.2436768,-33.9248171],[151.2545809,-33.9249722],[151.2654851,-33.9251263],[151.2763894,-33.9252795],[151.2872938,-33.9254317],[151.2981983,-33.925583],[151.3091028,-33.9257332]]}},{"type":"Feature","properties":{"axis":"N","value":6244700,"spacing":100,"datum":"agd66"},"geometry":{"type":"LineString","coordinates":[[151.1782729,-33.9229648],[151.1891764,-33.9231257],[151.20008,-33.9232856],[151.2109837,-33.9234445],[151.2218875,-33.9236025],[151.2327913,-33.9237596],[151.2436953,-33.9239156],[151.2545993,-33.9240707],[151.2655034,-33.9242248],[151.2764076,-33.924378],[151.2873119,-33.9245302],[151.2982162,-33.9246815],[151.3091206,-33.9248317]]}},{"type":"Feature","properties":{"axis":"N","value":6244800,"spacing":100,"datum":"agd66"},"geometry":{"type":"LineString","coordinates":[[151.1782921,-33.9220633],[151.1891955,-33.9222242],[151.200099,-33.9223841],[151.2110026,-33.9225431],[151.2219062,-33.9227011],[151.23281,-33.9228581],[151.2437138,-33.9230141],[151.2546177,-33.9231692],[151.2655217,-33.9233234],[151.2764258,-33.9234765],[151.2873299,-33.9236287],[151.2982341,-33.92378],[151.3091385,-33.9239302]]}},{"type":"Feature","properties":{"axis":"N","value":6244900,"spacing":100,"datum":"agd66"},"geometry":{"type":"LineString","coordinates":[[151.1783113,-33.9211619],[151.1892146,-33.9213228],[151.200118,-33.9214827],[151.2110214,-33.9216416],[151.221925,-33.9217996],[151.2328286,-33.9219566],[151.2437323,-33.9221127],[151.2546361,-33.9222678],[151.26554,-33.9224219],[151.2764439,-33.922575],[151.287348,-33.9227272],[151.2982521,-33.9228785],[151.3091563,-33.9230287]]}},{"type":"Feature","properties":{"axis":"N","value":6245100,"spacing":100,"datum":"agd66"},"geometry":{"type":"LineString","coordinates":[[151.1783497,-33.919359],[151.1892528,-33.9195199],[151.2001559,-33.9196798],[151.2110591,-33.9198387],[151.2219624,-33.9199967],[151.2328658,-33.9201537],[151.2437693,-33.9203097],[151.2546729,-33.9204648],[151.2655765,-33.9206189],[151.2764802,-33.920772],[151.2873841,-33.9209242],[151.2982879,-33.9210754],[151.3091919,-33.9212257]]}},{"type":"Feature","properties":{"axis":"N","value":6245200,"spacing":100,"datum":"agd66"},"geometry":{"type":"LineString","coordinates":[[151.1783689,-33.9184575],[151.1892718,-33.9186184],[151.2001749,-33.9187783],[151.211078,-33.9189372],[151.2219812,-33.9190952],[151.2328845,-33.9192522],[151.2437878,-33.9194082],[151.2546913,-33.9195633],[151.2655948,-33.9197174],[151.2764984,-33.9198706],[151.2874021,-33.9200227],[151.2983059,-33.9201739],[151.3092097,-33.9203242]]}},{"type":"Feature","properties":{"axis":"N","value":6245300,"spacing":100,"datum":"agd66"},"geometry":{"type":"LineString","coordinates":[[151.1783881,-33.9175561],[151.1892909,-33.917717],[151.2001938,-33.9178768],[151.2110968,-33.9180358],[151.2219999,-33.9181937],[151.2329031,-33.9183507],[151.2438063,-33.9185068],[151.2547097,-33.9186618],[151.2656131,-33.9188159],[151.2765166,-33.9189691],[151.2874201,-33.9191212],[151.2983238,-33.9192724],[151.3092276,-33.9194227]]}},{"type":"Feature","properties":{"axis":"N","value":6245400,"spacing":100,"datum":"agd66"},"geometry":{"type":"LineString","coordinates":[[151.1784073,-33.9166547],[151.18931,-33.9168155],[151.2002128,-33.9169754],[151.2111157,-33.9171343],[151.2220186,-33.9172923],[151.2329217,-33.9174493],[151.2438248,-33.9176053],[151.254728,-33.9177603],[151.2656313,-33.9179144],[151.2765347,-33.9180676],[151.2874382,-33.9182197],[151.2983417,-33.9183709],[151.3092454,-33.9185212]]}},{"type":"Feature","properties":{"axis":"N","value":6245500,"spacing":100,"datum":"agd66"},"geometry":{"type":"LineString","coordinates":[[151.1784265,-33.9157532],[151.1893291,-33.9159141],[151.2002318,-33.9160739],[151.2111345,-33.9162328],[151.2220374,-33.9163908],[151.2329403,-33.9165478],[151.2438433,-33.9167038],[151.2547464,-33.9168589],[151.2656496,-33.917013],[151.2765529,-33.9171661],[151.2874562,-33.9173182],[151.2983597,-33.9174694],[151.3092632,-33.9176197]]}},{"type":"Feature","properties":{"axis":"N","value":6245600,"spacing":100,"datum":"agd66"},"geometry":{"type":"LineString","coordinates":[[151.1784457,-33.9148518],[151.1893482,-33.9150126],[151.2002507,-33.9151725],[151.2111534,-33.9153314],[151.2220561,-33.9154893],[151.2329589,-33.9156463],[151.2438618,-33.9158023],[151.2547648,-33.9159574],[151.2656679,-33.9161115],[151.276571,-33.9162646],[151.2874743,-33.9164167],[151.2983776,-33.9165679],[151.309281,-33.9167182]]}},{"type":"Feature","properties":{"axis":"N","value":6245700,"spacing":100,"datum":"agd66"},"geometry":{"type":"LineString","coordinates":[[151.1784649,-33.9139503],[151.1893672,-33.9141112],[151.2002697,-33.914271],[151.2111722,-33.9144299],[151.2220748,-33.9145879],[151.2329775,-33.9147448],[151.2438803,-33.9149008],[151.2547832,-33.9150559],[151.2656862,-33.91521],[151.2765892,-33.9153631],[151.2874923,-33.9155152],[151.2983955,-33.9156664],[151.3092988,-33.9158167]]}},{"type":"Feature","properties":{"axis":"N","value":6245800,"spacing":100,"datum":"agd66"},"geometry":{"type":"LineString","coordinates":[[151.1784841,-33.9130489],[151.1893863,-33.9132097],[151.2002886,-33.9133696],[151.2111911,-33.9135285],[151.2220936,-33.9136864],[151.2329962,-33.9138434],[151.2438988,-33.9139994],[151.2548016,-33.9141544],[151.2657044,-33.9143085],[151.2766074,-33.9144616],[151.2875104,-33.9146137],[151.2984134,-33.9147649],[151.3093166,-33.9149151]]}},{"type":"Feature","properties":{"axis":"N","value":6245900,"spacing":100,"datum":"agd66"},"geometry":{"type":"LineString","coordinates":[[151.1785032,-33.9121474],[151.1894054,-33.9123083],[151.2003076,-33.9124681],[151.2112099,-33.912627],[151.2221123,-33.9127849],[151.2330148,-33.9129419],[151.2439173,-33.9130979],[151.25482,-33.9132529],[151.2657227,-33.913407],[151.2766255,-33.9135601],[151.2875284,-33.9137122],[151.2984314,-33.9138634],[151.3093344,-33.9140136]]}},{"type":"Feature","properties":{"axis":"N","value":6246100,"spacing":100,"datum":"agd66"},"geometry":{"type":"LineString","coordinates":[[151.1785416,-33.9103445],[151.1894435,-33.9105053],[151.2003455,-33.9106652],[151.2112476,-33.9108241],[151.2221497,-33.910982],[151.233052,-33.9111389],[151.2439543,-33.9112949],[151.2548567,-33.91145],[151.2657592,-33.911604],[151.2766618,-33.9117571],[151.2875645,-33.9119093],[151.2984672,-33.9120604],[151.30937,-33.9122106]]}},{"type":"Feature","properties":{"axis":"N","value":6246200,"spacing":100,"datum":"agd66"},"geometry":{"type":"LineString","coordinates":[[151.1785608,-33.9094431],[151.1894626,-33.9096039],[151.2003645,-33.9097637],[151.2112664,-33.9099226],[151.2221685,-33.9100805],[151.2330706,-33.9102375],[151.2439728,-33.9103935],[151.2548751,-33.9105485],[151.2657775,-33.9107025],[151.27668,-33.9108556],[151.2875825,-33.9110078],[151.2984851,-33.9111589],[151.3093879,-33.9113091]]}},{"type":"Feature","properties":{"axis":"N","value":6246300,"spacing":100,"datum":"agd66"},"geometry":{"type":"LineString","coordinates":[[151.17858,-33.9085416],[151.1894817,-33.9087024],[151.2003834,-33.9088623],[151.2112853,-33.9090212],[151.2221872,-33.9091791],[151.2330892,-33.909336],[151.2439913,-33.909492],[151.2548935,-33.909647],[151.2657958,-33.909801],[151.2766981,-33.9099541],[151.2876006,-33.9101063],[151.2985031,-33.9102574],[151.3094057,-33.9104076]]}},{"type":"Feature","properties":{"axis":"N","value":6246400,"spacing":100,"datum":"agd66"},"geometry":{"type":"LineString","coordinates":[[151.1785992,-33.9076402],[151.1895007,-33.907801],[151.2004024,-33.9079608],[151.2113041,-33.9081197],[151.2222059,-33.9082776],[151.2331078,-33.9084345],[151.2440098,-33.9085905],[151.2549119,-33.9087455],[151.265814,-33.9088996],[151.2767163,-33.9090526],[151.2876186,-33.9092048],[151.298521,-33.9093559],[151.3094235,-33.9095061]]}},{"type":"Feature","properties":{"axis":"N","value":6246500,"spacing":100,"datum":"agd66"},"geometry":{"type":"LineString","coordinates":[[151.1786183,-33.9067388],[151.1895198,-33.9068995],[151.2004213,-33.9070594],[151.2113229,-33.9072182],[151.2222246,-33.9073761],[151.2331264,-33.9075331],[151.2440283,-33.907689],[151.2549303,-33.907844],[151.2658323,-33.9079981],[151.2767344,-33.9081511],[151.2876366,-33.9083033],[151.2985389,-33.9084544],[151.3094413,-33.9086046]]}},{"type":"Feature","properties":{"axis":"N","value":6246600,"spacing":100,"datum":"agd66"},"geometry":{"type":"LineString","coordinates":[[151.1786375,-33.9058373],[151.1895389,-33.9059981],[151.2004403,-33.9061579],[151.2113418,-33.9063168],[151.2222434,-33.9064747],[151.233145,-33.9066316],[151.2440468,-33.9067875],[151.2549486,-33.9069425],[151.2658506,-33.9070966],[151.2767526,-33.9072496],[151.2876547,-33.9074018],[151.2985568,-33.9075529],[151.3094591,-33.9077031]]}},{"type":"Feature","properties":{"axis":"N","value":6246700,"spacing":100,"datum":"agd66"},"geometry":{"type":"LineString","coordinates":[[151.1786567,-33.9049359],[151.1895579,-33.9050966],[151.2004592,-33.9052565],[151.2113606,-33.9054153],[151.2222621,-33.9055732],[151.2331637,-33.9057301],[151.2440653,-33.9058861],[151.254967,-33.9060411],[151.2658688,-33.9061951],[151.2767707,-33.9063482],[151.2876727,-33.9065003],[151.2985748,-33.9066514],[151.3094769,-33.9068016]]}},{"type":"Feature","properties":{"axis":"N","value":6246800,"spacing":100,"datum":"agd66"},"geometry":{"type":"LineString","coordinates":[[151.1786759,-33.9040344],[151.189577,-33.9041952],[151.2004782,-33.904355],[151.2113795,-33.9045138],[151.2222808,-33.9046717],[151.2331823,-33.9048286],[151.2440838,-33.9049846],[151.2549854,-33.9051396],[151.2658871,-33.9052936],[151.2767889,-33.9054467],[151.2876907,-33.9055988],[151.2985927,-33.9057499],[151.3094947,-33.9059001]]}},{"type":"Feature","properties":{"axis":"N","value":6246900,"spacing":100,"datum":"agd66"},"geometry":{"type":"LineString","coordinates":[[151.1786951,-33.903133],[151.1895961,-33.9032937],[151.2004971,-33.9034535],[151.2113983,-33.9036124],[151.2222995,-33.9037703],[151.2332009,-33.9039272],[151.2441023,-33.9040831],[151.2550038,-33.9042381],[151.2659054,-33.9043921],[151.276807,-33.9045452],[151.2877088,-33.9046973],[151.2986106,-33.9048484],[151.3095125,-33.9049985]]}},{"type":"Feature","properties":{"axis":"N","value":6247100,"spacing":100,"datum":"agd66"},"geometry":{"type":"LineString","coordinates":[[151.1787334,-33.9013301],[151.1896342,-33.9014908],[151.200535,-33.9016506],[151.211436,-33.9018095],[151.222337,-33.9019673],[151.2332381,-33.9021242],[151.2441393,-33.9022802],[151.2550405,-33.9024351],[151.2659419,-33.9025891],[151.2768433,-33.9027422],[151.2877448,-33.9028943],[151.2986464,-33.9030454],[151.3095481,-33.9031955]]}},{"type":"Feature","properties":{"axis":"N","value":6247200,"spacing":100,"datum":"agd66"},"geometry":{"type":"LineString","coordinates":[[151.1787526,-33.9004286],[151.1896532,-33.9005894],[151.200554,-33.9007492],[151.2114548,-33.900908],[151.2223557,-33.9010658],[151.2332567,-33.9012227],[151.2441577,-33.9013787],[151.2550589,-33.9015336],[151.2659601,-33.9016876],[151.2768615,-33.9018407],[151.2877629,-33.9019928],[151.2986643,-33.9021439],[151.3095659,-33.902294]]}},{"type":"Feature","properties":{"axis":"N","value":6247300,"spacing":100,"datum":"agd66"},"geometry":{"type":"LineString","coordinates":[[151.1787718,-33.8995272],[151.1896723,-33.8996879],[151.2005729,-33.8998477],[151.2114736,-33.9000065],[151.2223744,-33.9001644],[151.2332753,-33.9003213],[151.2441762,-33.9004772],[151.2550773,-33.9006322],[151.2659784,-33.9007862],[151.2768796,-33.9009392],[151.2877809,-33.9010913],[151.2986823,-33.9012424],[151.3095837,-33.9013925]]}},{"type":"Feature","properties":{"axis":"N","value":6247400,"spacing":100,"datum":"agd66"},"geometry":{"type":"LineString","coordinates":[[151.1787909,-33.8986257],[151.1896914,-33.8987865],[151.2005919,-33.8989462],[151.2114925,-33.8991051],[151.2223931,-33.8992629],[151.2332939,-33.8994198],[151.2441947,-33.8995757],[151.2550956,-33.8997307],[151.2659967,-33.8998847],[151.2768977,-33.9000377],[151.2877989,-33.9001898],[151.2987002,-33.9003409],[151.3096015,-33.900491]]}},{"type":"Feature","properties":{"axis":"N","value":6247500,"spacing":100,"datum":"agd66"},"geometry":{"type":"LineString","coordinates":[[151.1788101,-33.8977243],[151.1897104,-33.897885],[151.2006108,-33.8980448],[151.2115113,-33.8982036],[151.2224118,-33.8983614],[151.2333125,-33.8985183],[151.2442132,-33.8986742],[151.255114,-33.8988292],[151.2660149,-33.8989832],[151.2769159,-33.8991362],[151.2878169,-33.8992883],[151.2987181,-33.8994394],[151.3096193,-33.8995895]]}},{"type":"Feature","properties":{"axis":"N","value":6247600,"spacing":100,"datum":"agd66"},"geometry":{"type":"LineString","coordinates":[[151.1788293,-33.8968228],[151.1897295,-33.8969836],[151.2006298,-33.8971433],[151.2115301,-33.8973021],[151.2224306,-33.89746],[151.2333311,-33.8976168],[151.2442317,-33.8977728],[151.2551324,-33.8979277],[151.2660332,-33.8980817],[151.276934,-33.8982347],[151.287835,-33.8983868],[151.298736,-33.8985378],[151.3096371,-33.898688]]}},{"type":"Feature","properties":{"axis":"N","value":6247700,"spacing":100,"datum":"agd66"},"geometry":{"type":"LineString","coordinates":[[151.1788485,-33.8959214],[151.1897485,-33.8960821],[151.2006487,-33.8962419],[151.2115489,-33.8964007],[151.2224493,-33.8965585],[151.2333497,-33.8967154],[151.2442502,-33.8968713],[151.2551508,-33.8970262],[151.2660514,-33.8971802],[151.2769522,-33.8973332],[151.287853,-33.8974853],[151.2987539,-33.8976363],[151.3096549,-33.8977865]]}},{"type":"Feature","properties":{"axis":"N","value":6247800,"spacing":100,"datum":"agd66"},"geometry":{"type":"LineString","coordinates":[[151.1788676,-33.8950199],[151.1897676,-33.8951807],[151.2006676,-33.8953404],[151.2115678,-33.8954992],[151.222468,-33.895657],[151.2333683,-33.8958139],[151.2442687,-33.8959698],[151.2551691,-33.8961247],[151.2660697,-33.8962787],[151.2769703,-33.8964317],[151.287871,-33.8965838],[151.2987718,-33.8967348],[151.3096727,-33.8968849]]}},{"type":"Feature","properties":{"axis":"N","value":6247900,"spacing":100,"datum":"agd66"},"geometry":{"type":"LineString","coordinates":[[151.1788868,-33.8941185],[151.1897867,-33.8942792],[151.2006866,-33.894439],[151.2115866,-33.8945977],[151.2224867,-33.8947556],[151.2333869,-33.8949124],[151.2442871,-33.8950683],[151.2551875,-33.8952232],[151.2660879,-33.8953772],[151.2769884,-33.8955302],[151.287889,-33.8956823],[151.2987897,-33.8958333],[151.3096905,-33.8959834]]}},{"type":"Feature","properties":{"axis":"N","value":6248100,"spacing":100,"datum":"agd66"},"geometry":{"type":"LineString","coordinates":[[151.1789251,-33.8923156],[151.1898248,-33.8924763],[151.2007245,-33.892636],[151.2116242,-33.8927948],[151.2225241,-33.8929526],[151.2334241,-33.8931095],[151.2443241,-33.8932654],[151.2552242,-33.8934203],[151.2661244,-33.8935742],[151.2770247,-33.8937272],[151.2879251,-33.8938792],[151.2988255,-33.8940303],[151.3097261,-33.8941804]]}},{"type":"Feature","properties":{"axis":"N","value":6248200,"spacing":100,"datum":"agd66"},"geometry":{"type":"LineString","coordinates":[[151.1789443,-33.8914141],[151.1898438,-33.8915748],[151.2007434,-33.8917346],[151.2116431,-33.8918933],[151.2225428,-33.8920512],[151.2334427,-33.892208],[151.2443426,-33.8923639],[151.2552426,-33.8925188],[151.2661427,-33.8926727],[151.2770429,-33.8928257],[151.2879431,-33.8929777],[151.2988434,-33.8931288],[151.3097439,-33.8932789]]}},{"type":"Feature","properties":{"axis":"N","value":6248300,"spacing":100,"datum":"agd66"},"geometry":{"type":"LineString","coordinates":[[151.1789635,-33.8905127],[151.1898629,-33.8906734],[151.2007623,-33.8908331],[151.2116619,-33.8909919],[151.2225615,-33.8911497],[151.2334613,-33.8913065],[151.2443611,-33.8914624],[151.255261,-33.8916173],[151.2661609,-33.8917712],[151.277061,-33.8919242],[151.2879611,-33.8920762],[151.2988614,-33.8922273],[151.3097617,-33.8923774]]}},{"type":"Feature","properties":{"axis":"N","value":6248400,"spacing":100,"datum":"agd66"},"geometry":{"type":"LineString","coordinates":[[151.1789826,-33.8896112],[151.1898819,-33.8897719],[151.2007813,-33.8899317],[151.2116807,-33.8900904],[151.2225802,-33.8902482],[151.2334799,-33.890405],[151.2443795,-33.8905609],[151.2552793,-33.8907158],[151.2661792,-33.8908698],[151.2770791,-33.8910227],[151.2879792,-33.8911747],[151.2988793,-33.8913258],[151.3097794,-33.8914759]]}},{"type":"Feature","properties":{"axis":"N","value":6248500,"spacing":100,"datum":"agd66"},"geometry":{"type":"LineString","coordinates":[[151.1790018,-33.8887098],[151.189901,-33.8888705],[151.2008002,-33.8890302],[151.2116995,-33.8891889],[151.2225989,-33.8893467],[151.2334984,-33.8895036],[151.244398,-33.8896594],[151.2552977,-33.8898143],[151.2661974,-33.8899683],[151.2770973,-33.8901212],[151.2879972,-33.8902732],[151.2988972,-33.8904243],[151.3097972,-33.8905744]]}},{"type":"Feature","properties":{"axis":"N","value":6248600,"spacing":100,"datum":"agd66"},"geometry":{"type":"LineString","coordinates":[[151.179021,-33.8878083],[151.18992,-33.887969],[151.2008191,-33.8881287],[151.2117184,-33.8882875],[151.2226177,-33.8884453],[151.233517,-33.8886021],[151.2444165,-33.8887579],[151.255316,-33.8889128],[151.2662157,-33.8890668],[151.2771154,-33.8892197],[151.2880152,-33.8893717],[151.2989151,-33.8895228],[151.309815,-33.8896729]]}},{"type":"Feature","properties":{"axis":"N","value":6248700,"spacing":100,"datum":"agd66"},"geometry":{"type":"LineString","coordinates":[[151.1790401,-33.8869069],[151.1899391,-33.8870676],[151.2008381,-33.8872273],[151.2117372,-33.887386],[151.2226364,-33.8875438],[151.2335356,-33.8877006],[151.244435,-33.8878565],[151.2553344,-33.8880114],[151.2662339,-33.8881653],[151.2771335,-33.8883182],[151.2880332,-33.8884702],[151.298933,-33.8886213],[151.3098328,-33.8887713]]}},{"type":"Feature","properties":{"axis":"N","value":6248800,"spacing":100,"datum":"agd66"},"geometry":{"type":"LineString","coordinates":[[151.1790593,-33.8860054],[151.1899581,-33.8861661],[151.200857,-33.8863258],[151.211756,-33.8864846],[151.2226551,-33.8866423],[151.2335542,-33.8867991],[151.2444535,-33.886955],[151.2553528,-33.8871099],[151.2662522,-33.8872638],[151.2771517,-33.8874167],[151.2880512,-33.8875687],[151.2989509,-33.8877198],[151.3098506,-33.8878698]]}},{"type":"Feature","properties":{"axis":"N","value":6248900,"spacing":100,"datum":"agd66"},"geometry":{"type":"LineString","coordinates":[[151.1790785,-33.885104],[151.1899772,-33.8852647],[151.2008759,-33.8854244],[151.2117748,-33.8855831],[151.2226738,-33.8857409],[151.2335728,-33.8858977],[151.2444719,-33.8860535],[151.2553711,-33.8862084],[151.2662704,-33.8863623],[151.2771698,-33.8865152],[151.2880692,-33.8866672],[151.2989688,-33.8868183],[151.3098684,-33.8869683]]}},{"type":"Feature","properties":{"axis":"N","value":6249100,"spacing":100,"datum":"agd66"},"geometry":{"type":"LineString","coordinates":[[151.1791168,-33.8833011],[151.1900153,-33.8834617],[151.2009138,-33.8836214],[151.2118124,-33.8837802],[151.2227112,-33.8839379],[151.23361,-33.8840947],[151.2445089,-33.8842505],[151.2554078,-33.8844054],[151.2663069,-33.8845593],[151.2772061,-33.8847122],[151.2881053,-33.8848642],[151.2990046,-33.8850152],[151.309904,-33.8851653]]}},{"type":"Feature","properties":{"axis":"N","value":6249200,"spacing":100,"datum":"agd66"},"geometry":{"type":"LineString","coordinates":[[151.1791359,-33.8823996],[151.1900343,-33.8825603],[151.2009327,-33.88272],[151.2118313,-33.8828787],[151.2227299,-33.8830364],[151.2336286,-33.8831932],[151.2445273,-33.8833491],[151.2554262,-33.8835039],[151.2663252,-33.8836578],[151.2772242,-33.8838108],[151.2881233,-33.8839627],[151.2990225,-33.8841137],[151.3099218,-33.8842638]]}},{"type":"Feature","properties":{"axis":"N","value":6249300,"spacing":100,"datum":"agd66"},"geometry":{"type":"LineString","coordinates":[[151.1791551,-33.8814982],[151.1900533,-33.8816588],[151.2009517,-33.8818185],[151.2118501,-33.8819772],[151.2227486,-33.882135],[151.2336472,-33.8822918],[151.2445458,-33.8824476],[151.2554446,-33.8826024],[151.2663434,-33.8827563],[151.2772423,-33.8829093],[151.2881413,-33.8830612],[151.2990404,-33.8832122],[151.3099395,-33.8833623]]}},{"type":"Feature","properties":{"axis":"N","value":6249400,"spacing":100,"datum":"agd66"},"geometry":{"type":"LineString","coordinates":[[151.1791743,-33.8805967],[151.1900724,-33.8807574],[151.2009706,-33.880917],[151.2118689,-33.8810758],[151.2227673,-33.8812335],[151.2336657,-33.8813903],[151.2445643,-33.8815461],[151.2554629,-33.8817009],[151.2663616,-33.8818548],[151.2772604,-33.8820078],[151.2881593,-33.8821597],[151.2990583,-33.8823107],[151.3099573,-33.8824608]]}},{"type":"Feature","properties":{"axis":"N","value":6249500,"spacing":100,"datum":"agd66"},"geometry":{"type":"LineString","coordinates":[[151.1791934,-33.8796953],[151.1900914,-33.8798559],[151.2009895,-33.8800156],[151.2118877,-33.8801743],[151.222786,-33.880332],[151.2336843,-33.8804888],[151.2445828,-33.8806446],[151.2554813,-33.8807995],[151.2663799,-33.8809533],[151.2772786,-33.8811063],[151.2881773,-33.8812582],[151.2990762,-33.8814092],[151.3099751,-33.8815592]]}},{"type":"Feature","properties":{"axis":"N","value":6249600,"spacing":100,"datum":"agd66"},"geometry":{"type":"LineString","coordinates":[[151.1792126,-33.8787938],[151.1901105,-33.8789545],[151.2010085,-33.8791141],[151.2119065,-33.8792728],[151.2228047,-33.8794306],[151.2337029,-33.8795873],[151.2446012,-33.8797431],[151.2554996,-33.879898],[151.2663981,-33.8800518],[151.2772967,-33.8802048],[151.2881953,-33.8803567],[151.2990941,-33.8805077],[151.3099929,-33.8806577]]}},{"type":"Feature","properties":{"axis":"N","value":6249700,"spacing":100,"datum":"agd66"},"geometry":{"type":"LineString","coordinates":[[151.1792317,-33.8778924],[151.1901295,-33.878053],[151.2010274,-33.8782127],[151.2119253,-33.8783714],[151.2228234,-33.8785291],[151.2337215,-33.8786858],[151.2446197,-33.8788416],[151.255518,-33.8789965],[151.2664164,-33.8791504],[151.2773148,-33.8793033],[151.2882133,-33.8794552],[151.299112,-33.8796062],[151.3100107,-33.8797562]]}},{"type":"Feature","properties":{"axis":"N","value":6249800,"spacing":100,"datum":"agd66"},"geometry":{"type":"LineString","coordinates":[[151.1792509,-33.8769909],[151.1901485,-33.8771516],[151.2010463,-33.8773112],[151.2119441,-33.8774699],[151.2228421,-33.8776276],[151.2337401,-33.8777844],[151.2446382,-33.8779402],[151.2555363,-33.878095],[151.2664346,-33.8782489],[151.2773329,-33.8784018],[151.2882314,-33.8785537],[151.2991299,-33.8787047],[151.3100284,-33.8788547]]}},{"type":"Feature","properties":{"axis":"N","value":6249900,"spacing":100,"datum":"agd66"},"geometry":{"type":"LineString","coordinates":[[151.17927,-33.8760895],[151.1901676,-33.8762501],[151.2010652,-33.8764097],[151.2119629,-33.8765684],[151.2228608,-33.8767261],[151.2337587,-33.8768829],[151.2446566,-33.8770387],[151.2555547,-33.8771935],[151.2664528,-33.8773474],[151.2773511,-33.8775003],[151.2882494,-33.8776522],[151.2991478,-33.8778032],[151.3100462,-33.8779532]]}},{"type":"Feature","properties":{"axis":"N","value":6250100,"spacing":100,"datum":"agd66"},"geometry":{"type":"LineString","coordinates":[[151.1793083,-33.8742866],[151.1902057,-33.8744472],[151.2011031,-33.8746068],[151.2120006,-33.8747655],[151.2228981,-33.8749232],[151.2337958,-33.8750799],[151.2446936,-33.8752357],[151.2555914,-33.8753905],[151.2664893,-33.8755444],[151.2773873,-33.8756973],[151.2882854,-33.8758492],[151.2991835,-33.8760002],[151.3100818,-33.8761502]]}},{"type":"Feature","properties":{"axis":"N","value":6250200,"spacing":100,"datum":"agd66"},"geometry":{"type":"LineString","coordinates":[[151.1793275,-33.8733851],[151.1902247,-33.8735457],[151.201122,-33.8737054],[151.2120194,-33.873864],[151.2229168,-33.8740217],[151.2338144,-33.8741785],[151.244712,-33.8743342],[151.2556097,-33.874489],[151.2665075,-33.8746429],[151.2774054,-33.8747958],[151.2883034,-33.8749477],[151.2992014,-33.8750986],[151.3100996,-33.8752486]]}},{"type":"Feature","properties":{"axis":"N","value":6250300,"spacing":100,"datum":"agd66"},"geometry":{"type":"LineString","coordinates":[[151.1793466,-33.8724837],[151.1902437,-33.8726443],[151.2011409,-33.8728039],[151.2120382,-33.8729625],[151.2229355,-33.8731202],[151.233833,-33.873277],[151.2447305,-33.8734327],[151.2556281,-33.8735875],[151.2665258,-33.8737414],[151.2774235,-33.8738943],[151.2883214,-33.8740462],[151.2992193,-33.8741971],[151.3101173,-33.8743471]]}},{"type":"Feature","properties":{"axis":"N","value":6250400,"spacing":100,"datum":"agd66"},"geometry":{"type":"LineString","coordinates":[[151.1793658,-33.8715822],[151.1902628,-33.8717428],[151.2011598,-33.8719024],[151.212057,-33.8720611],[151.2229542,-33.8722188],[151.2338515,-33.8723755],[151.2447489,-33.8725313],[151.2556464,-33.8726861],[151.266544,-33.8728399],[151.2774417,-33.8729928],[151.2883394,-33.8731447],[151.2992372,-33.8732956],[151.3101351,-33.8734456]]}},{"type":"Feature","properties":{"axis":"N","value":6250500,"spacing":100,"datum":"agd66"},"geometry":{"type":"LineString","coordinates":[[151.1793849,-33.8706808],[151.1902818,-33.8708414],[151.2011788,-33.871001],[151.2120758,-33.8711596],[151.2229729,-33.8713173],[151.2338701,-33.871474],[151.2447674,-33.8716298],[151.2556648,-33.8717846],[151.2665622,-33.8719384],[151.2774598,-33.8720913],[151.2883574,-33.8722432],[151.2992551,-33.8723941],[151.3101529,-33.8725441]]}},{"type":"Feature","properties":{"axis":"N","value":6250600,"spacing":100,"datum":"agd66"},"geometry":{"type":"LineString","coordinates":[[151.1794041,-33.8697793],[151.1903008,-33.8699399],[151.2011977,-33.8700995],[151.2120946,-33.8702581],[151.2229916,-33.8704158],[151.2338887,-33.8705725],[151.2447859,-33.8707283],[151.2556831,-33.8708831],[151.2665805,-33.8710369],[151.2774779,-33.8711898],[151.2883754,-33.8713417],[151.299273,-33.8714926],[151.3101707,-33.8716426]]}},{"type":"Feature","properties":{"axis":"N","value":6250700,"spacing":100,"datum":"agd66"},"geometry":{"type":"LineString","coordinates":[[151.1794232,-33.8688779],[151.1903199,-33.8690384],[151.2012166,-33.869198],[151.2121134,-33.8693567],[151.2230103,-33.8695143],[151.2339073,-33.8696711],[151.2448043,-33.8698268],[151.2557015,-33.8699816],[151.2665987,-33.8701354],[151.277496,-33.8702883],[151.2883934,-33.8704402],[151.2992909,-33.8705911],[151.3101884,-33.8707411]]}},{"type":"Feature","properties":{"axis":"N","value":6250800,"spacing":100,"datum":"agd66"},"geometry":{"type":"LineString","coordinates":[[151.1794424,-33.8679764],[151.1903389,-33.868137],[151.2012355,-33.8682966],[151.2121322,-33.8684552],[151.223029,-33.8686129],[151.2339258,-33.8687696],[151.2448228,-33.8689253],[151.2557198,-33.8690801],[151.2666169,-33.8692339],[151.2775141,-33.8693868],[151.2884114,-33.8695387],[151.2993088,-33.8696896],[151.3102062,-33.8698395]]}},{"type":"Feature","properties":{"axis":"N","value":6250900,"spacing":100,"datum":"agd66"},"geometry":{"type":"LineString","coordinates":[[151.1794615,-33.867075],[151.1903579,-33.8672355],[151.2012544,-33.8673951],[151.212151,-33.8675537],[151.2230477,-33.8677114],[151.2339444,-33.8678681],[151.2448412,-33.8680238],[151.2557382,-33.8681786],[151.2666352,-33.8683324],[151.2775322,-33.8684853],[151.2884294,-33.8686372],[151.2993266,-33.8687881],[151.310224,-33.868938]]}},{"type":"Feature","properties":{"axis":"N","value":6251100,"spacing":100,"datum":"agd66"},"geometry":{"type":"LineString","coordinates":[[151.1794998,-33.8652721],[151.190396,-33.8654326],[151.2012923,-33.8655922],[151.2121886,-33.8657508],[151.223085,-33.8659085],[151.2339816,-33.8660651],[151.2448782,-33.8662209],[151.2557748,-33.8663756],[151.2666716,-33.8665294],[151.2775685,-33.8666823],[151.2884654,-33.8668341],[151.2993624,-33.8669851],[151.3102595,-33.867135]]}},{"type":"Feature","properties":{"axis":"N","value":6251200,"spacing":100,"datum":"agd66"},"geometry":{"type":"LineString","coordinates":[[151.179519,-33.8643706],[151.190415,-33.8645312],[151.2013112,-33.8646907],[151.2122074,-33.8648493],[151.2231037,-33.865007],[151.2340001,-33.8651637],[151.2448966,-33.8653194],[151.2557932,-33.8654741],[151.2666898,-33.8656279],[151.2775866,-33.8657808],[151.2884834,-33.8659326],[151.2993803,-33.8660835],[151.3102773,-33.8662335]]}},{"type":"Feature","properties":{"axis":"N","value":6251300,"spacing":100,"datum":"agd66"},"geometry":{"type":"LineString","coordinates":[[151.1795381,-33.8634692],[151.190434,-33.8636297],[151.2013301,-33.8637893],[151.2122262,-33.8639479],[151.2231224,-33.8641055],[151.2340187,-33.8642622],[151.2449151,-33.8644179],[151.2558115,-33.8645726],[151.2667081,-33.8647264],[151.2776047,-33.8648793],[151.2885014,-33.8650311],[151.2993982,-33.865182],[151.3102951,-33.865332]]}},{"type":"Feature","properties":{"axis":"N","value":6251400,"spacing":100,"datum":"agd66"},"geometry":{"type":"LineString","coordinates":[[151.1795572,-33.8625677],[151.1904531,-33.8627282],[151.201349,-33.8628878],[151.212245,-33.8630464],[151.2231411,-33.863204],[151.2340373,-33.8633607],[151.2449335,-33.8635164],[151.2558299,-33.8636712],[151.2667263,-33.8638249],[151.2776228,-33.8639778],[151.2885194,-33.8641296],[151.2994161,-33.8642805],[151.3103128,-33.8644305]]}},{"type":"Feature","properties":{"axis":"N","value":6251500,"spacing":100,"datum":"agd66"},"geometry":{"type":"LineString","coordinates":[[151.1795764,-33.8616663],[151.1904721,-33.8618268],[151.2013679,-33.8619863],[151.2122638,-33.8621449],[151.2231598,-33.8623026],[151.2340558,-33.8624592],[151.244952,-33.8626149],[151.2558482,-33.8627697],[151.2667445,-33.8629234],[151.2776409,-33.8630763],[151.2885374,-33.8632281],[151.2994339,-33.863379],[151.3103306,-33.8635289]]}},{"type":"Feature","properties":{"axis":"N","value":6251600,"spacing":100,"datum":"agd66"},"geometry":{"type":"LineString","coordinates":[[151.1795955,-33.8607648],[151.1904911,-33.8609253],[151.2013868,-33.8610849],[151.2122826,-33.8612435],[151.2231785,-33.8614011],[151.2340744,-33.8615577],[151.2449704,-33.8617134],[151.2558665,-33.8618682],[151.2667627,-33.8620219],[151.277659,-33.8621748],[151.2885554,-33.8623266],[151.2994518,-33.8624775],[151.3103484,-33.8626274]]}},{"type":"Feature","properties":{"axis":"N","value":6251700,"spacing":100,"datum":"agd66"},"geometry":{"type":"LineString","coordinates":[[151.1796147,-33.8598634],[151.1905101,-33.8600239],[151.2014057,-33.8601834],[151.2123014,-33.860342],[151.2231971,-33.8604996],[151.234093,-33.8606563],[151.2449889,-33.860812],[151.2558849,-33.8609667],[151.266781,-33.8611205],[151.2776771,-33.8612733],[151.2885734,-33.8614251],[151.2994697,-33.861576],[151.3103661,-33.8617259]]}},{"type":"Feature","properties":{"axis":"N","value":6251800,"spacing":100,"datum":"agd66"},"geometry":{"type":"LineString","coordinates":[[151.1796338,-33.8589619],[151.1905292,-33.8591224],[151.2014246,-33.8592819],[151.2123202,-33.8594405],[151.2232158,-33.8595981],[151.2341115,-33.8597548],[151.2450073,-33.8599105],[151.2559032,-33.8600652],[151.2667992,-33.860219],[151.2776952,-33.8603718],[151.2885914,-33.8605236],[151.2994876,-33.8606745],[151.3103839,-33.8608244]]}},{"type":"Feature","properties":{"axis":"N","value":6251900,"spacing":100,"datum":"agd66"},"geometry":{"type":"LineString","coordinates":[[151.1796529,-33.8580604],[151.1905482,-33.8582209],[151.2014435,-33.8583805],[151.212339,-33.858539],[151.2232345,-33.8586967],[151.2341301,-33.8588533],[151.2450258,-33.859009],[151.2559216,-33.8591637],[151.2668174,-33.8593175],[151.2777133,-33.8594703],[151.2886094,-33.8596221],[151.2995055,-33.859773],[151.3104016,-33.8599229]]}},{"type":"Feature","properties":{"axis":"N","value":6252100,"spacing":100,"datum":"agd66"},"geometry":{"type":"LineString","coordinates":[[151.1796912,-33.8562575],[151.1905862,-33.856418],[151.2014813,-33.8565775],[151.2123766,-33.8567361],[151.2232718,-33.8568937],[151.2341672,-33.8570503],[151.2450627,-33.857206],[151.2559582,-33.8573607],[151.2668539,-33.8575145],[151.2777496,-33.8576673],[151.2886453,-33.8578191],[151.2995412,-33.8579699],[151.3104372,-33.8581198]]}},{"type":"Feature","properties":{"axis":"N","value":6252200,"spacing":100,"datum":"agd66"},"geometry":{"type":"LineString","coordinates":[[151.1797103,-33.8553561],[151.1906052,-33.8555166],[151.2015003,-33.8556761],[151.2123953,-33.8558346],[151.2232905,-33.8559922],[151.2341858,-33.8561489],[151.2450811,-33.8563045],[151.2559766,-33.8564592],[151.2668721,-33.856613],[151.2777677,-33.8567658],[151.2886633,-33.8569176],[151.2995591,-33.8570684],[151.3104549,-33.8572183]]}},{"type":"Feature","properties":{"axis":"N","value":6252300,"spacing":100,"datum":"agd66"},"geometry":{"type":"LineString","coordinates":[[151.1797295,-33.8544546],[151.1906243,-33.8546151],[151.2015192,-33.8547746],[151.2124141,-33.8549332],[151.2233092,-33.8550907],[151.2342043,-33.8552474],[151.2450996,-33.855403],[151.2559949,-33.8555577],[151.2668903,-33.8557115],[151.2777858,-33.8558642],[151.2886813,-33.8560161],[151.299577,-33.8561669],[151.3104727,-33.8563168]]}},{"type":"Feature","properties":{"axis":"N","value":6252400,"spacing":100,"datum":"agd66"},"geometry":{"type":"LineString","coordinates":[[151.1797486,-33.8535532],[151.1906433,-33.8537136],[151.2015381,-33.8538731],[151.2124329,-33.8540317],[151.2233279,-33.8541893],[151.2342229,-33.8543459],[151.245118,-33.8545015],[151.2560132,-33.8546562],[151.2669085,-33.85481],[151.2778039,-33.8549627],[151.2886993,-33.8551146],[151.2995948,-33.8552654],[151.3104905,-33.8554153]]}},{"type":"Feature","properties":{"axis":"N","value":6252500,"spacing":100,"datum":"agd66"},"geometry":{"type":"LineString","coordinates":[[151.1797677,-33.8526517],[151.1906623,-33.8528122],[151.201557,-33.8529717],[151.2124517,-33.8531302],[151.2233465,-33.8532878],[151.2342415,-33.8534444],[151.2451365,-33.8536001],[151.2560316,-33.8537548],[151.2669267,-33.8539085],[151.277822,-33.8540612],[151.2887173,-33.854213],[151.2996127,-33.8543639],[151.3105082,-33.8545138]]}},{"type":"Feature","properties":{"axis":"N","value":6252600,"spacing":100,"datum":"agd66"},"geometry":{"type":"LineString","coordinates":[[151.1797869,-33.8517503],[151.1906813,-33.8519107],[151.2015759,-33.8520702],[151.2124705,-33.8522287],[151.2233652,-33.8523863],[151.23426,-33.8525429],[151.2451549,-33.8526986],[151.2560499,-33.8528533],[151.2669449,-33.853007],[151.2778401,-33.8531597],[151.2887353,-33.8533115],[151.2996306,-33.8534624],[151.310526,-33.8536122]]}},{"type":"Feature","properties":{"axis":"N","value":6252700,"spacing":100,"datum":"agd66"},"geometry":{"type":"LineString","coordinates":[[151.179806,-33.8508488],[151.1907003,-33.8510093],[151.2015948,-33.8511687],[151.2124893,-33.8513273],[151.2233839,-33.8514848],[151.2342786,-33.8516414],[151.2451734,-33.8517971],[151.2560682,-33.8519518],[151.2669632,-33.8521055],[151.2778582,-33.8522582],[151.2887533,-33.85241],[151.2996485,-33.8525609],[151.3105437,-33.8527107]]}},{"type":"Feature","properties":{"axis":"N","value":6252800,"spacing":100,"datum":"agd66"},"geometry":{"type":"LineString","coordinates":[[151.1798251,-33.8499474],[151.1907193,-33.8501078],[151.2016137,-33.8502673],[151.2125081,-33.8504258],[151.2234026,-33.8505834],[151.2342971,-33.85074],[151.2451918,-33.8508956],[151.2560865,-33.8510503],[151.2669814,-33.851204],[151.2778763,-33.8513567],[151.2887713,-33.8515085],[151.2996663,-33.8516593],[151.3105615,-33.8518092]]}},{"type":"Feature","properties":{"axis":"N","value":6252900,"spacing":100,"datum":"agd66"},"geometry":{"type":"LineString","coordinates":[[151.1798442,-33.8490459],[151.1907384,-33.8492063],[151.2016326,-33.8493658],[151.2125269,-33.8495243],[151.2234212,-33.8496819],[151.2343157,-33.8498385],[151.2452102,-33.8499941],[151.2561049,-33.8501488],[151.2669996,-33.8503025],[151.2778944,-33.8504552],[151.2887892,-33.850607],[151.2996842,-33.8507578],[151.3105792,-33.8509077]]}},{"type":"Feature","properties":{"axis":"N","value":6253100,"spacing":100,"datum":"agd66"},"geometry":{"type":"LineString","coordinates":[[151.1798825,-33.847243],[151.1907764,-33.8474034],[151.2016704,-33.8475629],[151.2125644,-33.8477214],[151.2234586,-33.8478789],[151.2343528,-33.8480355],[151.2452471,-33.8481911],[151.2561415,-33.8483458],[151.267036,-33.8484995],[151.2779306,-33.8486522],[151.2888252,-33.848804],[151.2997199,-33.8489548],[151.3106147,-33.8491047]]}},{"type":"Feature","properties":{"axis":"N","value":6253200,"spacing":100,"datum":"agd66"},"geometry":{"type":"LineString","coordinates":[[151.1799016,-33.8463415],[151.1907954,-33.846502],[151.2016893,-33.8466614],[151.2125832,-33.8468199],[151.2234772,-33.8469775],[151.2343714,-33.847134],[151.2452656,-33.8472897],[151.2561598,-33.8474443],[151.2670542,-33.847598],[151.2779487,-33.8477507],[151.2888432,-33.8479025],[151.2997378,-33.8480533],[151.3106325,-33.8482031]]}},{"type":"Feature","properties":{"axis":"N","value":6253300,"spacing":100,"datum":"agd66"},"geometry":{"type":"LineString","coordinates":[[151.1799207,-33.8454401],[151.1908144,-33.8456005],[151.2017082,-33.84576],[151.212602,-33.8459184],[151.2234959,-33.846076],[151.2343899,-33.8462326],[151.245284,-33.8463882],[151.2561782,-33.8465428],[151.2670724,-33.8466965],[151.2779668,-33.8468492],[151.2888612,-33.847001],[151.2997557,-33.8471518],[151.3106503,-33.8473016]]}},{"type":"Feature","properties":{"axis":"N","value":6253400,"spacing":100,"datum":"agd66"},"geometry":{"type":"LineString","coordinates":[[151.1799399,-33.8445386],[151.1908334,-33.844699],[151.201727,-33.8448585],[151.2126208,-33.845017],[151.2235146,-33.8451745],[151.2344085,-33.8453311],[151.2453024,-33.8454867],[151.2561965,-33.8456413],[151.2670906,-33.845795],[151.2779849,-33.8459477],[151.2888792,-33.8460995],[151.2997735,-33.8462503],[151.310668,-33.8464001]]}},{"type":"Feature","properties":{"axis":"N","value":6253500,"spacing":100,"datum":"agd66"},"geometry":{"type":"LineString","coordinates":[[151.179959,-33.8436372],[151.1908524,-33.8437976],[151.2017459,-33.843957],[151.2126395,-33.8441155],[151.2235332,-33.844273],[151.234427,-33.8444296],[151.2453209,-33.8445852],[151.2562148,-33.8447398],[151.2671088,-33.8448935],[151.2780029,-33.8450462],[151.2888971,-33.845198],[151.2997914,-33.8453488],[151.3106858,-33.8454986]]}},{"type":"Feature","properties":{"axis":"N","value":6253600,"spacing":100,"datum":"agd66"},"geometry":{"type":"LineString","coordinates":[[151.1799781,-33.8427357],[151.1908714,-33.8428961],[151.2017648,-33.8430555],[151.2126583,-33.843214],[151.2235519,-33.8433715],[151.2344456,-33.8435281],[151.2453393,-33.8436837],[151.2562331,-33.8438383],[151.267127,-33.843992],[151.278021,-33.8441447],[151.2889151,-33.8442965],[151.2998093,-33.8444472],[151.3107035,-33.8445971]]}},{"type":"Feature","properties":{"axis":"N","value":6253700,"spacing":100,"datum":"agd66"},"geometry":{"type":"LineString","coordinates":[[151.1799972,-33.8418342],[151.1908904,-33.8419946],[151.2017837,-33.8421541],[151.2126771,-33.8423126],[151.2235706,-33.8424701],[151.2344641,-33.8426266],[151.2453577,-33.8427822],[151.2562515,-33.8429368],[151.2671453,-33.8430905],[151.2780391,-33.8432432],[151.2889331,-33.8433949],[151.2998271,-33.8435457],[151.3107213,-33.8436955]]}},{"type":"Feature","properties":{"axis":"N","value":6253800,"spacing":100,"datum":"agd66"},"geometry":{"type":"LineString","coordinates":[[151.1800164,-33.8409328],[151.1909094,-33.8410932],[151.2018026,-33.8412526],[151.2126959,-33.8414111],[151.2235892,-33.8415686],[151.2344827,-33.8417251],[151.2453762,-33.8418807],[151.2562698,-33.8420353],[151.2671635,-33.842189],[151.2780572,-33.8423417],[151.2889511,-33.8424934],[151.299845,-33.8426442],[151.310739,-33.842794]]}},{"type":"Feature","properties":{"axis":"N","value":6253900,"spacing":100,"datum":"agd66"},"geometry":{"type":"LineString","coordinates":[[151.1800355,-33.8400313],[151.1909284,-33.8401917],[151.2018215,-33.8403511],[151.2127147,-33.8405096],[151.2236079,-33.8406671],[151.2345012,-33.8408237],[151.2453946,-33.8409792],[151.2562881,-33.8411338],[151.2671817,-33.8412875],[151.2780753,-33.8414402],[151.288969,-33.8415919],[151.2998629,-33.8417427],[151.3107568,-33.8418925]]}},{"type":"Feature","properties":{"axis":"N","value":6254100,"spacing":100,"datum":"agd66"},"geometry":{"type":"LineString","coordinates":[[151.1800737,-33.8382284],[151.1909665,-33.8383888],[151.2018593,-33.8385482],[151.2127522,-33.8387067],[151.2236452,-33.8388642],[151.2345383,-33.8390207],[151.2454315,-33.8391763],[151.2563247,-33.8393309],[151.2672181,-33.8394845],[151.2781115,-33.8396372],[151.289005,-33.8397889],[151.2998986,-33.8399397],[151.3107922,-33.8400895]]}},{"type":"Feature","properties":{"axis":"N","value":6254200,"spacing":100,"datum":"agd66"},"geometry":{"type":"LineString","coordinates":[[151.1800928,-33.837327],[151.1909855,-33.8374873],[151.2018782,-33.8376467],[151.212771,-33.8378052],[151.2236639,-33.8379627],[151.2345568,-33.8381192],[151.2454499,-33.8382748],[151.2563431,-33.8384294],[151.2672363,-33.838583],[151.2781296,-33.8387357],[151.289023,-33.8388874],[151.2999164,-33.8390381],[151.31081,-33.8391879]]}},{"type":"Feature","properties":{"axis":"N","value":6254300,"spacing":100,"datum":"agd66"},"geometry":{"type":"LineString","coordinates":[[151.1801119,-33.8364255],[151.1910045,-33.8365859],[151.2018971,-33.8367453],[151.2127898,-33.8369037],[151.2236825,-33.8370612],[151.2345754,-33.8372177],[151.2454683,-33.8373733],[151.2563614,-33.8375279],[151.2672545,-33.8376815],[151.2781477,-33.8378342],[151.2890409,-33.8379859],[151.2999343,-33.8381366],[151.3108277,-33.8382864]]}},{"type":"Feature","properties":{"axis":"N","value":6254400,"spacing":100,"datum":"agd66"},"geometry":{"type":"LineString","coordinates":[[151.1801311,-33.835524],[151.1910235,-33.8356844],[151.201916,-33.8358438],[151.2128085,-33.8360022],[151.2237012,-33.8361597],[151.2345939,-33.8363162],[151.2454868,-33.8364718],[151.2563797,-33.8366264],[151.2672727,-33.83678],[151.2781658,-33.8369327],[151.2890589,-33.8370844],[151.2999522,-33.8372351],[151.3108455,-33.8373849]]}},{"type":"Feature","properties":{"axis":"N","value":6254500,"spacing":100,"datum":"agd66"},"geometry":{"type":"LineString","coordinates":[[151.1801502,-33.8346226],[151.1910425,-33.8347829],[151.2019348,-33.8349423],[151.2128273,-33.8351008],[151.2237198,-33.8352582],[151.2346125,-33.8354147],[151.2455052,-33.8355703],[151.256398,-33.8357249],[151.2672909,-33.8358785],[151.2781838,-33.8360312],[151.2890769,-33.8361829],[151.29997,-33.8363336],[151.3108632,-33.8364834]]}},{"type":"Feature","properties":{"axis":"N","value":6254600,"spacing":100,"datum":"agd66"},"geometry":{"type":"LineString","coordinates":[[151.1801693,-33.8337211],[151.1910615,-33.8338815],[151.2019537,-33.8340409],[151.2128461,-33.8341993],[151.2237385,-33.8343568],[151.234631,-33.8345133],[151.2455236,-33.8346688],[151.2564163,-33.8348234],[151.2673091,-33.834977],[151.2782019,-33.8351297],[151.2890949,-33.8352814],[151.2999879,-33.8354321],[151.310881,-33.8355819]]}},{"type":"Feature","properties":{"axis":"N","value":6254700,"spacing":100,"datum":"agd66"},"geometry":{"type":"LineString","coordinates":[[151.1801884,-33.8328197],[151.1910805,-33.83298],[151.2019726,-33.8331394],[151.2128648,-33.8332978],[151.2237572,-33.8334553],[151.2346496,-33.8336118],[151.2455421,-33.8337673],[151.2564346,-33.8339219],[151.2673273,-33.8340755],[151.27822,-33.8342282],[151.2891128,-33.8343798],[151.3000057,-33.8345306],[151.3108987,-33.8346803]]}},{"type":"Feature","properties":{"axis":"N","value":6254800,"spacing":100,"datum":"agd66"},"geometry":{"type":"LineString","coordinates":[[151.1802075,-33.8319182],[151.1910995,-33.8320786],[151.2019915,-33.8322379],[151.2128836,-33.8323963],[151.2237758,-33.8325538],[151.2346681,-33.8327103],[151.2455605,-33.8328658],[151.2564529,-33.8330204],[151.2673455,-33.833174],[151.2782381,-33.8333266],[151.2891308,-33.8334783],[151.3000236,-33.8336291],[151.3109164,-33.8337788]]}},{"type":"Feature","properties":{"axis":"N","value":6254900,"spacing":100,"datum":"agd66"},"geometry":{"type":"LineString","coordinates":[[151.1802266,-33.8310168],[151.1911185,-33.8311771],[151.2020104,-33.8313365],[151.2129024,-33.8314949],[151.2237945,-33.8316523],[151.2346866,-33.8318088],[151.2455789,-33.8319643],[151.2564712,-33.8321189],[151.2673637,-33.8322725],[151.2782562,-33.8324251],[151.2891488,-33.8325768],[151.3000414,-33.8327275],[151.3109342,-33.8328773]]}},{"type":"Feature","properties":{"axis":"N","value":6255100,"spacing":100,"datum":"agd66"},"geometry":{"type":"LineString","coordinates":[[151.1802648,-33.8292138],[151.1911564,-33.8293742],[151.2020481,-33.8295335],[151.2129399,-33.8296919],[151.2238318,-33.8298494],[151.2347237,-33.8300058],[151.2456158,-33.8301614],[151.2565079,-33.8303159],[151.2674001,-33.8304695],[151.2782923,-33.8306221],[151.2891847,-33.8307738],[151.3000771,-33.8309245],[151.3109697,-33.8310743]]}},{"type":"Feature","properties":{"axis":"N","value":6255200,"spacing":100,"datum":"agd66"},"geometry":{"type":"LineString","coordinates":[[151.1802839,-33.8283124],[151.1911754,-33.8284727],[151.202067,-33.8286321],[151.2129587,-33.8287904],[151.2238504,-33.8289479],[151.2347423,-33.8291044],[151.2456342,-33.8292599],[151.2565262,-33.8294144],[151.2674183,-33.829568],[151.2783104,-33.8297206],[151.2892027,-33.8298723],[151.300095,-33.830023],[151.3109874,-33.8301727]]}},{"type":"Feature","properties":{"axis":"N","value":6255300,"spacing":100,"datum":"agd66"},"geometry":{"type":"LineString","coordinates":[[151.1803031,-33.8274109],[151.1911944,-33.8275712],[151.2020859,-33.8277306],[151.2129774,-33.827889],[151.2238691,-33.8280464],[151.2347608,-33.8282029],[151.2456526,-33.8283584],[151.2565445,-33.8285129],[151.2674365,-33.8286665],[151.2783285,-33.8288191],[151.2892206,-33.8289708],[151.3001128,-33.8291215],[151.3110051,-33.8292712]]}},{"type":"Feature","properties":{"axis":"N","value":6255400,"spacing":100,"datum":"agd66"},"geometry":{"type":"LineString","coordinates":[[151.1803222,-33.8265095],[151.1912134,-33.8266698],[151.2021048,-33.8268291],[151.2129962,-33.8269875],[151.2238877,-33.8271449],[151.2347793,-33.8273014],[151.245671,-33.8274569],[151.2565628,-33.8276114],[151.2674546,-33.827765],[151.2783466,-33.8279176],[151.2892386,-33.8280693],[151.3001307,-33.82822],[151.3110229,-33.8283697]]}},{"type":"Feature","properties":{"axis":"N","value":6255500,"spacing":100,"datum":"agd66"},"geometry":{"type":"LineString","coordinates":[[151.1803413,-33.825608],[151.1912324,-33.8257683],[151.2021236,-33.8259276],[151.213015,-33.826086],[151.2239064,-33.8262434],[151.2347979,-33.8263999],[151.2456894,-33.8265554],[151.2565811,-33.8267099],[151.2674728,-33.8268635],[151.2783647,-33.8270161],[151.2892566,-33.8271678],[151.3001485,-33.8273184],[151.3110406,-33.8274682]]}},{"type":"Feature","properties":{"axis":"N","value":6255600,"spacing":100,"datum":"agd66"},"geometry":{"type":"LineString","coordinates":[[151.1803604,-33.8247065],[151.1912514,-33.8248668],[151.2021425,-33.8250262],[151.2130337,-33.8251845],[151.223925,-33.825342],[151.2348164,-33.8254984],[151.2457079,-33.8256539],[151.2565994,-33.8258084],[151.267491,-33.825962],[151.2783827,-33.8261146],[151.2892745,-33.8262662],[151.3001664,-33.8264169],[151.3110583,-33.8265666]]}},{"type":"Feature","properties":{"axis":"N","value":6255700,"spacing":100,"datum":"agd66"},"geometry":{"type":"LineString","coordinates":[[151.1803795,-33.8238051],[151.1912704,-33.8239654],[151.2021614,-33.8241247],[151.2130525,-33.8242831],[151.2239437,-33.8244405],[151.2348349,-33.8245969],[151.2457263,-33.8247524],[151.2566177,-33.8249069],[151.2675092,-33.8250605],[151.2784008,-33.8252131],[151.2892925,-33.8253647],[151.3001842,-33.8255154],[151.3110761,-33.8256651]]}},{"type":"Feature","properties":{"axis":"N","value":6255800,"spacing":100,"datum":"agd66"},"geometry":{"type":"LineString","coordinates":[[151.1803986,-33.8229036],[151.1912894,-33.8230639],[151.2021803,-33.8232232],[151.2130713,-33.8233816],[151.2239623,-33.823539],[151.2348535,-33.8236954],[151.2457447,-33.8238509],[151.256636,-33.8240054],[151.2675274,-33.824159],[151.2784189,-33.8243116],[151.2893104,-33.8244632],[151.3002021,-33.8246139],[151.3110938,-33.8247636]]}},{"type":"Feature","properties":{"axis":"N","value":6255900,"spacing":100,"datum":"agd66"},"geometry":{"type":"LineString","coordinates":[[151.1804177,-33.8220022],[151.1913084,-33.8221624],[151.2021991,-33.8223218],[151.21309,-33.8224801],[151.223981,-33.8226375],[151.234872,-33.822794],[151.2457631,-33.8229494],[151.2566543,-33.8231039],[151.2675456,-33.8232575],[151.278437,-33.8234101],[151.2893284,-33.8235617],[151.3002199,-33.8237124],[151.3111115,-33.8238621]]}},{"type":"Feature","properties":{"axis":"N","value":6256100,"spacing":100,"datum":"agd66"},"geometry":{"type":"LineString","coordinates":[[151.1804559,-33.8201992],[151.1913463,-33.8203595],[151.2022369,-33.8205188],[151.2131275,-33.8206772],[151.2240183,-33.8208346],[151.2349091,-33.820991],[151.2457999,-33.8211464],[151.2566909,-33.8213009],[151.267582,-33.8214545],[151.2784731,-33.8216071],[151.2893643,-33.8217587],[151.3002556,-33.8219093],[151.311147,-33.822059]]}},{"type":"Feature","properties":{"axis":"N","value":6256200,"spacing":100,"datum":"agd66"},"geometry":{"type":"LineString","coordinates":[[151.180475,-33.8192978],[151.1913653,-33.8194581],[151.2022558,-33.8196174],[151.2131463,-33.8197757],[151.2240369,-33.8199331],[151.2349276,-33.8200895],[151.2458184,-33.8202449],[151.2567092,-33.8203994],[151.2676002,-33.820553],[151.2784912,-33.8207056],[151.2893823,-33.8208572],[151.3002735,-33.8210078],[151.3111647,-33.8211575]]}}]}