{"type":"FeatureCollection","features":[{"type":"Feature","properties":{"axis":"E","value":331000,"spacing":1000,"datum":"gda94"},"geometry":{"type":"LineString","coordinates":[[151.1715651,-33.9308885],[151.1717577,-33.921874],[151.1719503,-33.9128596],[151.1721428,-33.9038452],[151.1723352,-33.8948307],[151.1725275,-33.8858162],[151.1727198,-33.8768017],[151.1729119,-33.8677872],[151.173104,-33.8587727],[151.173296,-33.8497582],[151.1734878,-33.8407436],[151.1736797,-33.831729],[151.1738714,-33.8227145],[151.174063,-33.8136999]]}},{"type":"Feature","properties":{"axis":"E","value":332000,"spacing":1000,"datum":"gda94"},"geometry":{"type":"LineString","coordinates":[[151.1823795,-33.9310486],[151.182571,-33.9220341],[151.1827624,-33.9130197],[151.1829538,-33.9040051],[151.183145,-33.8949906],[151.1833362,-33.8859761],[151.1835273,-33.8769615],[151.1837183,-33.867947],[151.1839093,-33.8589324],[151.1841001,-33.8499178],[151.1842909,-33.8409032],[151.1844816,-33.8318886],[151.1846721,-33.822874],[151.1848626,-33.8138593]]}},{"type":"Feature","properties":{"axis":"E","value":333000,"spacing":1000,"datum":"gda94"},"geometry":{"type":"LineString","coordinates":[[151.1931939,-33.9312078],[151.1933843,-33.9221933],[151.1935746,-33.9131788],[151.1937648,-33.9041642],[151.193955,-33.8951496],[151.194145,-33.886135],[151.194335,-33.8771204],[151.1945249,-33.8681058],[151.1947147,-33.8590912],[151.1949044,-33.8500765],[151.195094,-33.8410619],[151.1952835,-33.8320472],[151.195473,-33.8230325],[151.1956624,-33.8140178]]}},{"type":"Feature","properties":{"axis":"E","value":334000,"spacing":1000,"datum":"gda94"},"geometry":{"type":"LineString","coordinates":[[151.2040085,-33.9313661],[151.2041977,-33.9223515],[151.2043869,-33.9133369],[151.204576,-33.9043223],[151.204765,-33.8953077],[151.2049539,-33.886293],[151.2051427,-33.8772784],[151.2053315,-33.8682637],[151.2055201,-33.859249],[151.2057087,-33.8502343],[151.2058972,-33.8412196],[151.2060856,-33.8322049],[151.2062739,-33.8231902],[151.2064622,-33.8141754]]}},{"type":"Feature","properties":{"axis":"E","value":335000,"spacing":1000,"datum":"gda94"},"geometry":{"type":"LineString","coordinates":[[151.2148231,-33.9315234],[151.2150112,-33.9225088],[151.2151993,-33.9134941],[151.2153872,-33.9044794],[151.2155751,-33.8954648],[151.2157628,-33.8864501],[151.2159505,-33.8774354],[151.2161381,-33.8684206],[151.2163257,-33.8594059],[151.2165131,-33.8503912],[151.2167005,-33.8413764],[151.2168877,-33.8323616],[151.2170749,-33.8233468],[151.217262,-33.814332]]}},{"type":"Feature","properties":{"axis":"E","value":336000,"spacing":1000,"datum":"gda94"},"geometry":{"type":"LineString","coordinates":[[151.2256378,-33.9316798],[151.2258248,-33.9226651],[151.2260117,-33.9136504],[151.2261985,-33.9046356],[151.2263852,-33.8956209],[151.2265719,-33.8866062],[151.2267584,-33.8775914],[151.2269449,-33.8685766],[151.2271313,-33.8595618],[151.2273176,-33.850547],[151.2275038,-33.8415322],[151.22769,-33.8325174],[151.227876,-33.8235026],[151.228062,-33.8144877]]}},{"type":"Feature","properties":{"axis":"E","value":337000,"spacing":1000,"datum":"gda94"},"geometry":{"type":"LineString","coordinates":[[151.2364527,-33.9318352],[151.2366385,-33.9228204],[151.2368242,-33.9138057],[151.2370099,-33.9047909],[151.2371955,-33.8957761],[151.237381,-33.8867613],[151.2375664,-33.8777465],[151.2377518,-33.8687317],[151.237937,-33.8597168],[151.2381222,-33.850702],[151.2383073,-33.8416871],[151.2384923,-33.8326722],[151.2386772,-33.8236573],[151.2388621,-33.8146424]]}},{"type":"Feature","properties":{"axis":"E","value":338000,"spacing":1000,"datum":"gda94"},"geometry":{"type":"LineString","coordinates":[[151.2472675,-33.9319896],[151.2474522,-33.9229748],[151.2476369,-33.91396],[151.2478214,-33.9049452],[151.2480058,-33.8959304],[151.2481902,-33.8869155],[151.2483745,-33.8779007],[151.2485587,-33.8688858],[151.2487428,-33.8598709],[151.2489269,-33.850856],[151.2491108,-33.8418411],[151.2492947,-33.8328261],[151.2494785,-33.8238112],[151.2496622,-33.8147962]]}},{"type":"Feature","properties":{"axis":"E","value":339000,"spacing":1000,"datum":"gda94"},"geometry":{"type":"LineString","coordinates":[[151.2580825,-33.9321431],[151.2582661,-33.9231283],[151.2584495,-33.9141134],[151.2586329,-33.9050986],[151.2588163,-33.8960837],[151.2589995,-33.8870688],[151.2591826,-33.8780539],[151.2593657,-33.8690389],[151.2595487,-33.860024],[151.2597316,-33.851009],[151.2599144,-33.8419941],[151.2600972,-33.8329791],[151.2602798,-33.8239641],[151.2604624,-33.814949]]}},{"type":"Feature","properties":{"axis":"E","value":340000,"spacing":1000,"datum":"gda94"},"geometry":{"type":"LineString","coordinates":[[151.2688976,-33.9322957],[151.26908,-33.9232808],[151.2692623,-33.9142659],[151.2694446,-33.905251],[151.2696268,-33.896236],[151.2698089,-33.8872211],[151.2699909,-33.8782061],[151.2701728,-33.8691911],[151.2703547,-33.8601761],[151.2705364,-33.8511611],[151.2707181,-33.8421461],[151.2708997,-33.8331311],[151.2710813,-33.824116],[151.2712627,-33.8151009]]}},{"type":"Feature","properties":{"axis":"E","value":341000,"spacing":1000,"datum":"gda94"},"geometry":{"type":"LineString","coordinates":[[151.2797127,-33.9324473],[151.279894,-33.9234324],[151.2800752,-33.9144174],[151.2802563,-33.9054024],[151.2804373,-33.8963874],[151.2806183,-33.8873724],[151.2807992,-33.8783574],[151.28098,-33.8693424],[151.2811607,-33.8603273],[151.2813413,-33.8513123],[151.2815219,-33.8422972],[151.2817024,-33.8332821],[151.2818828,-33.824267],[151.2820631,-33.8152519]]}},{"type":"Feature","properties":{"axis":"E","value":342000,"spacing":1000,"datum":"gda94"},"geometry":{"type":"LineString","coordinates":[[151.2905279,-33.932598],[151.2907081,-33.923583],[151.2908881,-33.914568],[151.2910681,-33.9055529],[151.291248,-33.8965379],[151.2914278,-33.8875228],[151.2916076,-33.8785078],[151.2917872,-33.8694927],[151.2919668,-33.8604776],[151.2921463,-33.8514625],[151.2923257,-33.8424474],[151.2925051,-33.8334322],[151.2926844,-33.8244171],[151.2928635,-33.8154019]]}},{"type":"Feature","properties":{"axis":"E","value":343000,"spacing":1000,"datum":"gda94"},"geometry":{"type":"LineString","coordinates":[[151.3013432,-33.9327477],[151.3015222,-33.9237327],[151.3017011,-33.9147176],[151.30188,-33.9057025],[151.3020588,-33.8966874],[151.3022374,-33.8876723],[151.302416,-33.8786572],[151.3025946,-33.8696421],[151.302773,-33.8606269],[151.3029514,-33.8516117],[151.3031297,-33.8425966],[151.3033079,-33.8335814],[151.303486,-33.8245662],[151.3036641,-33.815551]]}},{"type":"Feature","properties":{"axis":"E","value":344000,"spacing":1000,"datum":"gda94"},"geometry":{"type":"LineString","coordinates":[[151.3121586,-33.9328965],[151.3123365,-33.9238814],[151.3125142,-33.9148663],[151.3126919,-33.9058511],[151.3128696,-33.896836],[151.3130471,-33.8878208],[151.3132246,-33.8788057],[151.313402,-33.8697905],[151.3135793,-33.8607753],[151.3137565,-33.8517601],[151.3139337,-33.8427448],[151.3141108,-33.8337296],[151.3142878,-33.8247143],[151.3144647,-33.8156991]]}},{"type":"Feature","properties":{"axis":"N","value":6244000,"spacing":1000,"datum":"gda94"},"geometry":{"type":"LineString","coordinates":[[151.1715651,-33.9308885],[151.1823795,-33.9310486],[151.1931939,-33.9312078],[151.2040085,-33.9313661],[151.2148231,-33.9315234],[151.2256378,-33.9316798],[151.2364527,-33.9318352],[151.2472675,-33.9319896],[151.2580825,-33.9321431],[151.2688976,-33.9322957],[151.2797127,-33.9324473],[151.2905279,-33.932598],[151.3013432,-33.9327477],[151.3121586,-33.9328965]]}},{"type":"Feature","properties":{"axis":"N","value":6245000,"spacing":1000,"datum":"gda94"},"geometry":{"type":"LineString","coordinates":[[151.1717577,-33.921874],[151.182571,-33.9220341],[151.1933843,-33.9221933],[151.2041977,-33.9223515],[151.2150112,-33.9225088],[151.2258248,-33.9226651],[151.2366385,-33.9228204],[151.2474522,-33.9229748],[151.2582661,-33.9231283],[151.26908,-33.9232808],[151.279894,-33.9234324],[151.2907081,-33.923583],[151.3015222,-33.9237327],[151.3123365,-33.9238814]]}},{"type":"Feature","properties":{"axis":"N","value":6246000,"spacing":1000,"datum":"gda94"},"geometry":{"type":"LineString","coordinates":[[151.1719503,-33.9128596],[151.1827624,-33.9130197],[151.1935746,-33.9131788],[151.2043869,-33.9133369],[151.2151993,-33.9134941],[151.2260117,-33.9136504],[151.2368242,-33.9138057],[151.2476369,-33.91396],[151.2584495,-33.9141134],[151.2692623,-33.9142659],[151.2800752,-33.9144174],[151.2908881,-33.914568],[151.3017011,-33.9147176],[151.3125142,-33.9148663]]}},{"type":"Feature","properties":{"axis":"N","value":6247000,"spacing":1000,"datum":"gda94"},"geometry":{"type":"LineString","coordinates":[[151.1721428,-33.9038452],[151.1829538,-33.9040051],[151.1937648,-33.9041642],[151.204576,-33.9043223],[151.2153872,-33.9044794],[151.2261985,-33.9046356],[151.2370099,-33.9047909],[151.2478214,-33.9049452],[151.2586329,-33.9050986],[151.2694446,-33.905251],[151.2802563,-33.9054024],[151.2910681,-33.9055529],[151.30188,-33.9057025],[151.3126919,-33.9058511]]}},{"type":"Feature","properties":{"axis":"N","value":6248000,"spacing":1000,"datum":"gda94"},"geometry":{"type":"LineString","coordinates":[[151.1723352,-33.8948307],[151.183145,-33.8949906],[151.193955,-33.8951496],[151.204765,-33.8953077],[151.2155751,-33.8954648],[151.2263852,-33.8956209],[151.2371955,-33.8957761],[151.2480058,-33.8959304],[151.2588163,-33.8960837],[151.2696268,-33.896236],[151.2804373,-33.8963874],[151.291248,-33.8965379],[151.3020588,-33.8966874],[151.3128696,-33.896836]]}},{"type":"Feature","properties":{"axis":"N","value":6249000,"spacing":1000,"datum":"gda94"},"geometry":{"type":"LineString","coordinates":[[151.1725275,-33.8858162],[151.1833362,-33.8859761],[151.194145,-33.886135],[151.2049539,-33.886293],[151.2157628,-33.8864501],[151.2265719,-33.8866062],[151.237381,-33.8867613],[151.2481902,-33.8869155],[151.2589995,-33.8870688],[151.2698089,-33.8872211],[151.2806183,-33.8873724],[151.2914278,-33.8875228],[151.3022374,-33.8876723],[151.3130471,-33.8878208]]}},{"type":"Feature","properties":{"axis":"N","value":6250000,"spacing":1000,"datum":"gda94"},"geometry":{"type":"LineString","coordinates":[[151.1727198,-33.8768017],[151.1835273,-33.8769615],[151.194335,-33.8771204],[151.2051427,-33.8772784],[151.2159505,-33.8774354],[151.2267584,-33.8775914],[151.2375664,-33.8777465],[151.2483745,-33.8779007],[151.2591826,-33.8780539],[151.2699909,-33.8782061],[151.2807992,-33.8783574],[151.2916076,-33.8785078],[151.302416,-33.8786572],[151.3132246,-33.8788057]]}},{"type":"Feature","properties":{"axis":"N","value":6251000,"spacing":1000,"datum":"gda94"},"geometry":{"type":"LineString","coordinates":[[151.1729119,-33.8677872],[151.1837183,-33.867947],[151.1945249,-33.8681058],[151.2053315,-33.8682637],[151.2161381,-33.8684206],[151.2269449,-33.8685766],[151.2377518,-33.8687317],[151.2485587,-33.8688858],[151.2593657,-33.8690389],[151.2701728,-33.8691911],[151.28098,-33.8693424],[151.2917872,-33.8694927],[151.3025946,-33.8696421],[151.313402,-33.8697905]]}},{"type":"Feature","properties":{"axis":"N","value":6252000,"spacing":1000,"datum":"gda94"},"geometry":{"type":"LineString","coordinates":[[151.173104,-33.8587727],[151.1839093,-33.8589324],[151.1947147,-33.8590912],[151.2055201,-33.859249],[151.2163257,-33.8594059],[151.2271313,-33.8595618],[151.237937,-33.8597168],[151.2487428,-33.8598709],[151.2595487,-33.860024],[151.2703547,-33.8601761],[151.2811607,-33.8603273],[151.2919668,-33.8604776],[151.302773,-33.8606269],[151.3135793,-33.8607753]]}},{"type":"Feature","properties":{"axis":"N","value":6253000,"spacing":1000,"datum":"gda94"},"geometry":{"type":"LineString","coordinates":[[151.173296,-33.8497582],[151.1841001,-33.8499178],[151.1949044,-33.8500765],[151.2057087,-33.8502343],[151.2165131,-33.8503912],[151.2273176,-33.850547],[151.2381222,-33.850702],[151.2489269,-33.850856],[151.2597316,-33.851009],[151.2705364,-33.8511611],[151.2813413,-33.8513123],[151.2921463,-33.8514625],[151.3029514,-33.8516117],[151.3137565,-33.8517601]]}},{"type":"Feature","properties":{"axis":"N","value":6254000,"spacing":1000,"datum":"gda94"},"geometry":{"type":"LineString","coordinates":[[151.1734878,-33.8407436],[151.1842909,-33.8409032],[151.195094,-33.8410619],[151.2058972,-33.8412196],[151.2167005,-33.8413764],[151.2275038,-33.8415322],[151.2383073,-33.8416871],[151.2491108,-33.8418411],[151.2599144,-33.8419941],[151.2707181,-33.8421461],[151.2815219,-33.8422972],[151.2923257,-33.8424474],[151.3031297,-33.8425966],[151.3139337,-33.8427448]]}},{"type":"Feature","properties":{"axis":"N","value":6255000,"spacing":1000,"datum":"gda94"},"geometry":{"type":"LineString","coordinates":[[151.1736797,-33.831729],[151.1844816,-33.8318886],[151.1952835,-33.8320472],[151.2060856,-33.8322049],[151.2168877,-33.8323616],[151.22769,-33.8325174],[151.2384923,-33.8326722],[151.2492947,-33.8328261],[151.2600972,-33.8329791],[151.2708997,-33.8331311],[151.2817024,-33.8332821],[151.2925051,-33.8334322],[151.3033079,-33.8335814],[151.3141108,-33.8337296]]}},{"type":"Feature","properties":{"axis":"N","value":6256000,"spacing":1000,"datum":"gda94"},"geometry":{"type":"LineString","coordinates":[[151.1738714,-33.8227145],[151.1846721,-33.822874],[151.195473,-33.8230325],[151.2062739,-33.8231902],[151.2170749,-33.8233468],[151.227876,-33.8235026],[151.2386772,-33.8236573],[151.2494785,-33.8238112],[151.2602798,-33.8239641],[151.2710813,-33.824116],[151.2818828,-33.824267],[151.2926844,-33.8244171],[151.303486,-33.8245662],[151.3142878,-33.8247143]]}},{"type":"Feature","properties":{"axis":"N","value":6257000,"spacing":1000,"datum":"gda94"},"geometry":{"type":"LineString","coordinates":[[151.174063,-33.8136999],[151.1848626,-33.8138593],[151.1956624,-33.8140178],[151.2064622,-33.8141754],[151.217262,-33.814332],[151.228062,-33.8144877],[151.2388621,-33.8146424],[151.2496622,-33.8147962],[151.2604624,-33.814949],[151.2712627,-33.8151009],[151.2820631,-33.8152519],[151.2928635,-33.8154019],[151.3036641,-33.815551],[151.3144647,-33.8156991]]}},{"type":"Feature","properties":{"axis":"E","value":331500,"spacing":100,"datum":"gda94"},"geometry":{"type":"LineString","coordinates":[[151.1769915,-33.9300672],[151.1771852,-33.9209776],[151.1773787,-33.9118881],[151.1775723,-33.9027985],[151.1777657,-33.8937088],[151.177959,-33.8846192],[151.1781523,-33.8755296],[151.1783454,-33.8664399],[151.1785385,-33.8573502],[151.1787315,-33.8482606],[151.1789244,-33.8391709],[151.1791172,-33.8300811],[151.17931,-33.8209914]]}},{"type":"Feature","properties":{"axis":"E","value":331600,"spacing":100,"datum":"gda94"},"geometry":{"type":"LineString","coordinates":[[151.1780729,-33.9300832],[151.1782665,-33.9209936],[151.1784599,-33.9119041],[151.1786533,-33.9028145],[151.1788467,-33.8937248],[151.1790399,-33.8846352],[151.179233,-33.8755455],[151.1794261,-33.8664559],[151.179619,-33.8573662],[151.1798119,-33.8482765],[151.1800047,-33.8391868],[151.1801974,-33.8300971],[151.18039,-33.8210074]]}},{"type":"Feature","properties":{"axis":"E","value":331700,"spacing":100,"datum":"gda94"},"geometry":{"type":"LineString","coordinates":[[151.1791543,-33.9300992],[151.1793478,-33.9210096],[151.1795411,-33.91192],[151.1797344,-33.9028304],[151.1799276,-33.8937408],[151.1801207,-33.8846512],[151.1803138,-33.8755615],[151.1805067,-33.8664718],[151.1806995,-33.8573822],[151.1808923,-33.8482925],[151.181085,-33.8392028],[151.1812776,-33.830113],[151.1814701,-33.8210233]]}},{"type":"Feature","properties":{"axis":"E","value":331800,"spacing":100,"datum":"gda94"},"geometry":{"type":"LineString","coordinates":[[151.1802358,-33.9301152],[151.1804291,-33.9210256],[151.1806223,-33.911936],[151.1808155,-33.9028464],[151.1810086,-33.8937568],[151.1812016,-33.8846671],[151.1813945,-33.8755775],[151.1815873,-33.8664878],[151.1817801,-33.8573981],[151.1819727,-33.8483084],[151.1821653,-33.8392187],[151.1823577,-33.830129],[151.1825501,-33.8210392]]}},{"type":"Feature","properties":{"axis":"E","value":331900,"spacing":100,"datum":"gda94"},"geometry":{"type":"LineString","coordinates":[[151.1813172,-33.9301312],[151.1815104,-33.9210416],[151.1817035,-33.911952],[151.1818966,-33.9028624],[151.1820896,-33.8937727],[151.1822824,-33.8846831],[151.1824752,-33.8755934],[151.1826679,-33.8665037],[151.1828606,-33.8574141],[151.1830531,-33.8483243],[151.1832456,-33.8392346],[151.1834379,-33.8301449],[151.1836302,-33.8210551]]}},{"type":"Feature","properties":{"axis":"E","value":332100,"spacing":100,"datum":"gda94"},"geometry":{"type":"LineString","coordinates":[[151.18348,-33.9301631],[151.183673,-33.9210735],[151.183866,-33.9119839],[151.1840588,-33.9028943],[151.1842515,-33.8938046],[151.1844442,-33.884715],[151.1846367,-33.8756253],[151.1848292,-33.8665356],[151.1850216,-33.8574459],[151.1852139,-33.8483562],[151.1854061,-33.8392664],[151.1855983,-33.8301767],[151.1857903,-33.8210869]]}},{"type":"Feature","properties":{"axis":"E","value":332200,"spacing":100,"datum":"gda94"},"geometry":{"type":"LineString","coordinates":[[151.1845615,-33.9301791],[151.1847544,-33.9210895],[151.1849472,-33.9119999],[151.1851399,-33.9029102],[151.1853325,-33.8938206],[151.185525,-33.8847309],[151.1857175,-33.8756412],[151.1859098,-33.8665515],[151.1861021,-33.8574618],[151.1862943,-33.8483721],[151.1864864,-33.8392823],[151.1866784,-33.8301926],[151.1868704,-33.8211028]]}},{"type":"Feature","properties":{"axis":"E","value":332300,"spacing":100,"datum":"gda94"},"geometry":{"type":"LineString","coordinates":[[151.1856429,-33.930195],[151.1858357,-33.9211054],[151.1860284,-33.9120158],[151.186221,-33.9029261],[151.1864135,-33.8938365],[151.1866059,-33.8847468],[151.1867982,-33.8756571],[151.1869905,-33.8665674],[151.1871826,-33.8574777],[151.1873747,-33.848388],[151.1875667,-33.8392982],[151.1877586,-33.8302085],[151.1879504,-33.8211187]]}},{"type":"Feature","properties":{"axis":"E","value":332400,"spacing":100,"datum":"gda94"},"geometry":{"type":"LineString","coordinates":[[151.1867243,-33.930211],[151.186917,-33.9211213],[151.1871096,-33.9120317],[151.187302,-33.9029421],[151.1874944,-33.8938524],[151.1876867,-33.8847627],[151.187879,-33.875673],[151.1880711,-33.8665833],[151.1882632,-33.8574936],[151.1884551,-33.8484039],[151.188647,-33.8393141],[151.1888388,-33.8302244],[151.1890305,-33.8211346]]}},{"type":"Feature","properties":{"axis":"E","value":332500,"spacing":100,"datum":"gda94"},"geometry":{"type":"LineString","coordinates":[[151.1878058,-33.9302269],[151.1879983,-33.9211373],[151.1881908,-33.9120476],[151.1883831,-33.902958],[151.1885754,-33.8938683],[151.1887676,-33.8847786],[151.1889597,-33.8756889],[151.1891517,-33.8665992],[151.1893437,-33.8575095],[151.1895355,-33.8484197],[151.1897273,-33.83933],[151.189919,-33.8302402],[151.1901105,-33.8211504]]}},{"type":"Feature","properties":{"axis":"E","value":332600,"spacing":100,"datum":"gda94"},"geometry":{"type":"LineString","coordinates":[[151.1888872,-33.9302428],[151.1890796,-33.9211532],[151.189272,-33.9120635],[151.1894642,-33.9029739],[151.1896564,-33.8938842],[151.1898485,-33.8847945],[151.1900405,-33.8757048],[151.1902324,-33.8666151],[151.1904242,-33.8575254],[151.1906159,-33.8484356],[151.1908076,-33.8393458],[151.1909991,-33.8302561],[151.1911906,-33.8211663]]}},{"type":"Feature","properties":{"axis":"E","value":332700,"spacing":100,"datum":"gda94"},"geometry":{"type":"LineString","coordinates":[[151.1899687,-33.9302587],[151.190161,-33.9211691],[151.1903532,-33.9120794],[151.1905453,-33.9029898],[151.1907374,-33.8939001],[151.1909293,-33.8848104],[151.1911212,-33.8757207],[151.191313,-33.866631],[151.1915047,-33.8575412],[151.1916963,-33.8484515],[151.1918879,-33.8393617],[151.1920793,-33.8302719],[151.1922707,-33.8211821]]}},{"type":"Feature","properties":{"axis":"E","value":332800,"spacing":100,"datum":"gda94"},"geometry":{"type":"LineString","coordinates":[[151.1910501,-33.9302746],[151.1912423,-33.921185],[151.1914344,-33.9120953],[151.1916264,-33.9030056],[151.1918183,-33.893916],[151.1920102,-33.8848263],[151.192202,-33.8757365],[151.1923936,-33.8666468],[151.1925852,-33.8575571],[151.1927767,-33.8484673],[151.1929682,-33.8393775],[151.1931595,-33.8302878],[151.1933507,-33.821198]]}},{"type":"Feature","properties":{"axis":"E","value":332900,"spacing":100,"datum":"gda94"},"geometry":{"type":"LineString","coordinates":[[151.1921315,-33.9302905],[151.1923236,-33.9212008],[151.1925156,-33.9121112],[151.1927075,-33.9030215],[151.1928993,-33.8939318],[151.1930911,-33.8848421],[151.1932827,-33.8757524],[151.1934743,-33.8666627],[151.1936658,-33.8575729],[151.1938571,-33.8484832],[151.1940485,-33.8393934],[151.1942397,-33.8303036],[151.1944308,-33.8212138]]}},{"type":"Feature","properties":{"axis":"E","value":333100,"spacing":100,"datum":"gda94"},"geometry":{"type":"LineString","coordinates":[[151.1942944,-33.9303222],[151.1944863,-33.9212326],[151.194678,-33.9121429],[151.1948697,-33.9030532],[151.1950613,-33.8939635],[151.1952528,-33.8848738],[151.1954442,-33.8757841],[151.1956356,-33.8666943],[151.1958268,-33.8576046],[151.196018,-33.8485148],[151.196209,-33.839425],[151.1964,-33.8303352],[151.1965909,-33.8212454]]}},{"type":"Feature","properties":{"axis":"E","value":333200,"spacing":100,"datum":"gda94"},"geometry":{"type":"LineString","coordinates":[[151.1953759,-33.9303381],[151.1955676,-33.9212484],[151.1957592,-33.9121588],[151.1959508,-33.9030691],[151.1961423,-33.8939794],[151.1963337,-33.8848896],[151.196525,-33.8757999],[151.1967162,-33.8667102],[151.1969073,-33.8576204],[151.1970984,-33.8485306],[151.1972893,-33.8394408],[151.1974802,-33.830351],[151.197671,-33.8212612]]}},{"type":"Feature","properties":{"axis":"E","value":333300,"spacing":100,"datum":"gda94"},"geometry":{"type":"LineString","coordinates":[[151.1964573,-33.9303539],[151.1966489,-33.9212643],[151.1968404,-33.9121746],[151.1970319,-33.9030849],[151.1972233,-33.8939952],[151.1974145,-33.8849055],[151.1976057,-33.8758157],[151.1977968,-33.866726],[151.1979879,-33.8576362],[151.1981788,-33.8485464],[151.1983696,-33.8394566],[151.1985604,-33.8303668],[151.1987511,-33.821277]]}},{"type":"Feature","properties":{"axis":"E","value":333400,"spacing":100,"datum":"gda94"},"geometry":{"type":"LineString","coordinates":[[151.1975387,-33.9303698],[151.1977302,-33.9212801],[151.1979217,-33.9121904],[151.198113,-33.9031007],[151.1983042,-33.894011],[151.1984954,-33.8849213],[151.1986865,-33.8758315],[151.1988775,-33.8667418],[151.1990684,-33.857652],[151.1992592,-33.8485622],[151.1994499,-33.8394724],[151.1996406,-33.8303826],[151.1998311,-33.8212928]]}},{"type":"Feature","properties":{"axis":"E","value":333500,"spacing":100,"datum":"gda94"},"geometry":{"type":"LineString","coordinates":[[151.1986202,-33.9303856],[151.1988116,-33.9212959],[151.1990029,-33.9122062],[151.1991941,-33.9031165],[151.1993852,-33.8940268],[151.1995763,-33.8849371],[151.1997672,-33.8758473],[151.1999581,-33.8667576],[151.2001489,-33.8576678],[151.2003396,-33.848578],[151.2005302,-33.8394882],[151.2007208,-33.8303984],[151.2009112,-33.8213085]]}},{"type":"Feature","properties":{"axis":"E","value":333600,"spacing":100,"datum":"gda94"},"geometry":{"type":"LineString","coordinates":[[151.1997016,-33.9304014],[151.1998929,-33.9213118],[151.2000841,-33.9122221],[151.2002752,-33.9031323],[151.2004662,-33.8940426],[151.2006571,-33.8849529],[151.200848,-33.8758631],[151.2010388,-33.8667733],[151.2012294,-33.8576836],[151.20142,-33.8485938],[151.2016105,-33.8395039],[151.2018009,-33.8304141],[151.2019913,-33.8213243]]}},{"type":"Feature","properties":{"axis":"E","value":333700,"spacing":100,"datum":"gda94"},"geometry":{"type":"LineString","coordinates":[[151.2007831,-33.9304173],[151.2009742,-33.9213276],[151.2011653,-33.9122379],[151.2013563,-33.9031481],[151.2015472,-33.8940584],[151.201738,-33.8849687],[151.2019288,-33.8758789],[151.2021194,-33.8667891],[151.20231,-33.8576993],[151.2025004,-33.8486095],[151.2026908,-33.8395197],[151.2028811,-33.8304299],[151.2030714,-33.82134]]}},{"type":"Feature","properties":{"axis":"E","value":333800,"spacing":100,"datum":"gda94"},"geometry":{"type":"LineString","coordinates":[[151.2018645,-33.9304331],[151.2020556,-33.9213434],[151.2022465,-33.9122536],[151.2024374,-33.9031639],[151.2026282,-33.8940742],[151.2028189,-33.8849844],[151.2030095,-33.8758947],[151.2032,-33.8668049],[151.2033905,-33.8577151],[151.2035809,-33.8486253],[151.2037711,-33.8395354],[151.2039613,-33.8304456],[151.2041514,-33.8213558]]}},{"type":"Feature","properties":{"axis":"E","value":333900,"spacing":100,"datum":"gda94"},"geometry":{"type":"LineString","coordinates":[[151.202946,-33.9304488],[151.2031369,-33.9213591],[151.2033277,-33.9122694],[151.2035185,-33.9031797],[151.2037092,-33.89409],[151.2038998,-33.8850002],[151.2040903,-33.8759104],[151.2042807,-33.8668206],[151.204471,-33.8577308],[151.2046613,-33.848641],[151.2048514,-33.8395512],[151.2050415,-33.8304613],[151.2052315,-33.8213715]]}},{"type":"Feature","properties":{"axis":"E","value":334100,"spacing":100,"datum":"gda94"},"geometry":{"type":"LineString","coordinates":[[151.2051089,-33.9304804],[151.2052996,-33.9213907],[151.2054902,-33.912301],[151.2056807,-33.9032112],[151.2058712,-33.8941215],[151.2060615,-33.8850317],[151.2062518,-33.8759419],[151.206442,-33.8668521],[151.2066321,-33.8577623],[151.2068221,-33.8486725],[151.207012,-33.8395826],[151.2072019,-33.8304928],[151.2073917,-33.8214029]]}},{"type":"Feature","properties":{"axis":"E","value":334200,"spacing":100,"datum":"gda94"},"geometry":{"type":"LineString","coordinates":[[151.2061903,-33.9304962],[151.2063809,-33.9214064],[151.2065714,-33.9123167],[151.2067618,-33.903227],[151.2069521,-33.8941372],[151.2071424,-33.8850474],[151.2073326,-33.8759576],[151.2075226,-33.8668678],[151.2077126,-33.857778],[151.2079025,-33.8486882],[151.2080923,-33.8395983],[151.2082821,-33.8305085],[151.2084717,-33.8214186]]}},{"type":"Feature","properties":{"axis":"E","value":334300,"spacing":100,"datum":"gda94"},"geometry":{"type":"LineString","coordinates":[[151.2072718,-33.9305119],[151.2074622,-33.9214222],[151.2076526,-33.9123325],[151.2078429,-33.9032427],[151.2080331,-33.8941529],[151.2082233,-33.8850632],[151.2084133,-33.8759734],[151.2086033,-33.8668836],[151.2087932,-33.8577937],[151.2089829,-33.8487039],[151.2091726,-33.839614],[151.2093623,-33.8305242],[151.2095518,-33.8214343]]}},{"type":"Feature","properties":{"axis":"E","value":334400,"spacing":100,"datum":"gda94"},"geometry":{"type":"LineString","coordinates":[[151.2083532,-33.9305277],[151.2085436,-33.9214379],[151.2087338,-33.9123482],[151.208924,-33.9032584],[151.2091141,-33.8941687],[151.2093041,-33.8850789],[151.2094941,-33.8759891],[151.2096839,-33.8668993],[151.2098737,-33.8578094],[151.2100634,-33.8487196],[151.210253,-33.8396297],[151.2104425,-33.8305399],[151.2106319,-33.82145]]}},{"type":"Feature","properties":{"axis":"E","value":334500,"spacing":100,"datum":"gda94"},"geometry":{"type":"LineString","coordinates":[[151.2094347,-33.9305434],[151.2096249,-33.9214537],[151.2098151,-33.9123639],[151.2100051,-33.9032742],[151.2101951,-33.8941844],[151.210385,-33.8850946],[151.2105748,-33.8760048],[151.2107646,-33.866915],[151.2109542,-33.8578251],[151.2111438,-33.8487353],[151.2113333,-33.8396454],[151.2115227,-33.8305555],[151.211712,-33.8214657]]}},{"type":"Feature","properties":{"axis":"E","value":334600,"spacing":100,"datum":"gda94"},"geometry":{"type":"LineString","coordinates":[[151.2105161,-33.9305591],[151.2107062,-33.9214694],[151.2108963,-33.9123796],[151.2110862,-33.9032899],[151.2112761,-33.8942001],[151.2114659,-33.8851103],[151.2116556,-33.8760205],[151.2118452,-33.8669307],[151.2120348,-33.8578408],[151.2122242,-33.848751],[151.2124136,-33.8396611],[151.2126028,-33.8305712],[151.212792,-33.8214813]]}},{"type":"Feature","properties":{"axis":"E","value":334700,"spacing":100,"datum":"gda94"},"geometry":{"type":"LineString","coordinates":[[151.2115976,-33.9305748],[151.2117876,-33.9214851],[151.2119775,-33.9123953],[151.2121674,-33.9033056],[151.2123571,-33.8942158],[151.2125468,-33.885126],[151.2127364,-33.8760362],[151.2129259,-33.8669463],[151.2131153,-33.8578565],[151.2133046,-33.8487666],[151.2134939,-33.8396768],[151.213683,-33.8305869],[151.2138721,-33.821497]]}},{"type":"Feature","properties":{"axis":"E","value":334800,"spacing":100,"datum":"gda94"},"geometry":{"type":"LineString","coordinates":[[151.212679,-33.9305905],[151.2128689,-33.9215008],[151.2130587,-33.912411],[151.2132485,-33.9033213],[151.2134381,-33.8942315],[151.2136277,-33.8851417],[151.2138171,-33.8760518],[151.2140065,-33.866962],[151.2141958,-33.8578722],[151.2143851,-33.8487823],[151.2145742,-33.8396924],[151.2147632,-33.8306025],[151.2149522,-33.8215126]]}},{"type":"Feature","properties":{"axis":"E","value":334900,"spacing":100,"datum":"gda94"},"geometry":{"type":"LineString","coordinates":[[151.2137605,-33.9306062],[151.2139503,-33.9215165],[151.21414,-33.9124267],[151.2143296,-33.9033369],[151.2145191,-33.8942471],[151.2147086,-33.8851573],[151.2148979,-33.8760675],[151.2150872,-33.8669777],[151.2152764,-33.8578878],[151.2154655,-33.8487979],[151.2156545,-33.8397081],[151.2158434,-33.8306182],[151.2160323,-33.8215282]]}},{"type":"Feature","properties":{"axis":"E","value":335100,"spacing":100,"datum":"gda94"},"geometry":{"type":"LineString","coordinates":[[151.2159234,-33.9306376],[151.2161129,-33.9215478],[151.2163024,-33.9124581],[151.2164918,-33.9033683],[151.2166811,-33.8942785],[151.2168703,-33.8851886],[151.2170594,-33.8760988],[151.2172485,-33.867009],[151.2174375,-33.8579191],[151.2176263,-33.8488292],[151.2178151,-33.8397393],[151.2180038,-33.8306494],[151.2181925,-33.8215595]]}},{"type":"Feature","properties":{"axis":"E","value":335200,"spacing":100,"datum":"gda94"},"geometry":{"type":"LineString","coordinates":[[151.2170049,-33.9306533],[151.2171943,-33.9215635],[151.2173836,-33.9124737],[151.2175729,-33.9033839],[151.2177621,-33.8942941],[151.2179512,-33.8852043],[151.2181402,-33.8761144],[151.2183292,-33.8670246],[151.218518,-33.8579347],[151.2187068,-33.8488448],[151.2188954,-33.8397549],[151.219084,-33.830665],[151.2192725,-33.8215751]]}},{"type":"Feature","properties":{"axis":"E","value":335300,"spacing":100,"datum":"gda94"},"geometry":{"type":"LineString","coordinates":[[151.2180863,-33.9306689],[151.2182756,-33.9215792],[151.2184649,-33.9124894],[151.218654,-33.9033996],[151.2188431,-33.8943097],[151.2190321,-33.8852199],[151.219221,-33.8761301],[151.2194098,-33.8670402],[151.2195985,-33.8579503],[151.2197872,-33.8488604],[151.2199757,-33.8397705],[151.2201642,-33.8306806],[151.2203526,-33.8215907]]}},{"type":"Feature","properties":{"axis":"E","value":335400,"spacing":100,"datum":"gda94"},"geometry":{"type":"LineString","coordinates":[[151.2191678,-33.9306846],[151.219357,-33.9215948],[151.2195461,-33.912505],[151.2197351,-33.9034152],[151.2199241,-33.8943254],[151.220113,-33.8852355],[151.2203018,-33.8761457],[151.2204905,-33.8670558],[151.2206791,-33.8579659],[151.2208676,-33.848876],[151.2210561,-33.8397861],[151.2212444,-33.8306962],[151.2214327,-33.8216063]]}},{"type":"Feature","properties":{"axis":"E","value":335500,"spacing":100,"datum":"gda94"},"geometry":{"type":"LineString","coordinates":[[151.2202492,-33.9307002],[151.2204383,-33.9216104],[151.2206273,-33.9125206],[151.2208163,-33.9034308],[151.2210051,-33.894341],[151.2211939,-33.8852512],[151.2213825,-33.8761613],[151.2215711,-33.8670714],[151.2217596,-33.8579815],[151.221948,-33.8488916],[151.2221364,-33.8398017],[151.2223246,-33.8307118],[151.2225128,-33.8216218]]}},{"type":"Feature","properties":{"axis":"E","value":335600,"spacing":100,"datum":"gda94"},"geometry":{"type":"LineString","coordinates":[[151.2213307,-33.9307159],[151.2215197,-33.9216261],[151.2217086,-33.9125363],[151.2218974,-33.9034464],[151.2220861,-33.8943566],[151.2222748,-33.8852668],[151.2224633,-33.8761769],[151.2226518,-33.867087],[151.2228402,-33.8579971],[151.2230285,-33.8489072],[151.2232167,-33.8398173],[151.2234048,-33.8307274],[151.2235929,-33.8216374]]}},{"type":"Feature","properties":{"axis":"E","value":335700,"spacing":100,"datum":"gda94"},"geometry":{"type":"LineString","coordinates":[[151.2224122,-33.9307315],[151.222601,-33.9216417],[151.2227898,-33.9125519],[151.2229785,-33.903462],[151.2231671,-33.8943722],[151.2233556,-33.8852824],[151.2235441,-33.8761925],[151.2237324,-33.8671026],[151.2239207,-33.8580127],[151.2241089,-33.8489228],[151.224297,-33.8398329],[151.224485,-33.8307429],[151.224673,-33.821653]]}},{"type":"Feature","properties":{"axis":"E","value":335800,"spacing":100,"datum":"gda94"},"geometry":{"type":"LineString","coordinates":[[151.2234936,-33.9307471],[151.2236824,-33.9216573],[151.223871,-33.9125675],[151.2240596,-33.9034776],[151.2242481,-33.8943878],[151.2244365,-33.8852979],[151.2246249,-33.8762081],[151.2248131,-33.8671182],[151.2250013,-33.8580283],[151.2251893,-33.8489384],[151.2253773,-33.8398484],[151.2255652,-33.8307585],[151.2257531,-33.8216685]]}},{"type":"Feature","properties":{"axis":"E","value":335900,"spacing":100,"datum":"gda94"},"geometry":{"type":"LineString","coordinates":[[151.2245751,-33.9307627],[151.2247637,-33.9216729],[151.2249523,-33.9125831],[151.2251407,-33.9034932],[151.2253291,-33.8944034],[151.2255174,-33.8853135],[151.2257056,-33.8762236],[151.2258938,-33.8671337],[151.2260818,-33.8580438],[151.2262698,-33.8489539],[151.2264576,-33.839864],[151.2266454,-33.830774],[151.2268331,-33.8216841]]}},{"type":"Feature","properties":{"axis":"E","value":336100,"spacing":100,"datum":"gda94"},"geometry":{"type":"LineString","coordinates":[[151.226738,-33.9307939],[151.2269264,-33.9217041],[151.2271147,-33.9126142],[151.227303,-33.9035244],[151.2274911,-33.8944345],[151.2276792,-33.8853446],[151.2278672,-33.8762547],[151.2280551,-33.8671648],[151.2282429,-33.8580749],[151.2284306,-33.848985],[151.2286183,-33.839895],[151.2288059,-33.8308051],[151.2289933,-33.8217151]]}},{"type":"Feature","properties":{"axis":"E","value":336200,"spacing":100,"datum":"gda94"},"geometry":{"type":"LineString","coordinates":[[151.2278195,-33.9308094],[151.2280078,-33.9217196],[151.228196,-33.9126298],[151.2283841,-33.9035399],[151.2285721,-33.8944501],[151.2287601,-33.8853602],[151.228948,-33.8762703],[151.2291358,-33.8671804],[151.2293235,-33.8580905],[151.2295111,-33.8490005],[151.2296986,-33.8399106],[151.2298861,-33.8308206],[151.2300734,-33.8217306]]}},{"type":"Feature","properties":{"axis":"E","value":336300,"spacing":100,"datum":"gda94"},"geometry":{"type":"LineString","coordinates":[[151.2289009,-33.930825],[151.2290891,-33.9217352],[151.2292772,-33.9126453],[151.2294652,-33.9035555],[151.2296532,-33.8944656],[151.229841,-33.8853757],[151.2300287,-33.8762858],[151.2302164,-33.8671959],[151.230404,-33.858106],[151.2305915,-33.849016],[151.2307789,-33.8399261],[151.2309663,-33.8308361],[151.2311535,-33.8217461]]}},{"type":"Feature","properties":{"axis":"E","value":336400,"spacing":100,"datum":"gda94"},"geometry":{"type":"LineString","coordinates":[[151.2299824,-33.9308406],[151.2301705,-33.9217507],[151.2303585,-33.9126609],[151.2305464,-33.903571],[151.2307342,-33.8944811],[151.2309219,-33.8853912],[151.2311095,-33.8763013],[151.2312971,-33.8672114],[151.2314846,-33.8581215],[151.2316719,-33.8490315],[151.2318593,-33.8399416],[151.2320465,-33.8308516],[151.2322336,-33.8217616]]}},{"type":"Feature","properties":{"axis":"E","value":336500,"spacing":100,"datum":"gda94"},"geometry":{"type":"LineString","coordinates":[[151.2310639,-33.9308561],[151.2312518,-33.9217663],[151.2314397,-33.9126764],[151.2316275,-33.9035865],[151.2318152,-33.8944967],[151.2320028,-33.8854068],[151.2321903,-33.8763169],[151.2323778,-33.8672269],[151.2325651,-33.858137],[151.2327524,-33.849047],[151.2329396,-33.8399571],[151.2331267,-33.8308671],[151.2333137,-33.8217771]]}},{"type":"Feature","properties":{"axis":"E","value":336600,"spacing":100,"datum":"gda94"},"geometry":{"type":"LineString","coordinates":[[151.2321454,-33.9308716],[151.2323332,-33.9217818],[151.2325209,-33.9126919],[151.2327086,-33.9036021],[151.2328962,-33.8945122],[151.2330837,-33.8854223],[151.2332711,-33.8763324],[151.2334584,-33.8672424],[151.2336457,-33.8581525],[151.2338328,-33.8490625],[151.2340199,-33.8399725],[151.2342069,-33.8308826],[151.2343938,-33.8217926]]}},{"type":"Feature","properties":{"axis":"E","value":336700,"spacing":100,"datum":"gda94"},"geometry":{"type":"LineString","coordinates":[[151.2332268,-33.9308872],[151.2334145,-33.9217973],[151.2336022,-33.9127075],[151.2337897,-33.9036176],[151.2339772,-33.8945277],[151.2341646,-33.8854378],[151.2343519,-33.8763479],[151.2345391,-33.8672579],[151.2347262,-33.858168],[151.2349133,-33.849078],[151.2351002,-33.839988],[151.2352871,-33.830898],[151.2354739,-33.821808]]}},{"type":"Feature","properties":{"axis":"E","value":336800,"spacing":100,"datum":"gda94"},"geometry":{"type":"LineString","coordinates":[[151.2343083,-33.9309027],[151.2344959,-33.9218128],[151.2346834,-33.912723],[151.2348709,-33.9036331],[151.2350582,-33.8945432],[151.2352455,-33.8854533],[151.2354327,-33.8763633],[151.2356198,-33.8672734],[151.2358068,-33.8581834],[151.2359937,-33.8490935],[151.2361806,-33.8400035],[151.2363673,-33.8309135],[151.236554,-33.8218235]]}},{"type":"Feature","properties":{"axis":"E","value":336900,"spacing":100,"datum":"gda94"},"geometry":{"type":"LineString","coordinates":[[151.2353898,-33.9309182],[151.2355773,-33.9218283],[151.2357647,-33.9127385],[151.235952,-33.9036486],[151.2361392,-33.8945587],[151.2363264,-33.8854687],[151.2365134,-33.8763788],[151.2367004,-33.8672889],[151.2368873,-33.8581989],[151.2370741,-33.8491089],[151.2372609,-33.8400189],[151.2374475,-33.8309289],[151.2376341,-33.8218389]]}},{"type":"Feature","properties":{"axis":"E","value":337100,"spacing":100,"datum":"gda94"},"geometry":{"type":"LineString","coordinates":[[151.2375527,-33.9309492],[151.23774,-33.9218593],[151.2379271,-33.9127694],[151.2381142,-33.9036795],[151.2383012,-33.8945896],[151.2384882,-33.8854997],[151.238675,-33.8764097],[151.2388618,-33.8673198],[151.2390484,-33.8582298],[151.239235,-33.8491398],[151.2394215,-33.8400498],[151.239608,-33.8309598],[151.2397943,-33.8218698]]}},{"type":"Feature","properties":{"axis":"E","value":337200,"spacing":100,"datum":"gda94"},"geometry":{"type":"LineString","coordinates":[[151.2386342,-33.9309647],[151.2388213,-33.9218748],[151.2390084,-33.9127849],[151.2391954,-33.903695],[151.2393823,-33.8946051],[151.2395691,-33.8855151],[151.2397558,-33.8764252],[151.2399424,-33.8673352],[151.240129,-33.8582452],[151.2403155,-33.8491553],[151.2405019,-33.8400652],[151.2406882,-33.8309752],[151.2408744,-33.8218852]]}},{"type":"Feature","properties":{"axis":"E","value":337300,"spacing":100,"datum":"gda94"},"geometry":{"type":"LineString","coordinates":[[151.2397157,-33.9309801],[151.2399027,-33.9218902],[151.2400896,-33.9128004],[151.2402765,-33.9037104],[151.2404633,-33.8946205],[151.24065,-33.8855306],[151.2408366,-33.8764406],[151.2410231,-33.8673507],[151.2412096,-33.8582607],[151.2413959,-33.8491707],[151.2415822,-33.8400807],[151.2417684,-33.8309906],[151.2419545,-33.8219006]]}},{"type":"Feature","properties":{"axis":"E","value":337400,"spacing":100,"datum":"gda94"},"geometry":{"type":"LineString","coordinates":[[151.2407971,-33.9309956],[151.2409841,-33.9219057],[151.2411709,-33.9128158],[151.2413576,-33.9037259],[151.2415443,-33.894636],[151.2417309,-33.885546],[151.2419174,-33.8764561],[151.2421038,-33.8673661],[151.2422901,-33.8582761],[151.2424764,-33.8491861],[151.2426625,-33.8400961],[151.2428486,-33.831006],[151.2430346,-33.821916]]}},{"type":"Feature","properties":{"axis":"E","value":337500,"spacing":100,"datum":"gda94"},"geometry":{"type":"LineString","coordinates":[[151.2418786,-33.931011],[151.2420654,-33.9219211],[151.2422521,-33.9128312],[151.2424388,-33.9037413],[151.2426253,-33.8946514],[151.2428118,-33.8855614],[151.2429982,-33.8764715],[151.2431845,-33.8673815],[151.2433707,-33.8582915],[151.2435568,-33.8492015],[151.2437429,-33.8401115],[151.2439288,-33.8310214],[151.2441147,-33.8219314]]}},{"type":"Feature","properties":{"axis":"E","value":337600,"spacing":100,"datum":"gda94"},"geometry":{"type":"LineString","coordinates":[[151.2429601,-33.9310265],[151.2431468,-33.9219366],[151.2433334,-33.9128467],[151.2435199,-33.9037567],[151.2437063,-33.8946668],[151.2438927,-33.8855768],[151.244079,-33.8764869],[151.2442651,-33.8673969],[151.2444512,-33.8583069],[151.2446373,-33.8492169],[151.2448232,-33.8401269],[151.245009,-33.8310368],[151.2451948,-33.8219468]]}},{"type":"Feature","properties":{"axis":"E","value":337700,"spacing":100,"datum":"gda94"},"geometry":{"type":"LineString","coordinates":[[151.2440416,-33.9310419],[151.2442281,-33.921952],[151.2444146,-33.9128621],[151.244601,-33.9037722],[151.2447874,-33.8946822],[151.2449736,-33.8855923],[151.2451597,-33.8765023],[151.2453458,-33.8674123],[151.2455318,-33.8583223],[151.2457177,-33.8492323],[151.2459035,-33.8401422],[151.2460893,-33.8310522],[151.2462749,-33.8219621]]}},{"type":"Feature","properties":{"axis":"E","value":337800,"spacing":100,"datum":"gda94"},"geometry":{"type":"LineString","coordinates":[[151.2451231,-33.9310573],[151.2453095,-33.9219674],[151.2454959,-33.9128775],[151.2456822,-33.9037876],[151.2458684,-33.8946976],[151.2460545,-33.8856077],[151.2462405,-33.8765177],[151.2464265,-33.8674277],[151.2466124,-33.8583377],[151.2467982,-33.8492476],[151.2469839,-33.8401576],[151.2471695,-33.8310676],[151.247355,-33.8219775]]}},{"type":"Feature","properties":{"axis":"E","value":337900,"spacing":100,"datum":"gda94"},"geometry":{"type":"LineString","coordinates":[[151.2462045,-33.9310727],[151.2463909,-33.9219828],[151.2465771,-33.9128929],[151.2467633,-33.903803],[151.2469494,-33.894713],[151.2471354,-33.885623],[151.2473213,-33.8765331],[151.2475072,-33.8674431],[151.2476929,-33.858353],[151.2478786,-33.849263],[151.2480642,-33.840173],[151.2482497,-33.8310829],[151.2484351,-33.8219928]]}},{"type":"Feature","properties":{"axis":"E","value":338100,"spacing":100,"datum":"gda94"},"geometry":{"type":"LineString","coordinates":[[151.2483675,-33.9311035],[151.2485536,-33.9220136],[151.2487396,-33.9129237],[151.2489256,-33.9038337],[151.2491114,-33.8947438],[151.2492972,-33.8856538],[151.2494829,-33.8765638],[151.2496685,-33.8674738],[151.2498541,-33.8583838],[151.2500395,-33.8492937],[151.2502249,-33.8402037],[151.2504101,-33.8311136],[151.2505953,-33.8220235]]}},{"type":"Feature","properties":{"axis":"E","value":338200,"spacing":100,"datum":"gda94"},"geometry":{"type":"LineString","coordinates":[[151.249449,-33.9311189],[151.249635,-33.922029],[151.2498209,-33.9129391],[151.2500067,-33.9038491],[151.2501925,-33.8947591],[151.2503781,-33.8856691],[151.2505637,-33.8765791],[151.2507492,-33.8674891],[151.2509346,-33.8583991],[151.25112,-33.849309],[151.2513052,-33.840219],[151.2514904,-33.8311289],[151.2516755,-33.8220388]]}},{"type":"Feature","properties":{"axis":"E","value":338300,"spacing":100,"datum":"gda94"},"geometry":{"type":"LineString","coordinates":[[151.2505305,-33.9311343],[151.2507163,-33.9220444],[151.2509021,-33.9129544],[151.2510879,-33.9038645],[151.2512735,-33.8947745],[151.251459,-33.8856845],[151.2516445,-33.8765945],[151.2518299,-33.8675045],[151.2520152,-33.8584144],[151.2522004,-33.8493244],[151.2523855,-33.8402343],[151.2525706,-33.8311442],[151.2527556,-33.8220541]]}},{"type":"Feature","properties":{"axis":"E","value":338400,"spacing":100,"datum":"gda94"},"geometry":{"type":"LineString","coordinates":[[151.2516119,-33.9311497],[151.2517977,-33.9220597],[151.2519834,-33.9129698],[151.252169,-33.9038798],[151.2523545,-33.8947898],[151.25254,-33.8856998],[151.2527253,-33.8766098],[151.2529106,-33.8675198],[151.2530958,-33.8584297],[151.2532809,-33.8493397],[151.2534659,-33.8402496],[151.2536508,-33.8311595],[151.2538357,-33.8220694]]}},{"type":"Feature","properties":{"axis":"E","value":338500,"spacing":100,"datum":"gda94"},"geometry":{"type":"LineString","coordinates":[[151.2526934,-33.931165],[151.2528791,-33.9220751],[151.2530647,-33.9129851],[151.2532501,-33.9038951],[151.2534355,-33.8948052],[151.2536209,-33.8857152],[151.2538061,-33.8766251],[151.2539913,-33.8675351],[151.2541763,-33.8584451],[151.2543613,-33.849355],[151.2545462,-33.8402649],[151.254731,-33.8311748],[151.2549158,-33.8220847]]}},{"type":"Feature","properties":{"axis":"E","value":338600,"spacing":100,"datum":"gda94"},"geometry":{"type":"LineString","coordinates":[[151.2537749,-33.9311804],[151.2539605,-33.9220904],[151.2541459,-33.9130005],[151.2543313,-33.9039105],[151.2545166,-33.8948205],[151.2547018,-33.8857305],[151.2548869,-33.8766405],[151.2550719,-33.8675504],[151.2552569,-33.8584604],[151.2554418,-33.8493703],[151.2556266,-33.8402802],[151.2558113,-33.8311901],[151.2559959,-33.8221]]}},{"type":"Feature","properties":{"axis":"E","value":338700,"spacing":100,"datum":"gda94"},"geometry":{"type":"LineString","coordinates":[[151.2548564,-33.9311957],[151.2550418,-33.9221058],[151.2552272,-33.9130158],[151.2554124,-33.9039258],[151.2555976,-33.8948358],[151.2557827,-33.8857458],[151.2559677,-33.8766558],[151.2561526,-33.8675657],[151.2563375,-33.8584757],[151.2565222,-33.8493856],[151.2567069,-33.8402955],[151.2568915,-33.8312054],[151.257076,-33.8221153]]}},{"type":"Feature","properties":{"axis":"E","value":338800,"spacing":100,"datum":"gda94"},"geometry":{"type":"LineString","coordinates":[[151.2559379,-33.931211],[151.2561232,-33.9221211],[151.2563084,-33.9130311],[151.2564936,-33.9039411],[151.2566786,-33.8948511],[151.2568636,-33.8857611],[151.2570485,-33.8766711],[151.2572333,-33.867581],[151.257418,-33.8584909],[151.2576027,-33.8494009],[151.2577872,-33.8403108],[151.2579717,-33.8312207],[151.2581561,-33.8221306]]}},{"type":"Feature","properties":{"axis":"E","value":338900,"spacing":100,"datum":"gda94"},"geometry":{"type":"LineString","coordinates":[[151.2570194,-33.9312264],[151.2572046,-33.9221364],[151.2573897,-33.9130464],[151.2575747,-33.9039564],[151.2577597,-33.8948664],[151.2579445,-33.8857764],[151.2581293,-33.8766863],[151.258314,-33.8675963],[151.2584986,-33.8585062],[151.2586831,-33.8494161],[151.2588676,-33.840326],[151.259052,-33.8312359],[151.2592362,-33.8221458]]}},{"type":"Feature","properties":{"axis":"E","value":339100,"spacing":100,"datum":"gda94"},"geometry":{"type":"LineString","coordinates":[[151.2591824,-33.931257],[151.2593673,-33.922167],[151.2595522,-33.913077],[151.259737,-33.903987],[151.2599217,-33.894897],[151.2601064,-33.8858069],[151.2602909,-33.8767169],[151.2604754,-33.8676268],[151.2606598,-33.8585367],[151.2608441,-33.8494467],[151.2610283,-33.8403566],[151.2612124,-33.8312664],[151.2613965,-33.8221763]]}},{"type":"Feature","properties":{"axis":"E","value":339200,"spacing":100,"datum":"gda94"},"geometry":{"type":"LineString","coordinates":[[151.2602639,-33.9312722],[151.2604487,-33.9221823],[151.2606335,-33.9130923],[151.2608182,-33.9040023],[151.2610028,-33.8949122],[151.2611873,-33.8858222],[151.2613717,-33.8767321],[151.2615561,-33.8676421],[151.2617403,-33.858552],[151.2619245,-33.8494619],[151.2621086,-33.8403718],[151.2622926,-33.8312817],[151.2624766,-33.8221915]]}},{"type":"Feature","properties":{"axis":"E","value":339300,"spacing":100,"datum":"gda94"},"geometry":{"type":"LineString","coordinates":[[151.2613453,-33.9312875],[151.2615301,-33.9221975],[151.2617147,-33.9131075],[151.2618993,-33.9040175],[151.2620838,-33.8949275],[151.2622682,-33.8858374],[151.2624525,-33.8767474],[151.2626368,-33.8676573],[151.2628209,-33.8585672],[151.263005,-33.8494771],[151.263189,-33.840387],[151.2633729,-33.8312969],[151.2635567,-33.8222067]]}},{"type":"Feature","properties":{"axis":"E","value":339400,"spacing":100,"datum":"gda94"},"geometry":{"type":"LineString","coordinates":[[151.2624268,-33.9313028],[151.2626115,-33.9222128],[151.262796,-33.9131228],[151.2629805,-33.9040328],[151.2631648,-33.8949427],[151.2633491,-33.8858527],[151.2635333,-33.8767626],[151.2637174,-33.8676726],[151.2639015,-33.8585825],[151.2640854,-33.8494924],[151.2642693,-33.8404022],[151.2644531,-33.8313121],[151.2646368,-33.8222219]]}},{"type":"Feature","properties":{"axis":"E","value":339500,"spacing":100,"datum":"gda94"},"geometry":{"type":"LineString","coordinates":[[151.2635083,-33.9313181],[151.2636928,-33.9222281],[151.2638773,-33.913138],[151.2640616,-33.904048],[151.2642459,-33.894958],[151.26443,-33.8858679],[151.2646141,-33.8767779],[151.2647981,-33.8676878],[151.2649821,-33.8585977],[151.2651659,-33.8495076],[151.2653497,-33.8404174],[151.2655333,-33.8313273],[151.2657169,-33.8222371]]}},{"type":"Feature","properties":{"axis":"E","value":339600,"spacing":100,"datum":"gda94"},"geometry":{"type":"LineString","coordinates":[[151.2645898,-33.9313333],[151.2647742,-33.9222433],[151.2649585,-33.9131533],[151.2651428,-33.9040633],[151.2653269,-33.8949732],[151.265511,-33.8858832],[151.2656949,-33.8767931],[151.2658788,-33.867703],[151.2660626,-33.8586129],[151.2662464,-33.8495228],[151.26643,-33.8404326],[151.2666136,-33.8313425],[151.2667971,-33.8222523]]}},{"type":"Feature","properties":{"axis":"E","value":339700,"spacing":100,"datum":"gda94"},"geometry":{"type":"LineString","coordinates":[[151.2656713,-33.9313485],[151.2658556,-33.9222585],[151.2660398,-33.9131685],[151.2662239,-33.9040785],[151.2664079,-33.8949884],[151.2665919,-33.8858984],[151.2667757,-33.8768083],[151.2669595,-33.8677182],[151.2671432,-33.8586281],[151.2673268,-33.849538],[151.2675104,-33.8404478],[151.2676938,-33.8313577],[151.2678772,-33.8222675]]}},{"type":"Feature","properties":{"axis":"E","value":339800,"spacing":100,"datum":"gda94"},"geometry":{"type":"LineString","coordinates":[[151.2667528,-33.9313638],[151.266937,-33.9222738],[151.2671211,-33.9131837],[151.2673051,-33.9040937],[151.267489,-33.8950036],[151.2676728,-33.8859136],[151.2678565,-33.8768235],[151.2680402,-33.8677334],[151.2682238,-33.8586433],[151.2684073,-33.8495532],[151.2685907,-33.840463],[151.2687741,-33.8313729],[151.2689573,-33.8222827]]}},{"type":"Feature","properties":{"axis":"E","value":339900,"spacing":100,"datum":"gda94"},"geometry":{"type":"LineString","coordinates":[[151.2678343,-33.931379],[151.2680184,-33.922289],[151.2682023,-33.913199],[151.2683862,-33.9041089],[151.26857,-33.8950188],[151.2687537,-33.8859288],[151.2689374,-33.8768387],[151.2691209,-33.8677486],[151.2693044,-33.8586585],[151.2694878,-33.8495683],[151.2696711,-33.8404782],[151.2698543,-33.831388],[151.2700374,-33.8222978]]}},{"type":"Feature","properties":{"axis":"E","value":340100,"spacing":100,"datum":"gda94"},"geometry":{"type":"LineString","coordinates":[[151.2699973,-33.9314094],[151.2701811,-33.9223194],[151.2703649,-33.9132294],[151.2705485,-33.9041393],[151.2707321,-33.8950492],[151.2709156,-33.8859591],[151.271099,-33.876869],[151.2712823,-33.8677789],[151.2714655,-33.8586888],[151.2716487,-33.8495987],[151.2718318,-33.8405085],[151.2720148,-33.8314183],[151.2721977,-33.8223281]]}},{"type":"Feature","properties":{"axis":"E","value":340200,"spacing":100,"datum":"gda94"},"geometry":{"type":"LineString","coordinates":[[151.2710788,-33.9314246],[151.2712625,-33.9223346],[151.2714461,-33.9132445],[151.2716297,-33.9041545],[151.2718131,-33.8950644],[151.2719965,-33.8859743],[151.2721798,-33.8768842],[151.272363,-33.8677941],[151.2725461,-33.8587039],[151.2727292,-33.8496138],[151.2729121,-33.8405236],[151.273095,-33.8314335],[151.2732778,-33.8223433]]}},{"type":"Feature","properties":{"axis":"E","value":340300,"spacing":100,"datum":"gda94"},"geometry":{"type":"LineString","coordinates":[[151.2721603,-33.9314398],[151.2723439,-33.9223498],[151.2725274,-33.9132597],[151.2727108,-33.9041696],[151.2728942,-33.8950796],[151.2730774,-33.8859895],[151.2732606,-33.8768994],[151.2734437,-33.8678092],[151.2736267,-33.8587191],[151.2738096,-33.8496289],[151.2739925,-33.8405388],[151.2741752,-33.8314486],[151.2743579,-33.8223584]]}},{"type":"Feature","properties":{"axis":"E","value":340400,"spacing":100,"datum":"gda94"},"geometry":{"type":"LineString","coordinates":[[151.2732418,-33.931455],[151.2734253,-33.9223649],[151.2736087,-33.9132749],[151.273792,-33.9041848],[151.2739752,-33.8950947],[151.2741584,-33.8860046],[151.2743414,-33.8769145],[151.2745244,-33.8678244],[151.2747073,-33.8587342],[151.2748901,-33.8496441],[151.2750728,-33.8405539],[151.2752555,-33.8314637],[151.2754381,-33.8223735]]}},{"type":"Feature","properties":{"axis":"E","value":340500,"spacing":100,"datum":"gda94"},"geometry":{"type":"LineString","coordinates":[[151.2743233,-33.9314701],[151.2745067,-33.9223801],[151.2746899,-33.91329],[151.2748731,-33.9042],[151.2750563,-33.8951099],[151.2752393,-33.8860198],[151.2754222,-33.8769296],[151.2756051,-33.8678395],[151.2757879,-33.8587493],[151.2759706,-33.8496592],[151.2761532,-33.840569],[151.2763357,-33.8314788],[151.2765182,-33.8223886]]}},{"type":"Feature","properties":{"axis":"E","value":340600,"spacing":100,"datum":"gda94"},"geometry":{"type":"LineString","coordinates":[[151.2754048,-33.9314853],[151.2755881,-33.9223952],[151.2757712,-33.9133052],[151.2759543,-33.9042151],[151.2761373,-33.895125],[151.2763202,-33.8860349],[151.276503,-33.8769448],[151.2766858,-33.8678546],[151.2768685,-33.8587645],[151.277051,-33.8496743],[151.2772336,-33.8405841],[151.277416,-33.8314939],[151.2775983,-33.8224037]]}},{"type":"Feature","properties":{"axis":"E","value":340700,"spacing":100,"datum":"gda94"},"geometry":{"type":"LineString","coordinates":[[151.2764863,-33.9315004],[151.2766694,-33.9224104],[151.2768525,-33.9133203],[151.2770355,-33.9042302],[151.2772183,-33.8951401],[151.2774011,-33.88605],[151.2775839,-33.8769599],[151.2777665,-33.8678697],[151.277949,-33.8587796],[151.2781315,-33.8496894],[151.2783139,-33.8405992],[151.2784962,-33.831509],[151.2786784,-33.8224188]]}},{"type":"Feature","properties":{"axis":"E","value":340800,"spacing":100,"datum":"gda94"},"geometry":{"type":"LineString","coordinates":[[151.2775678,-33.9315156],[151.2777508,-33.9224255],[151.2779338,-33.9133354],[151.2781166,-33.9042453],[151.2782994,-33.8951552],[151.2784821,-33.8860651],[151.2786647,-33.876975],[151.2788472,-33.8678848],[151.2790296,-33.8587947],[151.279212,-33.8497045],[151.2793943,-33.8406143],[151.2795765,-33.8315241],[151.2797586,-33.8224339]]}},{"type":"Feature","properties":{"axis":"E","value":340900,"spacing":100,"datum":"gda94"},"geometry":{"type":"LineString","coordinates":[[151.2786493,-33.9315307],[151.2788322,-33.9224406],[151.279015,-33.9133506],[151.2791978,-33.9042605],[151.2793804,-33.8951703],[151.279563,-33.8860802],[151.2797455,-33.8769901],[151.2799279,-33.8678999],[151.2801102,-33.8588098],[151.2802925,-33.8497196],[151.2804746,-33.8406294],[151.2806567,-33.8315392],[151.2808387,-33.8224489]]}},{"type":"Feature","properties":{"axis":"E","value":341100,"spacing":100,"datum":"gda94"},"geometry":{"type":"LineString","coordinates":[[151.2808123,-33.9315609],[151.280995,-33.9224709],[151.2811776,-33.9133808],[151.2813601,-33.9042907],[151.2815425,-33.8952005],[151.2817249,-33.8861104],[151.2819071,-33.8770202],[151.2820893,-33.8679301],[151.2822714,-33.8588399],[151.2824534,-33.8497497],[151.2826353,-33.8406595],[151.2828172,-33.8315693],[151.282999,-33.822479]]}},{"type":"Feature","properties":{"axis":"E","value":341200,"spacing":100,"datum":"gda94"},"geometry":{"type":"LineString","coordinates":[[151.2818938,-33.931576],[151.2820764,-33.922486],[151.2822589,-33.9133959],[151.2824413,-33.9043057],[151.2826236,-33.8952156],[151.2828058,-33.8861255],[151.2829879,-33.8770353],[151.28317,-33.8679451],[151.283352,-33.858855],[151.2835339,-33.8497648],[151.2837157,-33.8406745],[151.2838974,-33.8315843],[151.2840791,-33.8224941]]}},{"type":"Feature","properties":{"axis":"E","value":341300,"spacing":100,"datum":"gda94"},"geometry":{"type":"LineString","coordinates":[[151.2829754,-33.9315911],[151.2831578,-33.922501],[151.2833402,-33.9134109],[151.2835224,-33.9043208],[151.2837046,-33.8952307],[151.2838867,-33.8861405],[151.2840688,-33.8770504],[151.2842507,-33.8679602],[151.2844326,-33.85887],[151.2846144,-33.8497798],[151.2847961,-33.8406896],[151.2849777,-33.8315993],[151.2851592,-33.8225091]]}},{"type":"Feature","properties":{"axis":"E","value":341400,"spacing":100,"datum":"gda94"},"geometry":{"type":"LineString","coordinates":[[151.2840569,-33.9316062],[151.2842392,-33.9225161],[151.2844214,-33.913426],[151.2846036,-33.9043359],[151.2847857,-33.8952457],[151.2849677,-33.8861556],[151.2851496,-33.8770654],[151.2853314,-33.8679752],[151.2855132,-33.858885],[151.2856948,-33.8497948],[151.2858764,-33.8407046],[151.2860579,-33.8316144],[151.2862394,-33.8225241]]}},{"type":"Feature","properties":{"axis":"E","value":341500,"spacing":100,"datum":"gda94"},"geometry":{"type":"LineString","coordinates":[[151.2851384,-33.9316213],[151.2853206,-33.9225312],[151.2855027,-33.9134411],[151.2856848,-33.9043509],[151.2858667,-33.8952608],[151.2860486,-33.8861706],[151.2862304,-33.8770805],[151.2864121,-33.8679903],[151.2865938,-33.8589001],[151.2867753,-33.8498099],[151.2869568,-33.8407196],[151.2871382,-33.8316294],[151.2873195,-33.8225391]]}},{"type":"Feature","properties":{"axis":"E","value":341600,"spacing":100,"datum":"gda94"},"geometry":{"type":"LineString","coordinates":[[151.2862199,-33.9316363],[151.286402,-33.9225462],[151.286584,-33.9134561],[151.2867659,-33.904366],[151.2869478,-33.8952758],[151.2871295,-33.8861857],[151.2873112,-33.8770955],[151.2874928,-33.8680053],[151.2876744,-33.8589151],[151.2878558,-33.8498249],[151.2880372,-33.8407346],[151.2882184,-33.8316444],[151.2883996,-33.8225541]]}},{"type":"Feature","properties":{"axis":"E","value":341700,"spacing":100,"datum":"gda94"},"geometry":{"type":"LineString","coordinates":[[151.2873014,-33.9316514],[151.2874834,-33.9225613],[151.2876653,-33.9134712],[151.2878471,-33.904381],[151.2880288,-33.8952909],[151.2882105,-33.8862007],[151.2883921,-33.8771105],[151.2885735,-33.8680203],[151.288755,-33.8589301],[151.2889363,-33.8498399],[151.2891175,-33.8407496],[151.2892987,-33.8316594],[151.2894798,-33.8225691]]}},{"type":"Feature","properties":{"axis":"E","value":341800,"spacing":100,"datum":"gda94"},"geometry":{"type":"LineString","coordinates":[[151.2883829,-33.9316664],[151.2885648,-33.9225763],[151.2887466,-33.9134862],[151.2889283,-33.904396],[151.2891099,-33.8953059],[151.2892914,-33.8862157],[151.2894729,-33.8771255],[151.2896543,-33.8680353],[151.2898356,-33.8589451],[151.2900168,-33.8498549],[151.2901979,-33.8407646],[151.2903789,-33.8316744],[151.2905599,-33.8225841]]}},{"type":"Feature","properties":{"axis":"E","value":341900,"spacing":100,"datum":"gda94"},"geometry":{"type":"LineString","coordinates":[[151.2894644,-33.9316815],[151.2896462,-33.9225913],[151.2898278,-33.9135012],[151.2900094,-33.9044111],[151.2901909,-33.8953209],[151.2903724,-33.8862307],[151.2905537,-33.8771405],[151.290735,-33.8680503],[151.2909161,-33.8589601],[151.2910972,-33.8498699],[151.2912783,-33.8407796],[151.2914592,-33.8316893],[151.2916401,-33.8225991]]}},{"type":"Feature","properties":{"axis":"E","value":342100,"spacing":100,"datum":"gda94"},"geometry":{"type":"LineString","coordinates":[[151.2916274,-33.9317115],[151.291809,-33.9226214],[151.2919904,-33.9135312],[151.2921718,-33.9044411],[151.292353,-33.8953509],[151.2925342,-33.8862607],[151.2927154,-33.8771705],[151.2928964,-33.8680803],[151.2930773,-33.8589901],[151.2932582,-33.8498998],[151.293439,-33.8408095],[151.2936197,-33.8317193],[151.2938003,-33.822629]]}},{"type":"Feature","properties":{"axis":"E","value":342200,"spacing":100,"datum":"gda94"},"geometry":{"type":"LineString","coordinates":[[151.292709,-33.9317265],[151.2928904,-33.9226364],[151.2930717,-33.9135462],[151.2932529,-33.9044561],[151.2934341,-33.8953659],[151.2936152,-33.8862757],[151.2937962,-33.8771855],[151.2939771,-33.8680953],[151.2941579,-33.859005],[151.2943387,-33.8499148],[151.2945194,-33.8408245],[151.2947,-33.8317342],[151.2948805,-33.8226439]]}},{"type":"Feature","properties":{"axis":"E","value":342300,"spacing":100,"datum":"gda94"},"geometry":{"type":"LineString","coordinates":[[151.2937905,-33.9317415],[151.2939718,-33.9226514],[151.294153,-33.9135612],[151.2943341,-33.904471],[151.2945152,-33.8953808],[151.2946961,-33.8862907],[151.294877,-33.8772004],[151.2950578,-33.8681102],[151.2952385,-33.85902],[151.2954192,-33.8499297],[151.2955997,-33.8408394],[151.2957802,-33.8317492],[151.2959606,-33.8226589]]}},{"type":"Feature","properties":{"axis":"E","value":342400,"spacing":100,"datum":"gda94"},"geometry":{"type":"LineString","coordinates":[[151.294872,-33.9317565],[151.2950532,-33.9226663],[151.2952343,-33.9135762],[151.2954153,-33.904486],[151.2955962,-33.8953958],[151.2957771,-33.8863056],[151.2959578,-33.8772154],[151.2961385,-33.8681252],[151.2963191,-33.8590349],[151.2964997,-33.8499447],[151.2966801,-33.8408544],[151.2968605,-33.8317641],[151.2970408,-33.8226738]]}},{"type":"Feature","properties":{"axis":"E","value":342500,"spacing":100,"datum":"gda94"},"geometry":{"type":"LineString","coordinates":[[151.2959535,-33.9317715],[151.2961346,-33.9226813],[151.2963156,-33.9135911],[151.2964965,-33.904501],[151.2966773,-33.8954108],[151.296858,-33.8863206],[151.2970387,-33.8772303],[151.2972192,-33.8681401],[151.2973997,-33.8590498],[151.2975802,-33.8499596],[151.2977605,-33.8408693],[151.2979407,-33.831779],[151.2981209,-33.8226887]]}},{"type":"Feature","properties":{"axis":"E","value":342600,"spacing":100,"datum":"gda94"},"geometry":{"type":"LineString","coordinates":[[151.297035,-33.9317864],[151.297216,-33.9226963],[151.2973968,-33.9136061],[151.2975776,-33.9045159],[151.2977583,-33.8954257],[151.297939,-33.8863355],[151.2981195,-33.8772453],[151.2983,-33.868155],[151.2984803,-33.8590648],[151.2986606,-33.8499745],[151.2988409,-33.8408842],[151.299021,-33.8317939],[151.2992011,-33.8227036]]}},{"type":"Feature","properties":{"axis":"E","value":342700,"spacing":100,"datum":"gda94"},"geometry":{"type":"LineString","coordinates":[[151.2981166,-33.9318014],[151.2982974,-33.9227112],[151.2984781,-33.913621],[151.2986588,-33.9045309],[151.2988394,-33.8954407],[151.2990199,-33.8863504],[151.2992003,-33.8772602],[151.2993807,-33.86817],[151.2995609,-33.8590797],[151.2997411,-33.8499894],[151.2999212,-33.8408991],[151.3001013,-33.8318088],[151.3002812,-33.8227185]]}},{"type":"Feature","properties":{"axis":"E","value":342800,"spacing":100,"datum":"gda94"},"geometry":{"type":"LineString","coordinates":[[151.2991981,-33.9318163],[151.2993788,-33.9227262],[151.2995594,-33.913636],[151.29974,-33.9045458],[151.2999205,-33.8954556],[151.3001009,-33.8863654],[151.3002812,-33.8772751],[151.3004614,-33.8681849],[151.3006415,-33.8590946],[151.3008216,-33.8500043],[151.3010016,-33.840914],[151.3011815,-33.8318237],[151.3013613,-33.8227334]]}},{"type":"Feature","properties":{"axis":"E","value":342900,"spacing":100,"datum":"gda94"},"geometry":{"type":"LineString","coordinates":[[151.3002796,-33.9318313],[151.3004602,-33.9227411],[151.3006407,-33.9136509],[151.3008212,-33.9045607],[151.3010015,-33.8954705],[151.3011818,-33.8863803],[151.301362,-33.87729],[151.3015421,-33.8681998],[151.3017222,-33.8591095],[151.3019021,-33.8500192],[151.302082,-33.8409289],[151.3022618,-33.8318386],[151.3024415,-33.8227483]]}},{"type":"Feature","properties":{"axis":"E","value":343100,"spacing":100,"datum":"gda94"},"geometry":{"type":"LineString","coordinates":[[151.3024426,-33.9318611],[151.302623,-33.9227709],[151.3028033,-33.9136807],[151.3029835,-33.9045905],[151.3031636,-33.8955003],[151.3033437,-33.8864101],[151.3035237,-33.8773198],[151.3037036,-33.8682295],[151.3038834,-33.8591393],[151.3040631,-33.850049],[151.3042427,-33.8409587],[151.3044223,-33.8318683],[151.3046018,-33.822778]]}},{"type":"Feature","properties":{"axis":"E","value":343200,"spacing":100,"datum":"gda94"},"geometry":{"type":"LineString","coordinates":[[151.3035242,-33.931876],[151.3037044,-33.9227858],[151.3038846,-33.9136956],[151.3040647,-33.9046054],[151.3042447,-33.8955152],[151.3044246,-33.8864249],[151.3046045,-33.8773347],[151.3047843,-33.8682444],[151.304964,-33.8591541],[151.3051436,-33.8500638],[151.3053231,-33.8409735],[151.3055026,-33.8318832],[151.3056819,-33.8227928]]}},{"type":"Feature","properties":{"axis":"E","value":343300,"spacing":100,"datum":"gda94"},"geometry":{"type":"LineString","coordinates":[[151.3046057,-33.9318909],[151.3047858,-33.9228007],[151.3049659,-33.9137105],[151.3051459,-33.9046203],[151.3053258,-33.8955301],[151.3055056,-33.8864398],[151.3056853,-33.8773496],[151.305865,-33.8682593],[151.3060446,-33.859169],[151.3062241,-33.8500787],[151.3064035,-33.8409884],[151.3065828,-33.831898],[151.3067621,-33.8228077]]}},{"type":"Feature","properties":{"axis":"E","value":343400,"spacing":100,"datum":"gda94"},"geometry":{"type":"LineString","coordinates":[[151.3056872,-33.9319058],[151.3058672,-33.9228156],[151.3060472,-33.9137254],[151.3062271,-33.9046352],[151.3064068,-33.8955449],[151.3065865,-33.8864547],[151.3067662,-33.8773644],[151.3069457,-33.8682741],[151.3071252,-33.8591838],[151.3073046,-33.8500935],[151.3074839,-33.8410032],[151.3076631,-33.8319129],[151.3078422,-33.8228225]]}},{"type":"Feature","properties":{"axis":"E","value":343500,"spacing":100,"datum":"gda94"},"geometry":{"type":"LineString","coordinates":[[151.3067687,-33.9319207],[151.3069487,-33.9228305],[151.3071285,-33.9137403],[151.3073082,-33.90465],[151.3074879,-33.8955598],[151.3076675,-33.8864695],[151.307847,-33.8773793],[151.3080264,-33.868289],[151.3082058,-33.8591987],[151.3083851,-33.8501084],[151.3085643,-33.841018],[151.3087434,-33.8319277],[151.3089224,-33.8228373]]}},{"type":"Feature","properties":{"axis":"E","value":343600,"spacing":100,"datum":"gda94"},"geometry":{"type":"LineString","coordinates":[[151.3078503,-33.9319356],[151.3080301,-33.9228454],[151.3082098,-33.9137551],[151.3083894,-33.9046649],[151.308569,-33.8955747],[151.3087485,-33.8864844],[151.3089279,-33.8773941],[151.3091072,-33.8683038],[151.3092864,-33.8592135],[151.3094656,-33.8501232],[151.3096446,-33.8410329],[151.3098236,-33.8319425],[151.3100025,-33.8228521]]}},{"type":"Feature","properties":{"axis":"N","value":6244100,"spacing":100,"datum":"gda94"},"geometry":{"type":"LineString","coordinates":[[151.1769915,-33.9300672],[151.1878959,-33.9302282],[151.1988004,-33.9303883],[151.209705,-33.9305473],[151.2206097,-33.9307054],[151.2315145,-33.9308626],[151.2424194,-33.9310188],[151.2533243,-33.931174],[151.2642293,-33.9313282],[151.2751344,-33.9314815],[151.2860396,-33.9316338],[151.2969449,-33.9317852],[151.3078503,-33.9319356]]}},{"type":"Feature","properties":{"axis":"N","value":6244200,"spacing":100,"datum":"gda94"},"geometry":{"type":"LineString","coordinates":[[151.1770107,-33.9291658],[151.187915,-33.9293268],[151.1988194,-33.9294868],[151.2097239,-33.9296459],[151.2206285,-33.929804],[151.2315331,-33.9299611],[151.2424379,-33.9301173],[151.2533427,-33.9302725],[151.2642476,-33.9304267],[151.2751526,-33.93058],[151.2860577,-33.9307323],[151.2969629,-33.9308837],[151.3078681,-33.9310341]]}},{"type":"Feature","properties":{"axis":"N","value":6244300,"spacing":100,"datum":"gda94"},"geometry":{"type":"LineString","coordinates":[[151.1770299,-33.9282643],[151.1879341,-33.9284253],[151.1988384,-33.9285853],[151.2097428,-33.9287444],[151.2206472,-33.9289025],[151.2315518,-33.9290596],[151.2424564,-33.9292158],[151.2533611,-33.929371],[151.2642659,-33.9295253],[151.2751708,-33.9296785],[151.2860758,-33.9298308],[151.2969808,-33.9299822],[151.3078859,-33.9301326]]}},{"type":"Feature","properties":{"axis":"N","value":6244400,"spacing":100,"datum":"gda94"},"geometry":{"type":"LineString","coordinates":[[151.1770491,-33.9273629],[151.1879532,-33.9275239],[151.1988574,-33.9276839],[151.2097616,-33.9278429],[151.220666,-33.928001],[151.2315704,-33.9281582],[151.2424749,-33.9283143],[151.2533795,-33.9284695],[151.2642842,-33.9286238],[151.275189,-33.928777],[151.2860938,-33.9289293],[151.2969988,-33.9290807],[151.3079038,-33.929231]]}},{"type":"Feature","properties":{"axis":"N","value":6244500,"spacing":100,"datum":"gda94"},"geometry":{"type":"LineString","coordinates":[[151.1770683,-33.9264614],[151.1879723,-33.9266224],[151.1988763,-33.9267824],[151.2097805,-33.9269415],[151.2206847,-33.9270996],[151.231589,-33.9272567],[151.2424934,-33.9274129],[151.2533979,-33.927568],[151.2643025,-33.9277223],[151.2752072,-33.9278755],[151.2861119,-33.9280278],[151.2970167,-33.9281792],[151.3079216,-33.9283295]]}},{"type":"Feature","properties":{"axis":"N","value":6244600,"spacing":100,"datum":"gda94"},"geometry":{"type":"LineString","coordinates":[[151.1770875,-33.92556],[151.1879914,-33.925721],[151.1988953,-33.925881],[151.2097994,-33.92604],[151.2207035,-33.9261981],[151.2316077,-33.9263552],[151.242512,-33.9265114],[151.2534163,-33.9266666],[151.2643208,-33.9268208],[151.2752253,-33.926974],[151.2861299,-33.9271263],[151.2970346,-33.9272777],[151.3079394,-33.927428]]}},{"type":"Feature","properties":{"axis":"N","value":6244700,"spacing":100,"datum":"gda94"},"geometry":{"type":"LineString","coordinates":[[151.1771067,-33.9246585],[151.1880105,-33.9248195],[151.1989143,-33.9249795],[151.2098182,-33.9251386],[151.2207222,-33.9252966],[151.2316263,-33.9254538],[151.2425305,-33.9256099],[151.2534347,-33.9257651],[151.2643391,-33.9259193],[151.2752435,-33.9260726],[151.286148,-33.9262248],[151.2970526,-33.9263762],[151.3079573,-33.9265265]]}},{"type":"Feature","properties":{"axis":"N","value":6244800,"spacing":100,"datum":"gda94"},"geometry":{"type":"LineString","coordinates":[[151.1771259,-33.9237571],[151.1880296,-33.9239181],[151.1989333,-33.9240781],[151.2098371,-33.9242371],[151.220741,-33.9243952],[151.2316449,-33.9245523],[151.242549,-33.9247084],[151.2534531,-33.9248636],[151.2643574,-33.9250178],[151.2752617,-33.9251711],[151.2861661,-33.9253233],[151.2970705,-33.9254747],[151.3079751,-33.925625]]}},{"type":"Feature","properties":{"axis":"N","value":6244900,"spacing":100,"datum":"gda94"},"geometry":{"type":"LineString","coordinates":[[151.1771451,-33.9228557],[151.1880487,-33.9230166],[151.1989523,-33.9231766],[151.2098559,-33.9233356],[151.2207597,-33.9234937],[151.2316636,-33.9236508],[151.2425675,-33.9238069],[151.2534716,-33.9239621],[151.2643757,-33.9241163],[151.2752799,-33.9242696],[151.2861841,-33.9244218],[151.2970885,-33.9245732],[151.3079929,-33.9247235]]}},{"type":"Feature","properties":{"axis":"N","value":6245100,"spacing":100,"datum":"gda94"},"geometry":{"type":"LineString","coordinates":[[151.1771836,-33.9210528],[151.1880868,-33.9212137],[151.1989902,-33.9213737],[151.2098937,-33.9215327],[151.2207972,-33.9216908],[151.2317008,-33.9218479],[151.2426046,-33.922004],[151.2535084,-33.9221592],[151.2644122,-33.9223133],[151.2753162,-33.9224666],[151.2862202,-33.9226188],[151.2971244,-33.9227701],[151.3080286,-33.9229205]]}},{"type":"Feature","properties":{"axis":"N","value":6245200,"spacing":100,"datum":"gda94"},"geometry":{"type":"LineString","coordinates":[[151.1772028,-33.9201513],[151.1881059,-33.9203123],[151.1990092,-33.9204722],[151.2099125,-33.9206313],[151.220816,-33.9207893],[151.2317195,-33.9209464],[151.2426231,-33.9211025],[151.2535268,-33.9212577],[151.2644305,-33.9214119],[151.2753344,-33.9215651],[151.2862383,-33.9217173],[151.2971423,-33.9218686],[151.3080464,-33.922019]]}},{"type":"Feature","properties":{"axis":"N","value":6245300,"spacing":100,"datum":"gda94"},"geometry":{"type":"LineString","coordinates":[[151.177222,-33.9192499],[151.188125,-33.9194108],[151.1990282,-33.9195708],[151.2099314,-33.9197298],[151.2208347,-33.9198878],[151.2317381,-33.9200449],[151.2426416,-33.920201],[151.2535452,-33.9203562],[151.2644488,-33.9205104],[151.2753525,-33.9206636],[151.2862564,-33.9208159],[151.2971603,-33.9209671],[151.3080642,-33.9211175]]}},{"type":"Feature","properties":{"axis":"N","value":6245400,"spacing":100,"datum":"gda94"},"geometry":{"type":"LineString","coordinates":[[151.1772412,-33.9183484],[151.1881441,-33.9185094],[151.1990471,-33.9186693],[151.2099502,-33.9188283],[151.2208534,-33.9189864],[151.2317567,-33.9191434],[151.2426601,-33.9192996],[151.2535636,-33.9194547],[151.2644671,-33.9196089],[151.2753707,-33.9197621],[151.2862744,-33.9199144],[151.2971782,-33.9200656],[151.3080821,-33.920216]]}},{"type":"Feature","properties":{"axis":"N","value":6245500,"spacing":100,"datum":"gda94"},"geometry":{"type":"LineString","coordinates":[[151.1772604,-33.917447],[151.1881632,-33.9176079],[151.1990661,-33.9177679],[151.2099691,-33.9179269],[151.2208722,-33.9180849],[151.2317754,-33.918242],[151.2426786,-33.9183981],[151.253582,-33.9185532],[151.2644854,-33.9187074],[151.2753889,-33.9188606],[151.2862925,-33.9190129],[151.2971961,-33.9191641],[151.3080999,-33.9193145]]}},{"type":"Feature","properties":{"axis":"N","value":6245600,"spacing":100,"datum":"gda94"},"geometry":{"type":"LineString","coordinates":[[151.1772796,-33.9165455],[151.1881823,-33.9167065],[151.1990851,-33.9168664],[151.209988,-33.9170254],[151.2208909,-33.9171834],[151.231794,-33.9173405],[151.2426971,-33.9174966],[151.2536003,-33.9176517],[151.2645037,-33.9178059],[151.275407,-33.9179591],[151.2863105,-33.9181114],[151.2972141,-33.9182626],[151.3081177,-33.9184129]]}},{"type":"Feature","properties":{"axis":"N","value":6245700,"spacing":100,"datum":"gda94"},"geometry":{"type":"LineString","coordinates":[[151.1772988,-33.9156441],[151.1882014,-33.915805],[151.199104,-33.915965],[151.2100068,-33.9161239],[151.2209097,-33.916282],[151.2318126,-33.916439],[151.2427156,-33.9165951],[151.2536187,-33.9167503],[151.2645219,-33.9169044],[151.2754252,-33.9170576],[151.2863286,-33.9172099],[151.297232,-33.9173611],[151.3081355,-33.9175114]]}},{"type":"Feature","properties":{"axis":"N","value":6245800,"spacing":100,"datum":"gda94"},"geometry":{"type":"LineString","coordinates":[[151.177318,-33.9147426],[151.1882204,-33.9149036],[151.199123,-33.9150635],[151.2100257,-33.9152225],[151.2209284,-33.9153805],[151.2318312,-33.9155376],[151.2427341,-33.9156936],[151.2536371,-33.9158488],[151.2645402,-33.9160029],[151.2754434,-33.9161561],[151.2863466,-33.9163084],[151.2972499,-33.9164596],[151.3081533,-33.9166099]]}},{"type":"Feature","properties":{"axis":"N","value":6245900,"spacing":100,"datum":"gda94"},"geometry":{"type":"LineString","coordinates":[[151.1773372,-33.9138412],[151.1882395,-33.9140021],[151.199142,-33.914162],[151.2100445,-33.914321],[151.2209472,-33.914479],[151.2318499,-33.9146361],[151.2427527,-33.9147922],[151.2536555,-33.9149473],[151.2645585,-33.9151014],[151.2754615,-33.9152546],[151.2863647,-33.9154069],[151.2972679,-33.9155581],[151.3081712,-33.9157084]]}},{"type":"Feature","properties":{"axis":"N","value":6246100,"spacing":100,"datum":"gda94"},"geometry":{"type":"LineString","coordinates":[[151.1773756,-33.9120383],[151.1882777,-33.9121992],[151.1991799,-33.9123591],[151.2100822,-33.9125181],[151.2209846,-33.9126761],[151.2318871,-33.9128331],[151.2427897,-33.9129892],[151.2536923,-33.9131443],[151.2645951,-33.9132985],[151.2754979,-33.9134516],[151.2864008,-33.9136039],[151.2973038,-33.9137551],[151.3082068,-33.9139054]]}},{"type":"Feature","properties":{"axis":"N","value":6246200,"spacing":100,"datum":"gda94"},"geometry":{"type":"LineString","coordinates":[[151.1773947,-33.9111369],[151.1882968,-33.9112977],[151.1991989,-33.9114577],[151.2101011,-33.9116166],[151.2210034,-33.9117746],[151.2319057,-33.9119317],[151.2428082,-33.9120877],[151.2537107,-33.9122428],[151.2646133,-33.912397],[151.275516,-33.9125501],[151.2864188,-33.9127024],[151.2973217,-33.9128536],[151.3082246,-33.9130039]]}},{"type":"Feature","properties":{"axis":"N","value":6246300,"spacing":100,"datum":"gda94"},"geometry":{"type":"LineString","coordinates":[[151.1774139,-33.9102354],[151.1883159,-33.9103963],[151.1992178,-33.9105562],[151.2101199,-33.9107152],[151.2210221,-33.9108732],[151.2319244,-33.9110302],[151.2428267,-33.9111862],[151.2537291,-33.9113413],[151.2646316,-33.9114955],[151.2755342,-33.9116486],[151.2864369,-33.9118009],[151.2973396,-33.9119521],[151.3082424,-33.9121024]]}},{"type":"Feature","properties":{"axis":"N","value":6246400,"spacing":100,"datum":"gda94"},"geometry":{"type":"LineString","coordinates":[[151.1774331,-33.909334],[151.1883349,-33.9094948],[151.1992368,-33.9096547],[151.2101388,-33.9098137],[151.2210408,-33.9099717],[151.231943,-33.9101287],[151.2428452,-33.9102848],[151.2537475,-33.9104399],[151.2646499,-33.910594],[151.2755524,-33.9107472],[151.2864549,-33.9108994],[151.2973575,-33.9110506],[151.3082603,-33.9112009]]}},{"type":"Feature","properties":{"axis":"N","value":6246500,"spacing":100,"datum":"gda94"},"geometry":{"type":"LineString","coordinates":[[151.1774523,-33.9084325],[151.188354,-33.9085934],[151.1992558,-33.9087533],[151.2101576,-33.9089122],[151.2210596,-33.9090702],[151.2319616,-33.9092272],[151.2428637,-33.9093833],[151.2537659,-33.9095384],[151.2646682,-33.9096925],[151.2755705,-33.9098457],[151.286473,-33.9099979],[151.2973755,-33.9101491],[151.3082781,-33.9102993]]}},{"type":"Feature","properties":{"axis":"N","value":6246600,"spacing":100,"datum":"gda94"},"geometry":{"type":"LineString","coordinates":[[151.1774715,-33.9075311],[151.1883731,-33.9076919],[151.1992747,-33.9078518],[151.2101765,-33.9080108],[151.2210783,-33.9081687],[151.2319802,-33.9083258],[151.2428822,-33.9084818],[151.2537843,-33.9086369],[151.2646864,-33.908791],[151.2755887,-33.9089442],[151.286491,-33.9090964],[151.2973934,-33.9092476],[151.3082959,-33.9093978]]}},{"type":"Feature","properties":{"axis":"N","value":6246700,"spacing":100,"datum":"gda94"},"geometry":{"type":"LineString","coordinates":[[151.1774907,-33.9066296],[151.1883922,-33.9067905],[151.1992937,-33.9069504],[151.2101953,-33.9071093],[151.221097,-33.9072673],[151.2319988,-33.9074243],[151.2429007,-33.9075803],[151.2538027,-33.9077354],[151.2647047,-33.9078895],[151.2756068,-33.9080427],[151.2865091,-33.9081949],[151.2974113,-33.9083461],[151.3083137,-33.9084963]]}},{"type":"Feature","properties":{"axis":"N","value":6246800,"spacing":100,"datum":"gda94"},"geometry":{"type":"LineString","coordinates":[[151.1775099,-33.9057282],[151.1884112,-33.905889],[151.1993127,-33.9060489],[151.2102142,-33.9062078],[151.2211158,-33.9063658],[151.2320174,-33.9065228],[151.2429192,-33.9066788],[151.2538211,-33.9068339],[151.264723,-33.906988],[151.275625,-33.9071412],[151.2865271,-33.9072933],[151.2974293,-33.9074446],[151.3083315,-33.9075948]]}},{"type":"Feature","properties":{"axis":"N","value":6246900,"spacing":100,"datum":"gda94"},"geometry":{"type":"LineString","coordinates":[[151.1775291,-33.9048267],[151.1884303,-33.9049876],[151.1993316,-33.9051475],[151.210233,-33.9053064],[151.2211345,-33.9054643],[151.2320361,-33.9056213],[151.2429377,-33.9057774],[151.2538394,-33.9059324],[151.2647413,-33.9060865],[151.2756432,-33.9062397],[151.2865451,-33.9063918],[151.2974472,-33.9065431],[151.3083493,-33.9066933]]}},{"type":"Feature","properties":{"axis":"N","value":6247100,"spacing":100,"datum":"gda94"},"geometry":{"type":"LineString","coordinates":[[151.1775675,-33.9030238],[151.1884685,-33.9031847],[151.1993695,-33.9033445],[151.2102707,-33.9035035],[151.221172,-33.9036614],[151.2320733,-33.9038184],[151.2429747,-33.9039744],[151.2538762,-33.9041295],[151.2647778,-33.9042836],[151.2756795,-33.9044367],[151.2865812,-33.9045888],[151.2974831,-33.90474],[151.308385,-33.9048903]]}},{"type":"Feature","properties":{"axis":"N","value":6247200,"spacing":100,"datum":"gda94"},"geometry":{"type":"LineString","coordinates":[[151.1775867,-33.9021224],[151.1884875,-33.9022832],[151.1993885,-33.9024431],[151.2102895,-33.902602],[151.2211907,-33.9027599],[151.2320919,-33.9029169],[151.2429932,-33.9030729],[151.2538946,-33.903228],[151.2647961,-33.9033821],[151.2756976,-33.9035352],[151.2865993,-33.9036873],[151.297501,-33.9038385],[151.3084028,-33.9039888]]}},{"type":"Feature","properties":{"axis":"N","value":6247300,"spacing":100,"datum":"gda94"},"geometry":{"type":"LineString","coordinates":[[151.1776058,-33.9012209],[151.1885066,-33.9013818],[151.1994075,-33.9015416],[151.2103084,-33.9017005],[151.2212094,-33.9018585],[151.2321105,-33.9020154],[151.2430117,-33.9021714],[151.253913,-33.9023265],[151.2648143,-33.9024806],[151.2757158,-33.9026337],[151.2866173,-33.9027858],[151.2975189,-33.902937],[151.3084206,-33.9030873]]}},{"type":"Feature","properties":{"axis":"N","value":6247400,"spacing":100,"datum":"gda94"},"geometry":{"type":"LineString","coordinates":[[151.177625,-33.9003195],[151.1885257,-33.9004803],[151.1994264,-33.9006402],[151.2103272,-33.9007991],[151.2212281,-33.900957],[151.2321291,-33.901114],[151.2430302,-33.90127],[151.2539314,-33.901425],[151.2648326,-33.9015791],[151.2757339,-33.9017322],[151.2866353,-33.9018843],[151.2975368,-33.9020355],[151.3084384,-33.9021857]]}},{"type":"Feature","properties":{"axis":"N","value":6247500,"spacing":100,"datum":"gda94"},"geometry":{"type":"LineString","coordinates":[[151.1776442,-33.899418],[151.1885447,-33.8995788],[151.1994454,-33.8997387],[151.2103461,-33.8998976],[151.2212469,-33.9000555],[151.2321477,-33.9002125],[151.2430487,-33.9003685],[151.2539497,-33.9005235],[151.2648509,-33.9006776],[151.2757521,-33.9008307],[151.2866534,-33.9009828],[151.2975548,-33.901134],[151.3084562,-33.9012842]]}},{"type":"Feature","properties":{"axis":"N","value":6247600,"spacing":100,"datum":"gda94"},"geometry":{"type":"LineString","coordinates":[[151.1776634,-33.8985166],[151.1885638,-33.8986774],[151.1994643,-33.8988372],[151.2103649,-33.8989961],[151.2212656,-33.899154],[151.2321664,-33.899311],[151.2430672,-33.899467],[151.2539681,-33.899622],[151.2648691,-33.8997761],[151.2757702,-33.8999292],[151.2866714,-33.9000813],[151.2975727,-33.9002325],[151.308474,-33.9003827]]}},{"type":"Feature","properties":{"axis":"N","value":6247700,"spacing":100,"datum":"gda94"},"geometry":{"type":"LineString","coordinates":[[151.1776826,-33.8976151],[151.1885829,-33.8977759],[151.1994833,-33.8979358],[151.2103837,-33.8980947],[151.2212843,-33.8982526],[151.232185,-33.8984095],[151.2430857,-33.8985655],[151.2539865,-33.8987205],[151.2648874,-33.8988746],[151.2757884,-33.8990277],[151.2866895,-33.8991798],[151.2975906,-33.899331],[151.3084918,-33.8994812]]}},{"type":"Feature","properties":{"axis":"N","value":6247800,"spacing":100,"datum":"gda94"},"geometry":{"type":"LineString","coordinates":[[151.1777018,-33.8967137],[151.1886019,-33.8968745],[151.1995022,-33.8970343],[151.2104026,-33.8971932],[151.221303,-33.8973511],[151.2322036,-33.8975081],[151.2431042,-33.897664],[151.2540049,-33.8978191],[151.2649057,-33.8979731],[151.2758065,-33.8981262],[151.2867075,-33.8982783],[151.2976085,-33.8984295],[151.3085096,-33.8985797]]}},{"type":"Feature","properties":{"axis":"N","value":6247900,"spacing":100,"datum":"gda94"},"geometry":{"type":"LineString","coordinates":[[151.1777209,-33.8958122],[151.188621,-33.895973],[151.1995212,-33.8961329],[151.2104214,-33.8962917],[151.2213218,-33.8964496],[151.2322222,-33.8966066],[151.2431227,-33.8967626],[151.2540233,-33.8969176],[151.2649239,-33.8970716],[151.2758247,-33.8972247],[151.2867255,-33.8973768],[151.2976264,-33.897528],[151.3085274,-33.8976782]]}},{"type":"Feature","properties":{"axis":"N","value":6248100,"spacing":100,"datum":"gda94"},"geometry":{"type":"LineString","coordinates":[[151.1777593,-33.8940093],[151.1886591,-33.8941701],[151.1995591,-33.8943299],[151.2104591,-33.8944888],[151.2213592,-33.8946467],[151.2322594,-33.8948036],[151.2431597,-33.8949596],[151.25406,-33.8951146],[151.2649605,-33.8952686],[151.275861,-33.8954217],[151.2867616,-33.8955738],[151.2976623,-33.895725],[151.308563,-33.8958752]]}},{"type":"Feature","properties":{"axis":"N","value":6248200,"spacing":100,"datum":"gda94"},"geometry":{"type":"LineString","coordinates":[[151.1777785,-33.8931079],[151.1886782,-33.8932687],[151.199578,-33.8934285],[151.2104779,-33.8935873],[151.2213779,-33.8937452],[151.232278,-33.8939021],[151.2431782,-33.8940581],[151.2540784,-33.8942131],[151.2649787,-33.8943671],[151.2758791,-33.8945202],[151.2867796,-33.8946723],[151.2976802,-33.8948235],[151.3085808,-33.8949736]]}},{"type":"Feature","properties":{"axis":"N","value":6248300,"spacing":100,"datum":"gda94"},"geometry":{"type":"LineString","coordinates":[[151.1777976,-33.8922064],[151.1886973,-33.8923672],[151.199597,-33.892527],[151.2104968,-33.8926859],[151.2213966,-33.8928437],[151.2322966,-33.8930007],[151.2431966,-33.8931566],[151.2540968,-33.8933116],[151.264997,-33.8934656],[151.2758973,-33.8936187],[151.2867977,-33.8937708],[151.2976981,-33.893922],[151.3085986,-33.8940721]]}},{"type":"Feature","properties":{"axis":"N","value":6248400,"spacing":100,"datum":"gda94"},"geometry":{"type":"LineString","coordinates":[[151.1778168,-33.891305],[151.1887163,-33.8914657],[151.1996159,-33.8916256],[151.2105156,-33.8917844],[151.2214154,-33.8919423],[151.2323152,-33.8920992],[151.2432151,-33.8922551],[151.2541151,-33.8924101],[151.2650152,-33.8925642],[151.2759154,-33.8927172],[151.2868157,-33.8928693],[151.297716,-33.8930204],[151.3086164,-33.8931706]]}},{"type":"Feature","properties":{"axis":"N","value":6248500,"spacing":100,"datum":"gda94"},"geometry":{"type":"LineString","coordinates":[[151.177836,-33.8904035],[151.1887354,-33.8905643],[151.1996349,-33.8907241],[151.2105344,-33.8908829],[151.2214341,-33.8910408],[151.2323338,-33.8911977],[151.2432336,-33.8913537],[151.2541335,-33.8915086],[151.2650335,-33.8916627],[151.2759336,-33.8918157],[151.2868337,-33.8919678],[151.2977339,-33.8921189],[151.3086343,-33.8922691]]}},{"type":"Feature","properties":{"axis":"N","value":6248600,"spacing":100,"datum":"gda94"},"geometry":{"type":"LineString","coordinates":[[151.1778552,-33.8895021],[151.1887545,-33.8896628],[151.1996538,-33.8898226],[151.2105533,-33.8899815],[151.2214528,-33.8901393],[151.2323524,-33.8902962],[151.2432521,-33.8904522],[151.2541519,-33.8906072],[151.2650518,-33.8907612],[151.2759517,-33.8909142],[151.2868517,-33.8910663],[151.2977519,-33.8912174],[151.3086521,-33.8913676]]}},{"type":"Feature","properties":{"axis":"N","value":6248700,"spacing":100,"datum":"gda94"},"geometry":{"type":"LineString","coordinates":[[151.1778744,-33.8886006],[151.1887735,-33.8887614],[151.1996728,-33.8889212],[151.2105721,-33.88908],[151.2214715,-33.8892379],[151.232371,-33.8893948],[151.2432706,-33.8895507],[151.2541703,-33.8897057],[151.26507,-33.8898597],[151.2759699,-33.8900127],[151.2868698,-33.8901648],[151.2977698,-33.8903159],[151.3086699,-33.8904661]]}},{"type":"Feature","properties":{"axis":"N","value":6248800,"spacing":100,"datum":"gda94"},"geometry":{"type":"LineString","coordinates":[[151.1778935,-33.8876992],[151.1887926,-33.8878599],[151.1996917,-33.8880197],[151.2105909,-33.8881785],[151.2214902,-33.8883364],[151.2323896,-33.8884933],[151.2432891,-33.8886492],[151.2541886,-33.8888042],[151.2650883,-33.8889582],[151.275988,-33.8891112],[151.2868878,-33.8892633],[151.2977877,-33.8894144],[151.3086876,-33.8895646]]}},{"type":"Feature","properties":{"axis":"N","value":6248900,"spacing":100,"datum":"gda94"},"geometry":{"type":"LineString","coordinates":[[151.1779127,-33.8867977],[151.1888116,-33.8869585],[151.1997106,-33.8871182],[151.2106097,-33.8872771],[151.2215089,-33.8874349],[151.2324082,-33.8875918],[151.2433076,-33.8877477],[151.254207,-33.8879027],[151.2651065,-33.8880567],[151.2760061,-33.8882097],[151.2869058,-33.8883618],[151.2978056,-33.8885129],[151.3087054,-33.888663]]}},{"type":"Feature","properties":{"axis":"N","value":6249100,"spacing":100,"datum":"gda94"},"geometry":{"type":"LineString","coordinates":[[151.177951,-33.8849948],[151.1888497,-33.8851556],[151.1997485,-33.8853153],[151.2106474,-33.8854741],[151.2215464,-33.885632],[151.2324454,-33.8857888],[151.2433445,-33.8859448],[151.2542437,-33.8860997],[151.265143,-33.8862537],[151.2760424,-33.8864067],[151.2869419,-33.8865588],[151.2978414,-33.8867099],[151.308741,-33.88686]]}},{"type":"Feature","properties":{"axis":"N","value":6249200,"spacing":100,"datum":"gda94"},"geometry":{"type":"LineString","coordinates":[[151.1779702,-33.8840934],[151.1888688,-33.8842541],[151.1997675,-33.8844139],[151.2106662,-33.8845727],[151.2215651,-33.8847305],[151.232464,-33.8848874],[151.243363,-33.8850433],[151.2542621,-33.8851982],[151.2651613,-33.8853522],[151.2760606,-33.8855052],[151.2869599,-33.8856573],[151.2978593,-33.8858084],[151.3087588,-33.8859585]]}},{"type":"Feature","properties":{"axis":"N","value":6249300,"spacing":100,"datum":"gda94"},"geometry":{"type":"LineString","coordinates":[[151.1779894,-33.8831919],[151.1888878,-33.8833526],[151.1997864,-33.8835124],[151.2106851,-33.8836712],[151.2215838,-33.883829],[151.2324826,-33.8839859],[151.2433815,-33.8841418],[151.2542805,-33.8842967],[151.2651795,-33.8844507],[151.2760787,-33.8846037],[151.2869779,-33.8847558],[151.2978772,-33.8849069],[151.3087766,-33.885057]]}},{"type":"Feature","properties":{"axis":"N","value":6249400,"spacing":100,"datum":"gda94"},"geometry":{"type":"LineString","coordinates":[[151.1780085,-33.8822905],[151.1889069,-33.8824512],[151.1998053,-33.8826109],[151.2107039,-33.8827697],[151.2216025,-33.8829275],[151.2325012,-33.8830844],[151.2434,-33.8832403],[151.2542988,-33.8833952],[151.2651978,-33.8835492],[151.2760968,-33.8837022],[151.2869959,-33.8838543],[151.2978951,-33.8840054],[151.3087944,-33.8841555]]}},{"type":"Feature","properties":{"axis":"N","value":6249500,"spacing":100,"datum":"gda94"},"geometry":{"type":"LineString","coordinates":[[151.1780277,-33.881389],[151.188926,-33.8815497],[151.1998243,-33.8817095],[151.2107227,-33.8818683],[151.2216212,-33.8820261],[151.2325198,-33.8821829],[151.2434185,-33.8823388],[151.2543172,-33.8824938],[151.265216,-33.8826477],[151.276115,-33.8828007],[151.287014,-33.8829528],[151.2979131,-33.8831038],[151.3088122,-33.883254]]}},{"type":"Feature","properties":{"axis":"N","value":6249600,"spacing":100,"datum":"gda94"},"geometry":{"type":"LineString","coordinates":[[151.1780469,-33.8804876],[151.188945,-33.8806483],[151.1998432,-33.880808],[151.2107415,-33.8809668],[151.2216399,-33.8811246],[151.2325384,-33.8812815],[151.2434369,-33.8814373],[151.2543356,-33.8815923],[151.2652343,-33.8817462],[151.2761331,-33.8818992],[151.287032,-33.8820513],[151.297931,-33.8822023],[151.30883,-33.8823524]]}},{"type":"Feature","properties":{"axis":"N","value":6249700,"spacing":100,"datum":"gda94"},"geometry":{"type":"LineString","coordinates":[[151.178066,-33.8795861],[151.1889641,-33.8797468],[151.1998622,-33.8799065],[151.2107603,-33.8800653],[151.2216586,-33.8802231],[151.232557,-33.88038],[151.2434554,-33.8805359],[151.2543539,-33.8806908],[151.2652525,-33.8808447],[151.2761512,-33.8809977],[151.28705,-33.8811498],[151.2979489,-33.8813008],[151.3088478,-33.8814509]]}},{"type":"Feature","properties":{"axis":"N","value":6249800,"spacing":100,"datum":"gda94"},"geometry":{"type":"LineString","coordinates":[[151.1780852,-33.8786847],[151.1889831,-33.8788453],[151.1998811,-33.8790051],[151.2107792,-33.8791638],[151.2216773,-33.8793217],[151.2325756,-33.8794785],[151.2434739,-33.8796344],[151.2543723,-33.8797893],[151.2652708,-33.8799432],[151.2761694,-33.8800962],[151.287068,-33.8802483],[151.2979668,-33.8803993],[151.3088656,-33.8805494]]}},{"type":"Feature","properties":{"axis":"N","value":6249900,"spacing":100,"datum":"gda94"},"geometry":{"type":"LineString","coordinates":[[151.1781044,-33.8777832],[151.1890022,-33.8779439],[151.1999,-33.8781036],[151.210798,-33.8782624],[151.221696,-33.8784202],[151.2325942,-33.878577],[151.2434924,-33.8787329],[151.2543907,-33.8788878],[151.265289,-33.8790417],[151.2761875,-33.8791947],[151.2870861,-33.8793467],[151.2979847,-33.8794978],[151.3088834,-33.8796479]]}},{"type":"Feature","properties":{"axis":"N","value":6250100,"spacing":100,"datum":"gda94"},"geometry":{"type":"LineString","coordinates":[[151.1781427,-33.8759803],[151.1890403,-33.876141],[151.1999379,-33.8763007],[151.2108356,-33.8764594],[151.2217334,-33.8766172],[151.2326313,-33.8767741],[151.2435293,-33.8769299],[151.2544274,-33.8770848],[151.2653255,-33.8772388],[151.2762238,-33.8773917],[151.2871221,-33.8775437],[151.2980205,-33.8776948],[151.308919,-33.8778449]]}},{"type":"Feature","properties":{"axis":"N","value":6250200,"spacing":100,"datum":"gda94"},"geometry":{"type":"LineString","coordinates":[[151.1781619,-33.8750788],[151.1890593,-33.8752395],[151.1999568,-33.8753992],[151.2108544,-33.875558],[151.2217521,-33.8757158],[151.2326499,-33.8758726],[151.2435478,-33.8760284],[151.2544457,-33.8761833],[151.2653438,-33.8763373],[151.2762419,-33.8764902],[151.2871401,-33.8766422],[151.2980384,-33.8767933],[151.3089367,-33.8769434]]}},{"type":"Feature","properties":{"axis":"N","value":6250300,"spacing":100,"datum":"gda94"},"geometry":{"type":"LineString","coordinates":[[151.178181,-33.8741774],[151.1890783,-33.8743381],[151.1999758,-33.8744978],[151.2108733,-33.8746565],[151.2217708,-33.8748143],[151.2326685,-33.8749711],[151.2435663,-33.8751269],[151.2544641,-33.8752818],[151.265362,-33.8754358],[151.27626,-33.8755887],[151.2871581,-33.8757407],[151.2980563,-33.8758918],[151.3089545,-33.8760418]]}},{"type":"Feature","properties":{"axis":"N","value":6250400,"spacing":100,"datum":"gda94"},"geometry":{"type":"LineString","coordinates":[[151.1782002,-33.8732759],[151.1890974,-33.8734366],[151.1999947,-33.8735963],[151.2108921,-33.873755],[151.2217895,-33.8739128],[151.2326871,-33.8740696],[151.2435847,-33.8742255],[151.2544825,-33.8743803],[151.2653803,-33.8745343],[151.2762782,-33.8746872],[151.2871761,-33.8748392],[151.2980742,-33.8749903],[151.3089723,-33.8751403]]}},{"type":"Feature","properties":{"axis":"N","value":6250500,"spacing":100,"datum":"gda94"},"geometry":{"type":"LineString","coordinates":[[151.1782193,-33.8723745],[151.1891164,-33.8725351],[151.2000136,-33.8726948],[151.2109109,-33.8728536],[151.2218082,-33.8730113],[151.2327057,-33.8731681],[151.2436032,-33.873324],[151.2545008,-33.8734789],[151.2653985,-33.8736328],[151.2762963,-33.8737857],[151.2871941,-33.8739377],[151.2980921,-33.8740887],[151.3089901,-33.8742388]]}},{"type":"Feature","properties":{"axis":"N","value":6250600,"spacing":100,"datum":"gda94"},"geometry":{"type":"LineString","coordinates":[[151.1782385,-33.871473],[151.1891355,-33.8716337],[151.2000326,-33.8717934],[151.2109297,-33.8719521],[151.2218269,-33.8721099],[151.2327243,-33.8722667],[151.2436217,-33.8724225],[151.2545192,-33.8725774],[151.2654168,-33.8727313],[151.2763144,-33.8728842],[151.2872122,-33.8730362],[151.29811,-33.8731872],[151.3090079,-33.8733373]]}},{"type":"Feature","properties":{"axis":"N","value":6250700,"spacing":100,"datum":"gda94"},"geometry":{"type":"LineString","coordinates":[[151.1782577,-33.8705716],[151.1891545,-33.8707322],[151.2000515,-33.8708919],[151.2109485,-33.8710506],[151.2218456,-33.8712084],[151.2327429,-33.8713652],[151.2436402,-33.871521],[151.2545375,-33.8716759],[151.265435,-33.8718298],[151.2763325,-33.8719827],[151.2872302,-33.8721347],[151.2981279,-33.8722857],[151.3090257,-33.8724358]]}},{"type":"Feature","properties":{"axis":"N","value":6250800,"spacing":100,"datum":"gda94"},"geometry":{"type":"LineString","coordinates":[[151.1782768,-33.8696701],[151.1891736,-33.8698308],[151.2000704,-33.8699904],[151.2109673,-33.8701492],[151.2218643,-33.8703069],[151.2327614,-33.8704637],[151.2436586,-33.8706195],[151.2545559,-33.8707744],[151.2654532,-33.8709283],[151.2763507,-33.8710812],[151.2872482,-33.8712332],[151.2981458,-33.8713842],[151.3090435,-33.8715343]]}},{"type":"Feature","properties":{"axis":"N","value":6250900,"spacing":100,"datum":"gda94"},"geometry":{"type":"LineString","coordinates":[[151.178296,-33.8687687],[151.1891926,-33.8689293],[151.2000893,-33.869089],[151.2109861,-33.8692477],[151.221883,-33.8694054],[151.23278,-33.8695622],[151.2436771,-33.869718],[151.2545742,-33.8698729],[151.2654715,-33.8700268],[151.2763688,-33.8701797],[151.2872662,-33.8703317],[151.2981637,-33.8704827],[151.3090612,-33.8706327]]}},{"type":"Feature","properties":{"axis":"N","value":6251100,"spacing":100,"datum":"gda94"},"geometry":{"type":"LineString","coordinates":[[151.1783343,-33.8669658],[151.1892307,-33.8671264],[151.2001272,-33.867286],[151.2110238,-33.8674447],[151.2219204,-33.8676025],[151.2328172,-33.8677593],[151.243714,-33.8679151],[151.254611,-33.8680699],[151.265508,-33.8682238],[151.276405,-33.8683767],[151.2873022,-33.8685287],[151.2981995,-33.8686797],[151.3090968,-33.8688297]]}},{"type":"Feature","properties":{"axis":"N","value":6251200,"spacing":100,"datum":"gda94"},"geometry":{"type":"LineString","coordinates":[[151.1783534,-33.8660643],[151.1892497,-33.8662249],[151.2001461,-33.8663846],[151.2110426,-33.8665433],[151.2219391,-33.866701],[151.2328358,-33.8668578],[151.2437325,-33.8670136],[151.2546293,-33.8671684],[151.2655262,-33.8673223],[151.2764232,-33.8674752],[151.2873202,-33.8676272],[151.2982174,-33.8677782],[151.3091146,-33.8679282]]}},{"type":"Feature","properties":{"axis":"N","value":6251300,"spacing":100,"datum":"gda94"},"geometry":{"type":"LineString","coordinates":[[151.1783726,-33.8651629],[151.1892688,-33.8653235],[151.200165,-33.8654831],[151.2110614,-33.8656418],[151.2219578,-33.8657995],[151.2328544,-33.8659563],[151.243751,-33.8661121],[151.2546477,-33.8662669],[151.2655444,-33.8664208],[151.2764413,-33.8665737],[151.2873382,-33.8667257],[151.2982353,-33.8668766],[151.3091324,-33.8670267]]}},{"type":"Feature","properties":{"axis":"N","value":6251400,"spacing":100,"datum":"gda94"},"geometry":{"type":"LineString","coordinates":[[151.1783917,-33.8642614],[151.1892878,-33.864422],[151.200184,-33.8645817],[151.2110802,-33.8647403],[151.2219765,-33.8648981],[151.2328729,-33.8650548],[151.2437694,-33.8652106],[151.254666,-33.8653654],[151.2655627,-33.8655193],[151.2764594,-33.8656722],[151.2873562,-33.8658242],[151.2982531,-33.8659751],[151.3091501,-33.8661251]]}},{"type":"Feature","properties":{"axis":"N","value":6251500,"spacing":100,"datum":"gda94"},"geometry":{"type":"LineString","coordinates":[[151.1784109,-33.8633599],[151.1893068,-33.8635205],[151.2002029,-33.8636802],[151.211099,-33.8638389],[151.2219952,-33.8639966],[151.2328915,-33.8641533],[151.2437879,-33.8643091],[151.2546844,-33.8644639],[151.2655809,-33.8646178],[151.2764775,-33.8647707],[151.2873742,-33.8649226],[151.298271,-33.8650736],[151.3091679,-33.8652236]]}},{"type":"Feature","properties":{"axis":"N","value":6251600,"spacing":100,"datum":"gda94"},"geometry":{"type":"LineString","coordinates":[[151.17843,-33.8624585],[151.1893259,-33.8626191],[151.2002218,-33.8627787],[151.2111178,-33.8629374],[151.2220139,-33.8630951],[151.2329101,-33.8632518],[151.2438064,-33.8634076],[151.2547027,-33.8635624],[151.2655991,-33.8637163],[151.2764957,-33.8638692],[151.2873922,-33.8640211],[151.2982889,-33.8641721],[151.3091857,-33.8643221]]}},{"type":"Feature","properties":{"axis":"N","value":6251700,"spacing":100,"datum":"gda94"},"geometry":{"type":"LineString","coordinates":[[151.1784492,-33.861557],[151.1893449,-33.8617176],[151.2002407,-33.8618773],[151.2111366,-33.8620359],[151.2220326,-33.8621936],[151.2329287,-33.8623504],[151.2438248,-33.8625061],[151.254721,-33.862661],[151.2656174,-33.8628148],[151.2765138,-33.8629677],[151.2874103,-33.8631196],[151.2983068,-33.8632706],[151.3092035,-33.8634206]]}},{"type":"Feature","properties":{"axis":"N","value":6251800,"spacing":100,"datum":"gda94"},"geometry":{"type":"LineString","coordinates":[[151.1784683,-33.8606556],[151.1893639,-33.8608162],[151.2002596,-33.8609758],[151.2111554,-33.8611344],[151.2220513,-33.8612921],[151.2329472,-33.8614489],[151.2438433,-33.8616047],[151.2547394,-33.8617595],[151.2656356,-33.8619133],[151.2765319,-33.8620662],[151.2874283,-33.8622181],[151.2983247,-33.8623691],[151.3092212,-33.8625191]]}},{"type":"Feature","properties":{"axis":"N","value":6251900,"spacing":100,"datum":"gda94"},"geometry":{"type":"LineString","coordinates":[[151.1784875,-33.8597541],[151.189383,-33.8599147],[151.2002785,-33.8600743],[151.2111742,-33.860233],[151.22207,-33.8603907],[151.2329658,-33.8605474],[151.2438617,-33.8607032],[151.2547577,-33.860858],[151.2656538,-33.8610118],[151.27655,-33.8611647],[151.2874463,-33.8613166],[151.2983426,-33.8614676],[151.309239,-33.8616176]]}},{"type":"Feature","properties":{"axis":"N","value":6252100,"spacing":100,"datum":"gda94"},"geometry":{"type":"LineString","coordinates":[[151.1785258,-33.8579512],[151.189421,-33.8581118],[151.2003164,-33.8582714],[151.2112118,-33.85843],[151.2221073,-33.8585877],[151.233003,-33.8587444],[151.2438987,-33.8589002],[151.2547944,-33.859055],[151.2656903,-33.8592088],[151.2765862,-33.8593617],[151.2874823,-33.8595136],[151.2983784,-33.8596645],[151.3092746,-33.8598145]]}},{"type":"Feature","properties":{"axis":"N","value":6252200,"spacing":100,"datum":"gda94"},"geometry":{"type":"LineString","coordinates":[[151.1785449,-33.8570498],[151.1894401,-33.8572103],[151.2003353,-33.8573699],[151.2112306,-33.8575286],[151.222126,-33.8576862],[151.2330215,-33.857843],[151.2439171,-33.8579987],[151.2548128,-33.8581535],[151.2657085,-33.8583073],[151.2766044,-33.8584602],[151.2875003,-33.8586121],[151.2983963,-33.858763],[151.3092923,-33.858913]]}},{"type":"Feature","properties":{"axis":"N","value":6252300,"spacing":100,"datum":"gda94"},"geometry":{"type":"LineString","coordinates":[[151.178564,-33.8561483],[151.1894591,-33.8563089],[151.2003542,-33.8564685],[151.2112494,-33.8566271],[151.2221447,-33.8567848],[151.2330401,-33.8569415],[151.2439356,-33.8570972],[151.2548311,-33.857252],[151.2657268,-33.8574058],[151.2766225,-33.8575587],[151.2875183,-33.8577106],[151.2984141,-33.8578615],[151.3093101,-33.8580115]]}},{"type":"Feature","properties":{"axis":"N","value":6252400,"spacing":100,"datum":"gda94"},"geometry":{"type":"LineString","coordinates":[[151.1785832,-33.8552468],[151.1894781,-33.8554074],[151.2003731,-33.855567],[151.2112682,-33.8557256],[151.2221634,-33.8558833],[151.2330587,-33.85604],[151.243954,-33.8561957],[151.2548495,-33.8563505],[151.265745,-33.8565043],[151.2766406,-33.8566572],[151.2875363,-33.8568091],[151.298432,-33.85696],[151.3093279,-33.85711]]}},{"type":"Feature","properties":{"axis":"N","value":6252500,"spacing":100,"datum":"gda94"},"geometry":{"type":"LineString","coordinates":[[151.1786023,-33.8543454],[151.1894971,-33.8545059],[151.200392,-33.8546655],[151.211287,-33.8548241],[151.2221821,-33.8549818],[151.2330772,-33.8551385],[151.2439725,-33.8552942],[151.2548678,-33.855449],[151.2657632,-33.8556028],[151.2766587,-33.8557557],[151.2875543,-33.8559076],[151.2984499,-33.8560585],[151.3093456,-33.8562084]]}},{"type":"Feature","properties":{"axis":"N","value":6252600,"spacing":100,"datum":"gda94"},"geometry":{"type":"LineString","coordinates":[[151.1786215,-33.8534439],[151.1895162,-33.8536045],[151.200411,-33.8537641],[151.2113058,-33.8539227],[151.2222008,-33.8540803],[151.2330958,-33.854237],[151.2439909,-33.8543928],[151.2548861,-33.8545475],[151.2657814,-33.8547013],[151.2766768,-33.8548542],[151.2875723,-33.8550061],[151.2984678,-33.855157],[151.3093634,-33.8553069]]}},{"type":"Feature","properties":{"axis":"N","value":6252700,"spacing":100,"datum":"gda94"},"geometry":{"type":"LineString","coordinates":[[151.1786406,-33.8525425],[151.1895352,-33.852703],[151.2004299,-33.8528626],[151.2113246,-33.8530212],[151.2222195,-33.8531788],[151.2331144,-33.8533355],[151.2440094,-33.8534913],[151.2549045,-33.853646],[151.2657997,-33.8537998],[151.2766949,-33.8539527],[151.2875903,-33.8541045],[151.2984857,-33.8542555],[151.3093812,-33.8544054]]}},{"type":"Feature","properties":{"axis":"N","value":6252800,"spacing":100,"datum":"gda94"},"geometry":{"type":"LineString","coordinates":[[151.1786597,-33.851641],[151.1895542,-33.8518016],[151.2004488,-33.8519611],[151.2113434,-33.8521197],[151.2222381,-33.8522774],[151.2331329,-33.8524341],[151.2440278,-33.8525898],[151.2549228,-33.8527445],[151.2658179,-33.8528983],[151.276713,-33.8530512],[151.2876082,-33.853203],[151.2985036,-33.8533539],[151.3093989,-33.8535039]]}},{"type":"Feature","properties":{"axis":"N","value":6252900,"spacing":100,"datum":"gda94"},"geometry":{"type":"LineString","coordinates":[[151.1786789,-33.8507396],[151.1895732,-33.8509001],[151.2004677,-33.8510597],[151.2113622,-33.8512183],[151.2222568,-33.8513759],[151.2331515,-33.8515326],[151.2440463,-33.8516883],[151.2549412,-33.851843],[151.2658361,-33.8519968],[151.2767311,-33.8521497],[151.2876262,-33.8523015],[151.2985214,-33.8524524],[151.3094167,-33.8526024]]}},{"type":"Feature","properties":{"axis":"N","value":6253100,"spacing":100,"datum":"gda94"},"geometry":{"type":"LineString","coordinates":[[151.1787172,-33.8489366],[151.1896113,-33.8490972],[151.2005055,-33.8492567],[151.2113998,-33.8494153],[151.2222942,-33.8495729],[151.2331886,-33.8497296],[151.2440832,-33.8498853],[151.2549778,-33.85004],[151.2658725,-33.8501938],[151.2767673,-33.8503466],[151.2876622,-33.8504985],[151.2985572,-33.8506494],[151.3094522,-33.8507993]]}},{"type":"Feature","properties":{"axis":"N","value":6253200,"spacing":100,"datum":"gda94"},"geometry":{"type":"LineString","coordinates":[[151.1787363,-33.8480352],[151.1896303,-33.8481957],[151.2005244,-33.8483552],[151.2114186,-33.8485138],[151.2223129,-33.8486715],[151.2332072,-33.8488281],[151.2441016,-33.8489838],[151.2549962,-33.8491386],[151.2658908,-33.8492923],[151.2767855,-33.8494451],[151.2876802,-33.849597],[151.2985751,-33.8497479],[151.30947,-33.8498978]]}},{"type":"Feature","properties":{"axis":"N","value":6253300,"spacing":100,"datum":"gda94"},"geometry":{"type":"LineString","coordinates":[[151.1787554,-33.8471337],[151.1896493,-33.8472942],[151.2005433,-33.8474538],[151.2114374,-33.8476124],[151.2223315,-33.84777],[151.2332258,-33.8479266],[151.2441201,-33.8480823],[151.2550145,-33.8482371],[151.265909,-33.8483908],[151.2768036,-33.8485436],[151.2876982,-33.8486955],[151.2985929,-33.8488464],[151.3094878,-33.8489963]]}},{"type":"Feature","properties":{"axis":"N","value":6253400,"spacing":100,"datum":"gda94"},"geometry":{"type":"LineString","coordinates":[[151.1787746,-33.8462323],[151.1896683,-33.8463928],[151.2005622,-33.8465523],[151.2114562,-33.8467109],[151.2223502,-33.8468685],[151.2332443,-33.8470252],[151.2441385,-33.8471808],[151.2550328,-33.8473356],[151.2659272,-33.8474893],[151.2768217,-33.8476421],[151.2877162,-33.847794],[151.2986108,-33.8479449],[151.3095055,-33.8480948]]}},{"type":"Feature","properties":{"axis":"N","value":6253500,"spacing":100,"datum":"gda94"},"geometry":{"type":"LineString","coordinates":[[151.1787937,-33.8453308],[151.1896874,-33.8454913],[151.2005811,-33.8456508],[151.211475,-33.8458094],[151.2223689,-33.845967],[151.2332629,-33.8461237],[151.244157,-33.8462793],[151.2550512,-33.8464341],[151.2659454,-33.8465878],[151.2768398,-33.8467406],[151.2877342,-33.8468925],[151.2986287,-33.8470433],[151.3095233,-33.8471932]]}},{"type":"Feature","properties":{"axis":"N","value":6253600,"spacing":100,"datum":"gda94"},"geometry":{"type":"LineString","coordinates":[[151.1788128,-33.8444294],[151.1897064,-33.8445898],[151.2006,-33.8447494],[151.2114938,-33.8449079],[151.2223876,-33.8450655],[151.2332815,-33.8452222],[151.2441754,-33.8453779],[151.2550695,-33.8455326],[151.2659636,-33.8456863],[151.2768579,-33.8458391],[151.2877522,-33.845991],[151.2986466,-33.8461418],[151.309541,-33.8462917]]}},{"type":"Feature","properties":{"axis":"N","value":6253700,"spacing":100,"datum":"gda94"},"geometry":{"type":"LineString","coordinates":[[151.178832,-33.8435279],[151.1897254,-33.8436884],[151.2006189,-33.8438479],[151.2115125,-33.8440065],[151.2224062,-33.8441641],[151.2333,-33.8443207],[151.2441939,-33.8444764],[151.2550878,-33.8446311],[151.2659819,-33.8447848],[151.276876,-33.8449376],[151.2877702,-33.8450894],[151.2986644,-33.8452403],[151.3095588,-33.8453902]]}},{"type":"Feature","properties":{"axis":"N","value":6253800,"spacing":100,"datum":"gda94"},"geometry":{"type":"LineString","coordinates":[[151.1788511,-33.8426264],[151.1897444,-33.8427869],[151.2006378,-33.8429464],[151.2115313,-33.843105],[151.2224249,-33.8432626],[151.2333186,-33.8434192],[151.2442123,-33.8435749],[151.2551062,-33.8437296],[151.2660001,-33.8438833],[151.2768941,-33.8440361],[151.2877882,-33.8441879],[151.2986823,-33.8443388],[151.3095766,-33.8444887]]}},{"type":"Feature","properties":{"axis":"N","value":6253900,"spacing":100,"datum":"gda94"},"geometry":{"type":"LineString","coordinates":[[151.1788702,-33.841725],[151.1897634,-33.8418855],[151.2006567,-33.842045],[151.2115501,-33.8422035],[151.2224436,-33.8423611],[151.2333371,-33.8425177],[151.2442308,-33.8426734],[151.2551245,-33.8428281],[151.2660183,-33.8429818],[151.2769122,-33.8431346],[151.2878061,-33.8432864],[151.2987002,-33.8434373],[151.3095943,-33.8435872]]}},{"type":"Feature","properties":{"axis":"N","value":6254100,"spacing":100,"datum":"gda94"},"geometry":{"type":"LineString","coordinates":[[151.1789085,-33.8399221],[151.1898015,-33.8400825],[151.2006945,-33.840242],[151.2115877,-33.8404006],[151.2224809,-33.8405581],[151.2333742,-33.8407148],[151.2442677,-33.8408704],[151.2551611,-33.8410251],[151.2660547,-33.8411788],[151.2769484,-33.8413316],[151.2878421,-33.8414834],[151.2987359,-33.8416342],[151.3096298,-33.8417841]]}},{"type":"Feature","properties":{"axis":"N","value":6254200,"spacing":100,"datum":"gda94"},"geometry":{"type":"LineString","coordinates":[[151.1789276,-33.8390206],[151.1898205,-33.8391811],[151.2007134,-33.8393406],[151.2116065,-33.8394991],[151.2224996,-33.8396567],[151.2333928,-33.8398133],[151.2442861,-33.8399689],[151.2551795,-33.8401236],[151.2660729,-33.8402773],[151.2769665,-33.8404301],[151.2878601,-33.8405819],[151.2987538,-33.8407327],[151.3096476,-33.8408826]]}},{"type":"Feature","properties":{"axis":"N","value":6254300,"spacing":100,"datum":"gda94"},"geometry":{"type":"LineString","coordinates":[[151.1789467,-33.8381192],[151.1898395,-33.8382796],[151.2007323,-33.8384391],[151.2116253,-33.8385976],[151.2225183,-33.8387552],[151.2334114,-33.8389118],[151.2443045,-33.8390674],[151.2551978,-33.8392221],[151.2660911,-33.8393758],[151.2769846,-33.8395286],[151.2878781,-33.8396804],[151.2987717,-33.8398312],[151.3096653,-33.8399811]]}},{"type":"Feature","properties":{"axis":"N","value":6254400,"spacing":100,"datum":"gda94"},"geometry":{"type":"LineString","coordinates":[[151.1789659,-33.8372177],[151.1898585,-33.8373781],[151.2007512,-33.8375376],[151.211644,-33.8376961],[151.2225369,-33.8378537],[151.2334299,-33.8380103],[151.244323,-33.8381659],[151.2552161,-33.8383206],[151.2661094,-33.8384743],[151.2770027,-33.8386271],[151.2878961,-33.8387789],[151.2987895,-33.8389297],[151.3096831,-33.8390796]]}},{"type":"Feature","properties":{"axis":"N","value":6254500,"spacing":100,"datum":"gda94"},"geometry":{"type":"LineString","coordinates":[[151.178985,-33.8363162],[151.1898775,-33.8364767],[151.2007701,-33.8366362],[151.2116628,-33.8367947],[151.2225556,-33.8369522],[151.2334485,-33.8371088],[151.2443414,-33.8372644],[151.2552345,-33.8374191],[151.2661276,-33.8375728],[151.2770208,-33.8377256],[151.2879141,-33.8378774],[151.2988074,-33.8380282],[151.3097009,-33.838178]]}},{"type":"Feature","properties":{"axis":"N","value":6254600,"spacing":100,"datum":"gda94"},"geometry":{"type":"LineString","coordinates":[[151.1790041,-33.8354148],[151.1898965,-33.8355752],[151.200789,-33.8357347],[151.2116816,-33.8358932],[151.2225743,-33.8360507],[151.233467,-33.8362073],[151.2443599,-33.836363],[151.2552528,-33.8365176],[151.2661458,-33.8366713],[151.2770389,-33.8368241],[151.287932,-33.8369758],[151.2988253,-33.8371267],[151.3097186,-33.8372765]]}},{"type":"Feature","properties":{"axis":"N","value":6254700,"spacing":100,"datum":"gda94"},"geometry":{"type":"LineString","coordinates":[[151.1790232,-33.8345133],[151.1899155,-33.8346737],[151.2008079,-33.8348332],[151.2117004,-33.8349917],[151.2225929,-33.8351493],[151.2334856,-33.8353058],[151.2443783,-33.8354615],[151.2552711,-33.8356161],[151.266164,-33.8357698],[151.277057,-33.8359226],[151.28795,-33.8360743],[151.2988431,-33.8362251],[151.3097364,-33.836375]]}},{"type":"Feature","properties":{"axis":"N","value":6254800,"spacing":100,"datum":"gda94"},"geometry":{"type":"LineString","coordinates":[[151.1790424,-33.8336119],[151.1899345,-33.8337723],[151.2008268,-33.8339317],[151.2117192,-33.8340902],[151.2226116,-33.8342478],[151.2335041,-33.8344044],[151.2443967,-33.83456],[151.2552894,-33.8347146],[151.2661822,-33.8348683],[151.2770751,-33.835021],[151.287968,-33.8351728],[151.298861,-33.8353236],[151.3097541,-33.8354735]]}},{"type":"Feature","properties":{"axis":"N","value":6254900,"spacing":100,"datum":"gda94"},"geometry":{"type":"LineString","coordinates":[[151.1790615,-33.8327104],[151.1899535,-33.8328708],[151.2008457,-33.8330303],[151.2117379,-33.8331888],[151.2226303,-33.8333463],[151.2335227,-33.8335029],[151.2444152,-33.8336585],[151.2553077,-33.8338131],[151.2662004,-33.8339668],[151.2770931,-33.8341195],[151.287986,-33.8342713],[151.2988789,-33.8344221],[151.3097719,-33.8345719]]}},{"type":"Feature","properties":{"axis":"N","value":6255100,"spacing":100,"datum":"gda94"},"geometry":{"type":"LineString","coordinates":[[151.1790997,-33.8309075],[151.1899916,-33.8310679],[151.2008835,-33.8312273],[151.2117755,-33.8313858],[151.2226676,-33.8315433],[151.2335598,-33.8316999],[151.244452,-33.8318555],[151.2553444,-33.8320101],[151.2662368,-33.8321638],[151.2771293,-33.8323165],[151.2880219,-33.8324683],[151.2989146,-33.8326191],[151.3098074,-33.8327689]]}},{"type":"Feature","properties":{"axis":"N","value":6255200,"spacing":100,"datum":"gda94"},"geometry":{"type":"LineString","coordinates":[[151.1791188,-33.830006],[151.1900106,-33.8301664],[151.2009024,-33.8303259],[151.2117943,-33.8304843],[151.2226863,-33.8306419],[151.2335783,-33.8307984],[151.2444705,-33.830954],[151.2553627,-33.8311086],[151.266255,-33.8312623],[151.2771474,-33.831415],[151.2880399,-33.8315668],[151.2989325,-33.8317176],[151.3098251,-33.8318674]]}},{"type":"Feature","properties":{"axis":"N","value":6255300,"spacing":100,"datum":"gda94"},"geometry":{"type":"LineString","coordinates":[[151.1791379,-33.8291046],[151.1900296,-33.829265],[151.2009213,-33.8294244],[151.211813,-33.8295829],[151.2227049,-33.8297404],[151.2335969,-33.8298969],[151.2444889,-33.8300525],[151.255381,-33.8302071],[151.2662732,-33.8303608],[151.2771655,-33.8305135],[151.2880579,-33.8306653],[151.2989503,-33.830816],[151.3098429,-33.8309659]]}},{"type":"Feature","properties":{"axis":"N","value":6255400,"spacing":100,"datum":"gda94"},"geometry":{"type":"LineString","coordinates":[[151.1791571,-33.8282031],[151.1900486,-33.8283635],[151.2009401,-33.8285229],[151.2118318,-33.8286814],[151.2227236,-33.8288389],[151.2336154,-33.8289954],[151.2445073,-33.829151],[151.2553993,-33.8293056],[151.2662914,-33.8294593],[151.2771836,-33.829612],[151.2880759,-33.8297637],[151.2989682,-33.8299145],[151.3098606,-33.8300643]]}},{"type":"Feature","properties":{"axis":"N","value":6255500,"spacing":100,"datum":"gda94"},"geometry":{"type":"LineString","coordinates":[[151.1791762,-33.8273016],[151.1900676,-33.827462],[151.200959,-33.8276214],[151.2118506,-33.8277799],[151.2227422,-33.8279374],[151.233634,-33.8280939],[151.2445258,-33.8282495],[151.2554177,-33.8284041],[151.2663096,-33.8285578],[151.2772017,-33.8287105],[151.2880938,-33.8288622],[151.298986,-33.829013],[151.3098783,-33.8291628]]}},{"type":"Feature","properties":{"axis":"N","value":6255600,"spacing":100,"datum":"gda94"},"geometry":{"type":"LineString","coordinates":[[151.1791953,-33.8264002],[151.1900866,-33.8265606],[151.2009779,-33.82672],[151.2118694,-33.8268784],[151.2227609,-33.8270359],[151.2336525,-33.8271925],[151.2445442,-33.827348],[151.255436,-33.8275026],[151.2663278,-33.8276563],[151.2772198,-33.827809],[151.2881118,-33.8279607],[151.2990039,-33.8281115],[151.3098961,-33.8282613]]}},{"type":"Feature","properties":{"axis":"N","value":6255700,"spacing":100,"datum":"gda94"},"geometry":{"type":"LineString","coordinates":[[151.1792144,-33.8254987],[151.1901056,-33.8256591],[151.2009968,-33.8258185],[151.2118881,-33.825977],[151.2227795,-33.8261344],[151.233671,-33.826291],[151.2445626,-33.8264465],[151.2554543,-33.8266011],[151.266346,-33.8267548],[151.2772379,-33.8269075],[151.2881298,-33.8270592],[151.2990218,-33.82721],[151.3099138,-33.8273598]]}},{"type":"Feature","properties":{"axis":"N","value":6255800,"spacing":100,"datum":"gda94"},"geometry":{"type":"LineString","coordinates":[[151.1792335,-33.8245973],[151.1901246,-33.8247576],[151.2010157,-33.824917],[151.2119069,-33.8250755],[151.2227982,-33.825233],[151.2336896,-33.8253895],[151.2445811,-33.825545],[151.2554726,-33.8256996],[151.2663642,-33.8258533],[151.2772559,-33.826006],[151.2881477,-33.8261577],[151.2990396,-33.8263084],[151.3099316,-33.8264582]]}},{"type":"Feature","properties":{"axis":"N","value":6255900,"spacing":100,"datum":"gda94"},"geometry":{"type":"LineString","coordinates":[[151.1792526,-33.8236958],[151.1901436,-33.8238562],[151.2010346,-33.8240156],[151.2119257,-33.824174],[151.2228169,-33.8243315],[151.2337081,-33.824488],[151.2445995,-33.8246436],[151.2554909,-33.8247982],[151.2663824,-33.8249518],[151.277274,-33.8251045],[151.2881657,-33.8252562],[151.2990575,-33.8254069],[151.3099493,-33.8255567]]}},{"type":"Feature","properties":{"axis":"N","value":6256100,"spacing":100,"datum":"gda94"},"geometry":{"type":"LineString","coordinates":[[151.1792909,-33.8218929],[151.1901816,-33.8220532],[151.2010723,-33.8222126],[151.2119632,-33.822371],[151.2228542,-33.8225285],[151.2337452,-33.822685],[151.2446363,-33.8228406],[151.2555275,-33.8229952],[151.2664188,-33.8231488],[151.2773102,-33.8233014],[151.2882017,-33.8234531],[151.2990932,-33.8236039],[151.3099848,-33.8237537]]}},{"type":"Feature","properties":{"axis":"N","value":6256200,"spacing":100,"datum":"gda94"},"geometry":{"type":"LineString","coordinates":[[151.17931,-33.8209914],[151.1902006,-33.8211518],[151.2010912,-33.8213111],[151.211982,-33.8214696],[151.2228728,-33.821627],[151.2337637,-33.8217835],[151.2446548,-33.8219391],[151.2555458,-33.8220937],[151.266437,-33.8222473],[151.2773283,-33.8223999],[151.2882196,-33.8225516],[151.299111,-33.8227024],[151.3100025,-33.8228521]]}}]}