{"type":"FeatureCollection","features":[{"type":"Feature","properties":{"axis":"E","value":442000,"spacing":1000,"datum":"ed50"},"geometry":{"type":"LineString","coordinates":[[2.2090333,48.7934114],[2.2088918,48.8024064],[2.2087503,48.8114014],[2.2086087,48.8203964],[2.2084671,48.8293913],[2.2083253,48.8383863],[2.2081835,48.8473812],[2.2080417,48.8563761],[2.2078997,48.865371],[2.2077577,48.8743659],[2.2076157,48.8833608],[2.2074735,48.8923556],[2.2073313,48.9013505],[2.207189,48.9103453]]}},{"type":"Feature","properties":{"axis":"E","value":443000,"spacing":1000,"datum":"ed50"},"geometry":{"type":"LineString","coordinates":[[2.2226476,48.793504],[2.2225086,48.8024991],[2.2223695,48.8114941],[2.2222304,48.8204891],[2.2220911,48.8294841],[2.2219519,48.838479],[2.2218125,48.847474],[2.2216731,48.8564689],[2.2215336,48.8654639],[2.221394,48.8744588],[2.2212544,48.8834537],[2.2211147,48.8924486],[2.2209749,48.9014435],[2.2208351,48.9104383]]}},{"type":"Feature","properties":{"axis":"E","value":444000,"spacing":1000,"datum":"ed50"},"geometry":{"type":"LineString","coordinates":[[2.236262,48.7935951],[2.2361254,48.8025901],[2.2359888,48.8115852],[2.2358521,48.8205802],[2.2357153,48.8295752],[2.2355784,48.8385702],[2.2354415,48.8475652],[2.2353045,48.8565602],[2.2351675,48.8655551],[2.2350304,48.8745501],[2.2348932,48.883545],[2.2347559,48.8925399],[2.2346186,48.9015348],[2.2344812,48.9105297]]}},{"type":"Feature","properties":{"axis":"E","value":445000,"spacing":1000,"datum":"ed50"},"geometry":{"type":"LineString","coordinates":[[2.2498765,48.7936845],[2.2497423,48.8026796],[2.2496081,48.8116746],[2.2494739,48.8206697],[2.2493395,48.8296647],[2.2492051,48.8386598],[2.2490706,48.8476548],[2.2489361,48.8566498],[2.2488015,48.8656448],[2.2486668,48.8746397],[2.2485321,48.8836347],[2.2483973,48.8926296],[2.2482624,48.9016246],[2.2481274,48.9106195]]}},{"type":"Feature","properties":{"axis":"E","value":446000,"spacing":1000,"datum":"ed50"},"geometry":{"type":"LineString","coordinates":[[2.263491,48.7937723],[2.2633593,48.8027674],[2.2632275,48.8117625],[2.2630957,48.8207576],[2.2629638,48.8297526],[2.2628318,48.8387477],[2.2626998,48.8477427],[2.2625677,48.8567378],[2.2624355,48.8657328],[2.2623033,48.8747278],[2.262171,48.8837228],[2.2620386,48.8927177],[2.2619062,48.9017127],[2.2617737,48.9107076]]}},{"type":"Feature","properties":{"axis":"E","value":447000,"spacing":1000,"datum":"ed50"},"geometry":{"type":"LineString","coordinates":[[2.2771056,48.7938585],[2.2769763,48.8028536],[2.276847,48.8118487],[2.2767176,48.8208438],[2.2765881,48.8298389],[2.2764586,48.838834],[2.276329,48.8478291],[2.2761994,48.8568242],[2.2760696,48.8658192],[2.2759398,48.8748142],[2.27581,48.8838092],[2.2756801,48.8928042],[2.2755501,48.9017992],[2.2754201,48.9107942]]}},{"type":"Feature","properties":{"axis":"E","value":448000,"spacing":1000,"datum":"ed50"},"geometry":{"type":"LineString","coordinates":[[2.2907203,48.7939431],[2.2905935,48.8029382],[2.2904666,48.8119334],[2.2903396,48.8209285],[2.2902126,48.8299236],[2.2900855,48.8389187],[2.2899583,48.8479138],[2.2898311,48.8569089],[2.2897038,48.865904],[2.2895765,48.874899],[2.2894491,48.8838941],[2.2893216,48.8928891],[2.2891941,48.9018841],[2.2890665,48.9108791]]}},{"type":"Feature","properties":{"axis":"E","value":449000,"spacing":1000,"datum":"ed50"},"geometry":{"type":"LineString","coordinates":[[2.304335,48.794026],[2.3042106,48.8030212],[2.3040862,48.8120164],[2.3039616,48.8210116],[2.303837,48.8300067],[2.3037124,48.8390019],[2.3035877,48.847997],[2.3034629,48.8569921],[2.3033381,48.8659872],[2.3032132,48.8749823],[2.3030882,48.8839773],[2.3029632,48.8929724],[2.3028381,48.9019674],[2.3027129,48.9109624]]}},{"type":"Feature","properties":{"axis":"E","value":450000,"spacing":1000,"datum":"ed50"},"geometry":{"type":"LineString","coordinates":[[2.3179498,48.7941074],[2.3178278,48.8031026],[2.3177058,48.8120978],[2.3175837,48.821093],[2.3174616,48.8300882],[2.3173394,48.8390834],[2.3172171,48.8480785],[2.3170948,48.8570736],[2.3169724,48.8660688],[2.3168499,48.8750639],[2.3167274,48.884059],[2.3166048,48.893054],[2.3164822,48.9020491],[2.3163595,48.9110441]]}},{"type":"Feature","properties":{"axis":"E","value":451000,"spacing":1000,"datum":"ed50"},"geometry":{"type":"LineString","coordinates":[[2.3315647,48.7941872],[2.3314451,48.8031824],[2.3313255,48.8121776],[2.3312059,48.8211729],[2.3310862,48.8301681],[2.3309664,48.8391632],[2.3308466,48.8481584],[2.3307267,48.8571536],[2.3306067,48.8661487],[2.3304867,48.8751438],[2.3303666,48.884139],[2.3302465,48.8931341],[2.3301263,48.9021292],[2.3300061,48.9111242]]}},{"type":"Feature","properties":{"axis":"E","value":452000,"spacing":1000,"datum":"ed50"},"geometry":{"type":"LineString","coordinates":[[2.3451796,48.7942653],[2.3450625,48.8032606],[2.3449453,48.8122558],[2.3448281,48.8212511],[2.3447108,48.8302463],[2.3445935,48.8392415],[2.3444761,48.8482367],[2.3443586,48.8572319],[2.3442411,48.8662271],[2.3441236,48.8752222],[2.3440059,48.8842174],[2.3438883,48.8932125],[2.3437705,48.9022076],[2.3436527,48.9112027]]}},{"type":"Feature","properties":{"axis":"E","value":453000,"spacing":1000,"datum":"ed50"},"geometry":{"type":"LineString","coordinates":[[2.3587946,48.7943419],[2.3586799,48.8033372],[2.3585652,48.8123324],[2.3584504,48.8213277],[2.3583355,48.8303229],[2.3582206,48.8393182],[2.3581057,48.8483134],[2.3579907,48.8573086],[2.3578756,48.8663038],[2.3577605,48.875299],[2.3576453,48.8842942],[2.3575301,48.8932893],[2.3574148,48.9022844],[2.3572994,48.9112796]]}},{"type":"Feature","properties":{"axis":"E","value":454000,"spacing":1000,"datum":"ed50"},"geometry":{"type":"LineString","coordinates":[[2.3724096,48.7944168],[2.3722974,48.8034121],[2.3721851,48.8124074],[2.3720727,48.8214027],[2.3719603,48.830398],[2.3718479,48.8393932],[2.3717353,48.8483885],[2.3716228,48.8573837],[2.3715102,48.8663789],[2.3713975,48.8753741],[2.3712847,48.8843693],[2.371172,48.8933645],[2.3710591,48.9023597],[2.3709462,48.9113548]]}},{"type":"Feature","properties":{"axis":"E","value":455000,"spacing":1000,"datum":"ed50"},"geometry":{"type":"LineString","coordinates":[[2.3860247,48.7944901],[2.3859149,48.8034855],[2.385805,48.8124808],[2.3856951,48.8214761],[2.3855851,48.8304714],[2.3854751,48.8394667],[2.3853651,48.848462],[2.3852549,48.8574572],[2.3851448,48.8664524],[2.3850345,48.8754477],[2.3849242,48.8844429],[2.3848139,48.8934381],[2.3847035,48.9024333],[2.384593,48.9114284]]}},{"type":"Feature","properties":{"axis":"N","value":5405000,"spacing":1000,"datum":"ed50"},"geometry":{"type":"LineString","coordinates":[[2.2090333,48.7934114],[2.2226476,48.793504],[2.236262,48.7935951],[2.2498765,48.7936845],[2.263491,48.7937723],[2.2771056,48.7938585],[2.2907203,48.7939431],[2.304335,48.794026],[2.3179498,48.7941074],[2.3315647,48.7941872],[2.3451796,48.7942653],[2.3587946,48.7943419],[2.3724096,48.7944168],[2.3860247,48.7944901]]}},{"type":"Feature","properties":{"axis":"N","value":5406000,"spacing":1000,"datum":"ed50"},"geometry":{"type":"LineString","coordinates":[[2.2088918,48.8024064],[2.2225086,48.8024991],[2.2361254,48.8025901],[2.2497423,48.8026796],[2.2633593,48.8027674],[2.2769763,48.8028536],[2.2905935,48.8029382],[2.3042106,48.8030212],[2.3178278,48.8031026],[2.3314451,48.8031824],[2.3450625,48.8032606],[2.3586799,48.8033372],[2.3722974,48.8034121],[2.3859149,48.8034855]]}},{"type":"Feature","properties":{"axis":"N","value":5407000,"spacing":1000,"datum":"ed50"},"geometry":{"type":"LineString","coordinates":[[2.2087503,48.8114014],[2.2223695,48.8114941],[2.2359888,48.8115852],[2.2496081,48.8116746],[2.2632275,48.8117625],[2.276847,48.8118487],[2.2904666,48.8119334],[2.3040862,48.8120164],[2.3177058,48.8120978],[2.3313255,48.8121776],[2.3449453,48.8122558],[2.3585652,48.8123324],[2.3721851,48.8124074],[2.385805,48.8124808]]}},{"type":"Feature","properties":{"axis":"N","value":5408000,"spacing":1000,"datum":"ed50"},"geometry":{"type":"LineString","coordinates":[[2.2086087,48.8203964],[2.2222304,48.8204891],[2.2358521,48.8205802],[2.2494739,48.8206697],[2.2630957,48.8207576],[2.2767176,48.8208438],[2.2903396,48.8209285],[2.3039616,48.8210116],[2.3175837,48.821093],[2.3312059,48.8211729],[2.3448281,48.8212511],[2.3584504,48.8213277],[2.3720727,48.8214027],[2.3856951,48.8214761]]}},{"type":"Feature","properties":{"axis":"N","value":5409000,"spacing":1000,"datum":"ed50"},"geometry":{"type":"LineString","coordinates":[[2.2084671,48.8293913],[2.2220911,48.8294841],[2.2357153,48.8295752],[2.2493395,48.8296647],[2.2629638,48.8297526],[2.2765881,48.8298389],[2.2902126,48.8299236],[2.303837,48.8300067],[2.3174616,48.8300882],[2.3310862,48.8301681],[2.3447108,48.8302463],[2.3583355,48.8303229],[2.3719603,48.830398],[2.3855851,48.8304714]]}},{"type":"Feature","properties":{"axis":"N","value":5410000,"spacing":1000,"datum":"ed50"},"geometry":{"type":"LineString","coordinates":[[2.2083253,48.8383863],[2.2219519,48.838479],[2.2355784,48.8385702],[2.2492051,48.8386598],[2.2628318,48.8387477],[2.2764586,48.838834],[2.2900855,48.8389187],[2.3037124,48.8390019],[2.3173394,48.8390834],[2.3309664,48.8391632],[2.3445935,48.8392415],[2.3582206,48.8393182],[2.3718479,48.8393932],[2.3854751,48.8394667]]}},{"type":"Feature","properties":{"axis":"N","value":5411000,"spacing":1000,"datum":"ed50"},"geometry":{"type":"LineString","coordinates":[[2.2081835,48.8473812],[2.2218125,48.847474],[2.2354415,48.8475652],[2.2490706,48.8476548],[2.2626998,48.8477427],[2.276329,48.8478291],[2.2899583,48.8479138],[2.3035877,48.847997],[2.3172171,48.8480785],[2.3308466,48.8481584],[2.3444761,48.8482367],[2.3581057,48.8483134],[2.3717353,48.8483885],[2.3853651,48.848462]]}},{"type":"Feature","properties":{"axis":"N","value":5412000,"spacing":1000,"datum":"ed50"},"geometry":{"type":"LineString","coordinates":[[2.2080417,48.8563761],[2.2216731,48.8564689],[2.2353045,48.8565602],[2.2489361,48.8566498],[2.2625677,48.8567378],[2.2761994,48.8568242],[2.2898311,48.8569089],[2.3034629,48.8569921],[2.3170948,48.8570736],[2.3307267,48.8571536],[2.3443586,48.8572319],[2.3579907,48.8573086],[2.3716228,48.8573837],[2.3852549,48.8574572]]}},{"type":"Feature","properties":{"axis":"N","value":5413000,"spacing":1000,"datum":"ed50"},"geometry":{"type":"LineString","coordinates":[[2.2078997,48.865371],[2.2215336,48.8654639],[2.2351675,48.8655551],[2.2488015,48.8656448],[2.2624355,48.8657328],[2.2760696,48.8658192],[2.2897038,48.865904],[2.3033381,48.8659872],[2.3169724,48.8660688],[2.3306067,48.8661487],[2.3442411,48.8662271],[2.3578756,48.8663038],[2.3715102,48.8663789],[2.3851448,48.8664524]]}},{"type":"Feature","properties":{"axis":"N","value":5414000,"spacing":1000,"datum":"ed50"},"geometry":{"type":"LineString","coordinates":[[2.2077577,48.8743659],[2.221394,48.8744588],[2.2350304,48.8745501],[2.2486668,48.8746397],[2.2623033,48.8747278],[2.2759398,48.8748142],[2.2895765,48.874899],[2.3032132,48.8749823],[2.3168499,48.8750639],[2.3304867,48.8751438],[2.3441236,48.8752222],[2.3577605,48.875299],[2.3713975,48.8753741],[2.3850345,48.8754477]]}},{"type":"Feature","properties":{"axis":"N","value":5415000,"spacing":1000,"datum":"ed50"},"geometry":{"type":"LineString","coordinates":[[2.2076157,48.8833608],[2.2212544,48.8834537],[2.2348932,48.883545],[2.2485321,48.8836347],[2.262171,48.8837228],[2.27581,48.8838092],[2.2894491,48.8838941],[2.3030882,48.8839773],[2.3167274,48.884059],[2.3303666,48.884139],[2.3440059,48.8842174],[2.3576453,48.8842942],[2.3712847,48.8843693],[2.3849242,48.8844429]]}},{"type":"Feature","properties":{"axis":"N","value":5416000,"spacing":1000,"datum":"ed50"},"geometry":{"type":"LineString","coordinates":[[2.2074735,48.8923556],[2.2211147,48.8924486],[2.2347559,48.8925399],[2.2483973,48.8926296],[2.2620386,48.8927177],[2.2756801,48.8928042],[2.2893216,48.8928891],[2.3029632,48.8929724],[2.3166048,48.893054],[2.3302465,48.8931341],[2.3438883,48.8932125],[2.3575301,48.8932893],[2.371172,48.8933645],[2.3848139,48.8934381]]}},{"type":"Feature","properties":{"axis":"N","value":5417000,"spacing":1000,"datum":"ed50"},"geometry":{"type":"LineString","coordinates":[[2.2073313,48.9013505],[2.2209749,48.9014435],[2.2346186,48.9015348],[2.2482624,48.9016246],[2.2619062,48.9017127],[2.2755501,48.9017992],[2.2891941,48.9018841],[2.3028381,48.9019674],[2.3164822,48.9020491],[2.3301263,48.9021292],[2.3437705,48.9022076],[2.3574148,48.9022844],[2.3710591,48.9023597],[2.3847035,48.9024333]]}},{"type":"Feature","properties":{"axis":"N","value":5418000,"spacing":1000,"datum":"ed50"},"geometry":{"type":"LineString","coordinates":[[2.207189,48.9103453],[2.2208351,48.9104383],[2.2344812,48.9105297],[2.2481274,48.9106195],[2.2617737,48.9107076],[2.2754201,48.9107942],[2.2890665,48.9108791],[2.3027129,48.9109624],[2.3163595,48.9110441],[2.3300061,48.9111242],[2.3436527,48.9112027],[2.3572994,48.9112796],[2.3709462,48.9113548],[2.384593,48.9114284]]}},{"type":"Feature","properties":{"axis":"E","value":442200,"spacing":100,"datum":"ed50"},"geometry":{"type":"LineString","coordinates":[[2.2116293,48.8015256],[2.2114871,48.8105955],[2.2113448,48.8196655],[2.2112025,48.8287354],[2.2110601,48.8378053],[2.2109176,48.8468752],[2.210775,48.8559451],[2.2106324,48.8650149],[2.2104897,48.8740848],[2.2103469,48.8831546],[2.2102041,48.8922244],[2.2100612,48.9012942],[2.2099182,48.910364]]}},{"type":"Feature","properties":{"axis":"E","value":442300,"spacing":100,"datum":"ed50"},"geometry":{"type":"LineString","coordinates":[[2.2129909,48.8015349],[2.212849,48.8106048],[2.2127069,48.8196748],[2.2125649,48.8287447],[2.2124227,48.8378146],[2.2122805,48.8468845],[2.2121381,48.8559544],[2.2119958,48.8650243],[2.2118533,48.8740941],[2.2117108,48.8831639],[2.2115682,48.8922338],[2.2114256,48.9013036],[2.2112828,48.9103734]]}},{"type":"Feature","properties":{"axis":"E","value":442400,"spacing":100,"datum":"ed50"},"geometry":{"type":"LineString","coordinates":[[2.2143526,48.8015442],[2.2142109,48.8106141],[2.2140691,48.8196841],[2.2139272,48.828754],[2.2137853,48.8378239],[2.2136433,48.8468938],[2.2135013,48.8559637],[2.2133591,48.8650336],[2.2132169,48.8741034],[2.2130747,48.8831733],[2.2129323,48.8922431],[2.2127899,48.9013129],[2.2126474,48.9103827]]}},{"type":"Feature","properties":{"axis":"E","value":442500,"spacing":100,"datum":"ed50"},"geometry":{"type":"LineString","coordinates":[[2.2157142,48.8015534],[2.2155728,48.8106234],[2.2154312,48.8196934],[2.2152896,48.8287633],[2.215148,48.8378332],[2.2150062,48.8469031],[2.2148644,48.855973],[2.2147225,48.8650429],[2.2145806,48.8741127],[2.2144385,48.8831826],[2.2142964,48.8922524],[2.2141543,48.9013222],[2.214012,48.910392]]}},{"type":"Feature","properties":{"axis":"E","value":442600,"spacing":100,"datum":"ed50"},"geometry":{"type":"LineString","coordinates":[[2.2170759,48.8015627],[2.2169347,48.8106327],[2.2167934,48.8197026],[2.216652,48.8287725],[2.2165106,48.8378425],[2.2163691,48.8469124],[2.2162275,48.8559823],[2.2160859,48.8650521],[2.2159442,48.874122],[2.2158024,48.8831918],[2.2156606,48.8922617],[2.2155186,48.9013315],[2.2153766,48.9104013]]}},{"type":"Feature","properties":{"axis":"E","value":442700,"spacing":100,"datum":"ed50"},"geometry":{"type":"LineString","coordinates":[[2.2184375,48.8015719],[2.2182966,48.8106419],[2.2181555,48.8197119],[2.2180144,48.8287818],[2.2178732,48.8378517],[2.217732,48.8469216],[2.2175907,48.8559915],[2.2174493,48.8650614],[2.2173078,48.8741313],[2.2171663,48.8832011],[2.2170247,48.892271],[2.216883,48.9013408],[2.2167413,48.9104106]]}},{"type":"Feature","properties":{"axis":"E","value":442800,"spacing":100,"datum":"ed50"},"geometry":{"type":"LineString","coordinates":[[2.2197992,48.8015812],[2.2196585,48.8106511],[2.2195177,48.8197211],[2.2193768,48.828791],[2.2192359,48.837861],[2.2190949,48.8469309],[2.2189538,48.8560008],[2.2188126,48.8650706],[2.2186714,48.8741405],[2.2185301,48.8832104],[2.2183888,48.8922802],[2.2182474,48.90135],[2.2181059,48.9104198]]}},{"type":"Feature","properties":{"axis":"E","value":442900,"spacing":100,"datum":"ed50"},"geometry":{"type":"LineString","coordinates":[[2.2211608,48.8015904],[2.2210204,48.8106604],[2.2208798,48.8197303],[2.2207392,48.8288003],[2.2205985,48.8378702],[2.2204577,48.8469401],[2.2203169,48.85601],[2.220176,48.8650799],[2.2200351,48.8741497],[2.219894,48.8832196],[2.2197529,48.8922894],[2.2196117,48.9013593],[2.2194705,48.9104291]]}},{"type":"Feature","properties":{"axis":"E","value":443100,"spacing":100,"datum":"ed50"},"geometry":{"type":"LineString","coordinates":[[2.2238841,48.8016087],[2.2237442,48.8106787],[2.2236041,48.8197487],[2.223464,48.8288186],[2.2233238,48.8378886],[2.2231835,48.8469585],[2.2230432,48.8560284],[2.2229028,48.8650983],[2.2227623,48.8741682],[2.2226218,48.883238],[2.2224811,48.8923079],[2.2223404,48.9013777],[2.2221997,48.9104475]]}},{"type":"Feature","properties":{"axis":"E","value":443200,"spacing":100,"datum":"ed50"},"geometry":{"type":"LineString","coordinates":[[2.2252458,48.8016179],[2.2251061,48.8106879],[2.2249663,48.8197579],[2.2248264,48.8288278],[2.2246864,48.8378977],[2.2245464,48.8469677],[2.2244063,48.8560376],[2.2242662,48.8651075],[2.2241259,48.8741773],[2.2239856,48.8832472],[2.2238453,48.8923171],[2.2237048,48.9013869],[2.2235643,48.9104567]]}},{"type":"Feature","properties":{"axis":"E","value":443300,"spacing":100,"datum":"ed50"},"geometry":{"type":"LineString","coordinates":[[2.2266075,48.8016271],[2.226468,48.810697],[2.2263284,48.819767],[2.2261888,48.828837],[2.2260491,48.8379069],[2.2259093,48.8469768],[2.2257694,48.8560467],[2.2256295,48.8651166],[2.2254895,48.8741865],[2.2253495,48.8832564],[2.2252094,48.8923262],[2.2250692,48.9013961],[2.2249289,48.9104659]]}},{"type":"Feature","properties":{"axis":"E","value":443400,"spacing":100,"datum":"ed50"},"geometry":{"type":"LineString","coordinates":[[2.2279691,48.8016362],[2.2278299,48.8107062],[2.2276906,48.8197761],[2.2275512,48.8288461],[2.2274117,48.837916],[2.2272722,48.846986],[2.2271326,48.8560559],[2.2269929,48.8651258],[2.2268532,48.8741957],[2.2267134,48.8832655],[2.2265735,48.8923354],[2.2264335,48.9014052],[2.2262935,48.9104751]]}},{"type":"Feature","properties":{"axis":"E","value":443500,"spacing":100,"datum":"ed50"},"geometry":{"type":"LineString","coordinates":[[2.2293308,48.8016453],[2.2291918,48.8107153],[2.2290527,48.8197853],[2.2289136,48.8288552],[2.2287743,48.8379252],[2.2286351,48.8469951],[2.2284957,48.856065],[2.2283563,48.8651349],[2.2282168,48.8742048],[2.2280772,48.8832747],[2.2279376,48.8923445],[2.2277979,48.9014144],[2.2276581,48.9104842]]}},{"type":"Feature","properties":{"axis":"E","value":443600,"spacing":100,"datum":"ed50"},"geometry":{"type":"LineString","coordinates":[[2.2306924,48.8016544],[2.2305537,48.8107244],[2.2304149,48.8197944],[2.230276,48.8288643],[2.230137,48.8379343],[2.229998,48.8470042],[2.2298589,48.8560741],[2.2297197,48.865144],[2.2295804,48.8742139],[2.2294411,48.8832838],[2.2293017,48.8923537],[2.2291623,48.9014235],[2.2290228,48.9104933]]}},{"type":"Feature","properties":{"axis":"E","value":443700,"spacing":100,"datum":"ed50"},"geometry":{"type":"LineString","coordinates":[[2.2320541,48.8016635],[2.2319156,48.8107335],[2.231777,48.8198034],[2.2316384,48.8288734],[2.2314996,48.8379434],[2.2313608,48.8470133],[2.231222,48.8560832],[2.2310831,48.8651531],[2.2309441,48.874223],[2.230805,48.8832929],[2.2306659,48.8923628],[2.2305266,48.9014326],[2.2303874,48.9105025]]}},{"type":"Feature","properties":{"axis":"E","value":443800,"spacing":100,"datum":"ed50"},"geometry":{"type":"LineString","coordinates":[[2.2334158,48.8016725],[2.2332775,48.8107425],[2.2331392,48.8198125],[2.2330008,48.8288825],[2.2328623,48.8379524],[2.2327237,48.8470224],[2.2325851,48.8560923],[2.2324464,48.8651622],[2.2323077,48.8742321],[2.2321689,48.883302],[2.23203,48.8923719],[2.231891,48.9014417],[2.231752,48.9105116]]}},{"type":"Feature","properties":{"axis":"E","value":443900,"spacing":100,"datum":"ed50"},"geometry":{"type":"LineString","coordinates":[[2.2347774,48.8016816],[2.2346394,48.8107516],[2.2345013,48.8198216],[2.2343632,48.8288915],[2.2342249,48.8379615],[2.2340866,48.8470314],[2.2339483,48.8561014],[2.2338098,48.8651713],[2.2336713,48.8742412],[2.2335327,48.8833111],[2.2333941,48.8923809],[2.2332554,48.9014508],[2.2331166,48.9105206]]}},{"type":"Feature","properties":{"axis":"E","value":444100,"spacing":100,"datum":"ed50"},"geometry":{"type":"LineString","coordinates":[[2.2375008,48.8016996],[2.2373632,48.8107696],[2.2372256,48.8198396],[2.237088,48.8289096],[2.2369502,48.8379796],[2.2368124,48.8470495],[2.2366745,48.8561195],[2.2365366,48.8651894],[2.2363986,48.8742593],[2.2362605,48.8833292],[2.2361223,48.892399],[2.2359841,48.9014689],[2.2358458,48.9105387]]}},{"type":"Feature","properties":{"axis":"E","value":444200,"spacing":100,"datum":"ed50"},"geometry":{"type":"LineString","coordinates":[[2.2388624,48.8017086],[2.2387251,48.8107786],[2.2385878,48.8198486],[2.2384504,48.8289186],[2.2383129,48.8379886],[2.2381753,48.8470585],[2.2380377,48.8561285],[2.2379,48.8651984],[2.2377622,48.8742683],[2.2376244,48.8833382],[2.2374865,48.8924081],[2.2373485,48.9014779],[2.2372105,48.9105478]]}},{"type":"Feature","properties":{"axis":"E","value":444300,"spacing":100,"datum":"ed50"},"geometry":{"type":"LineString","coordinates":[[2.2402241,48.8017176],[2.240087,48.8107876],[2.2399499,48.8198576],[2.2398128,48.8289276],[2.2396755,48.8379976],[2.2395382,48.8470675],[2.2394008,48.8561375],[2.2392634,48.8652074],[2.2391258,48.8742773],[2.2389883,48.8833472],[2.2388506,48.8924171],[2.2387129,48.9014869],[2.2385751,48.9105568]]}},{"type":"Feature","properties":{"axis":"E","value":444400,"spacing":100,"datum":"ed50"},"geometry":{"type":"LineString","coordinates":[[2.2415857,48.8017266],[2.241449,48.8107966],[2.2413121,48.8198666],[2.2411752,48.8289366],[2.2410382,48.8380066],[2.2409011,48.8470765],[2.240764,48.8561465],[2.2406268,48.8652164],[2.2404895,48.8742863],[2.2403521,48.8833562],[2.2402147,48.8924261],[2.2400772,48.9014959],[2.2399397,48.9105658]]}},{"type":"Feature","properties":{"axis":"E","value":444500,"spacing":100,"datum":"ed50"},"geometry":{"type":"LineString","coordinates":[[2.2429474,48.8017355],[2.2428109,48.8108056],[2.2426742,48.8198756],[2.2425376,48.8289455],[2.2424008,48.8380155],[2.242264,48.8470855],[2.2421271,48.8561554],[2.2419901,48.8652254],[2.2418531,48.8742953],[2.241716,48.8833652],[2.2415789,48.8924351],[2.2414416,48.9015049],[2.2413043,48.9105748]]}},{"type":"Feature","properties":{"axis":"E","value":444600,"spacing":100,"datum":"ed50"},"geometry":{"type":"LineString","coordinates":[[2.2443091,48.8017445],[2.2441728,48.8108145],[2.2440364,48.8198845],[2.2439,48.8289545],[2.2437635,48.8380245],[2.2436269,48.8470944],[2.2434902,48.8561644],[2.2433535,48.8652343],[2.2432167,48.8743042],[2.2430799,48.8833741],[2.242943,48.892444],[2.242806,48.9015139],[2.2426689,48.9105838]]}},{"type":"Feature","properties":{"axis":"E","value":444700,"spacing":100,"datum":"ed50"},"geometry":{"type":"LineString","coordinates":[[2.2456707,48.8017534],[2.2455347,48.8108234],[2.2453986,48.8198934],[2.2452624,48.8289634],[2.2451261,48.8380334],[2.2449898,48.8471034],[2.2448534,48.8561733],[2.2447169,48.8652432],[2.2445804,48.8743132],[2.2444438,48.8833831],[2.2443071,48.892453],[2.2441704,48.9015228],[2.2440336,48.9105927]]}},{"type":"Feature","properties":{"axis":"E","value":444800,"spacing":100,"datum":"ed50"},"geometry":{"type":"LineString","coordinates":[[2.2470324,48.8017623],[2.2468966,48.8108323],[2.2467607,48.8199023],[2.2466248,48.8289723],[2.2464888,48.8380423],[2.2463527,48.8471123],[2.2462165,48.8561822],[2.2460803,48.8652522],[2.245944,48.8743221],[2.2458077,48.883392],[2.2456712,48.8924619],[2.2455347,48.9015318],[2.2453982,48.9106016]]}},{"type":"Feature","properties":{"axis":"E","value":444900,"spacing":100,"datum":"ed50"},"geometry":{"type":"LineString","coordinates":[[2.2483941,48.8017712],[2.2482585,48.8108412],[2.2481229,48.8199112],[2.2479872,48.8289812],[2.2478514,48.8380512],[2.2477156,48.8471212],[2.2475797,48.8561911],[2.2474437,48.8652611],[2.2473077,48.874331],[2.2471715,48.8834009],[2.2470354,48.8924708],[2.2468991,48.9015407],[2.2467628,48.9106106]]}},{"type":"Feature","properties":{"axis":"E","value":445100,"spacing":100,"datum":"ed50"},"geometry":{"type":"LineString","coordinates":[[2.2511174,48.8017889],[2.2509823,48.8108589],[2.2508472,48.819929],[2.250712,48.828999],[2.2505767,48.838069],[2.2504414,48.8471389],[2.250306,48.8562089],[2.2501705,48.8652788],[2.2500349,48.8743488],[2.2498993,48.8834187],[2.2497636,48.8924886],[2.2496279,48.9015585],[2.2494921,48.9106284]]}},{"type":"Feature","properties":{"axis":"E","value":445200,"spacing":100,"datum":"ed50"},"geometry":{"type":"LineString","coordinates":[[2.2524791,48.8017977],[2.2523443,48.8108678],[2.2522094,48.8199378],[2.2520744,48.8290078],[2.2519394,48.8380778],[2.2518043,48.8471478],[2.2516691,48.8562178],[2.2515339,48.8652877],[2.2513986,48.8743576],[2.2512632,48.8834276],[2.2511278,48.8924975],[2.2509923,48.9015674],[2.2508567,48.9106372]]}},{"type":"Feature","properties":{"axis":"E","value":445300,"spacing":100,"datum":"ed50"},"geometry":{"type":"LineString","coordinates":[[2.2538408,48.8018066],[2.2537062,48.8108766],[2.2535715,48.8199466],[2.2534368,48.8290166],[2.253302,48.8380866],[2.2531672,48.8471566],[2.2530323,48.8562266],[2.2528973,48.8652965],[2.2527622,48.8743665],[2.2526271,48.8834364],[2.2524919,48.8925063],[2.2523566,48.9015762],[2.2522213,48.9106461]]}},{"type":"Feature","properties":{"axis":"E","value":445400,"spacing":100,"datum":"ed50"},"geometry":{"type":"LineString","coordinates":[[2.2552024,48.8018154],[2.2550681,48.8108854],[2.2549337,48.8199554],[2.2547992,48.8290255],[2.2546647,48.8380955],[2.2545301,48.8471654],[2.2543954,48.8562354],[2.2542607,48.8653054],[2.2541258,48.8743753],[2.253991,48.8834452],[2.253856,48.8925152],[2.253721,48.9015851],[2.2535859,48.9106549]]}},{"type":"Feature","properties":{"axis":"E","value":445500,"spacing":100,"datum":"ed50"},"geometry":{"type":"LineString","coordinates":[[2.2565641,48.8018242],[2.25643,48.8108942],[2.2562959,48.8199642],[2.2561616,48.8290343],[2.2560273,48.8381043],[2.255893,48.8471743],[2.2557585,48.8562442],[2.2556241,48.8653142],[2.2554895,48.8743841],[2.2553549,48.8834541],[2.2552202,48.892524],[2.2550854,48.9015939],[2.2549506,48.9106638]]}},{"type":"Feature","properties":{"axis":"E","value":445600,"spacing":100,"datum":"ed50"},"geometry":{"type":"LineString","coordinates":[[2.2579258,48.8018329],[2.2577919,48.810903],[2.257658,48.819973],[2.257524,48.829043],[2.25739,48.838113],[2.2572559,48.847183],[2.2571217,48.856253],[2.2569874,48.865323],[2.2568531,48.8743929],[2.2567187,48.8834629],[2.2565843,48.8925328],[2.2564498,48.9016027],[2.2563152,48.9106726]]}},{"type":"Feature","properties":{"axis":"E","value":445700,"spacing":100,"datum":"ed50"},"geometry":{"type":"LineString","coordinates":[[2.2592875,48.8018417],[2.2591539,48.8109117],[2.2590202,48.8199818],[2.2588865,48.8290518],[2.2587526,48.8381218],[2.2586188,48.8471918],[2.2584848,48.8562618],[2.2583508,48.8653318],[2.2582168,48.8744017],[2.2580826,48.8834716],[2.2579484,48.8925416],[2.2578142,48.9016115],[2.2576798,48.9106814]]}},{"type":"Feature","properties":{"axis":"E","value":445800,"spacing":100,"datum":"ed50"},"geometry":{"type":"LineString","coordinates":[[2.2606491,48.8018504],[2.2605158,48.8109205],[2.2603824,48.8199905],[2.2602489,48.8290606],[2.2601153,48.8381306],[2.2599817,48.8472006],[2.259848,48.8562705],[2.2597142,48.8653405],[2.2595804,48.8744105],[2.2594465,48.8834804],[2.2593126,48.8925503],[2.2591785,48.9016202],[2.2590445,48.9106901]]}},{"type":"Feature","properties":{"axis":"E","value":445900,"spacing":100,"datum":"ed50"},"geometry":{"type":"LineString","coordinates":[[2.2620108,48.8018592],[2.2618777,48.8109292],[2.2617445,48.8199993],[2.2616113,48.8290693],[2.261478,48.8381393],[2.2613446,48.8472093],[2.2612111,48.8562793],[2.2610776,48.8653493],[2.2609441,48.8744192],[2.2608104,48.8834892],[2.2606767,48.8925591],[2.2605429,48.901629],[2.2604091,48.9106989]]}},{"type":"Feature","properties":{"axis":"E","value":446100,"spacing":100,"datum":"ed50"},"geometry":{"type":"LineString","coordinates":[[2.2647342,48.8018766],[2.2646015,48.8109466],[2.2644689,48.8200167],[2.2643361,48.8290867],[2.2642033,48.8381567],[2.2640704,48.8472267],[2.2639374,48.8562967],[2.2638044,48.8653667],[2.2636713,48.8744367],[2.2635382,48.8835066],[2.263405,48.8925765],[2.2632717,48.9016465],[2.2631383,48.9107164]]}},{"type":"Feature","properties":{"axis":"E","value":446200,"spacing":100,"datum":"ed50"},"geometry":{"type":"LineString","coordinates":[[2.2660958,48.8018852],[2.2659635,48.8109553],[2.265831,48.8200254],[2.2656985,48.8290954],[2.2655659,48.8381654],[2.2654333,48.8472354],[2.2653006,48.8563054],[2.2651678,48.8653754],[2.265035,48.8744454],[2.2649021,48.8835153],[2.2647691,48.8925853],[2.2646361,48.9016552],[2.264503,48.9107251]]}},{"type":"Feature","properties":{"axis":"E","value":446300,"spacing":100,"datum":"ed50"},"geometry":{"type":"LineString","coordinates":[[2.2674575,48.8018939],[2.2673254,48.810964],[2.2671932,48.820034],[2.2670609,48.8291041],[2.2669286,48.8381741],[2.2667962,48.8472441],[2.2666638,48.8563141],[2.2665312,48.8653841],[2.2663986,48.8744541],[2.266266,48.883524],[2.2661333,48.8925939],[2.2660005,48.9016639],[2.2658676,48.9107338]]}},{"type":"Feature","properties":{"axis":"E","value":446400,"spacing":100,"datum":"ed50"},"geometry":{"type":"LineString","coordinates":[[2.2688192,48.8019026],[2.2686873,48.8109726],[2.2685554,48.8200427],[2.2684233,48.8291127],[2.2682913,48.8381828],[2.2681591,48.8472528],[2.2680269,48.8563228],[2.2678946,48.8653927],[2.2677623,48.8744627],[2.2676299,48.8835327],[2.2674974,48.8926026],[2.2673649,48.9016725],[2.2672322,48.9107424]]}},{"type":"Feature","properties":{"axis":"E","value":446500,"spacing":100,"datum":"ed50"},"geometry":{"type":"LineString","coordinates":[[2.2701809,48.8019112],[2.2700492,48.8109813],[2.2699175,48.8200513],[2.2697858,48.8291214],[2.2696539,48.8381914],[2.269522,48.8472614],[2.2693901,48.8563314],[2.269258,48.8654014],[2.2691259,48.8744714],[2.2689938,48.8835413],[2.2688615,48.8926113],[2.2687292,48.9016812],[2.2685969,48.9107511]]}},{"type":"Feature","properties":{"axis":"E","value":446600,"spacing":100,"datum":"ed50"},"geometry":{"type":"LineString","coordinates":[[2.2715426,48.8019198],[2.2714112,48.8109899],[2.2712797,48.8200599],[2.2711482,48.82913],[2.2710166,48.8382],[2.2708849,48.84727],[2.2707532,48.85634],[2.2706214,48.86541],[2.2704896,48.87448],[2.2703577,48.88355],[2.2702257,48.8926199],[2.2700936,48.9016898],[2.2699615,48.9107598]]}},{"type":"Feature","properties":{"axis":"E","value":446700,"spacing":100,"datum":"ed50"},"geometry":{"type":"LineString","coordinates":[[2.2729042,48.8019284],[2.2727731,48.8109985],[2.2726419,48.8200685],[2.2725106,48.8291386],[2.2723793,48.8382086],[2.2722478,48.8472786],[2.2721164,48.8563487],[2.2719848,48.8654186],[2.2718532,48.8744886],[2.2717216,48.8835586],[2.2715898,48.8926285],[2.271458,48.9016985],[2.2713261,48.9107684]]}},{"type":"Feature","properties":{"axis":"E","value":446800,"spacing":100,"datum":"ed50"},"geometry":{"type":"LineString","coordinates":[[2.2742659,48.801937],[2.274135,48.8110071],[2.274004,48.8200771],[2.273873,48.8291472],[2.2737419,48.8382172],[2.2736108,48.8472872],[2.2734795,48.8563573],[2.2733482,48.8654272],[2.2732169,48.8744972],[2.2730855,48.8835672],[2.272954,48.8926371],[2.2728224,48.9017071],[2.2726908,48.910777]]}},{"type":"Feature","properties":{"axis":"E","value":446900,"spacing":100,"datum":"ed50"},"geometry":{"type":"LineString","coordinates":[[2.2756276,48.8019455],[2.2754969,48.8110156],[2.2753662,48.8200857],[2.2752354,48.8291558],[2.2751046,48.8382258],[2.2749737,48.8472958],[2.2748427,48.8563658],[2.2747116,48.8654358],[2.2745805,48.8745058],[2.2744493,48.8835758],[2.2743181,48.8926457],[2.2741868,48.9017157],[2.2740554,48.9107856]]}},{"type":"Feature","properties":{"axis":"E","value":447100,"spacing":100,"datum":"ed50"},"geometry":{"type":"LineString","coordinates":[[2.278351,48.8019626],[2.2782208,48.8110327],[2.2780906,48.8201028],[2.2779603,48.8291729],[2.2778299,48.8382429],[2.2776995,48.8473129],[2.277569,48.856383],[2.2774384,48.865453],[2.2773078,48.8745229],[2.2771771,48.8835929],[2.2770464,48.8926629],[2.2769156,48.9017328],[2.2767847,48.9108028]]}},{"type":"Feature","properties":{"axis":"E","value":447200,"spacing":100,"datum":"ed50"},"geometry":{"type":"LineString","coordinates":[[2.2797126,48.8019711],[2.2795827,48.8110412],[2.2794527,48.8201113],[2.2793227,48.8291814],[2.2791926,48.8382514],[2.2790624,48.8473215],[2.2789322,48.8563915],[2.2788019,48.8654615],[2.2786715,48.8745315],[2.278541,48.8836015],[2.2784105,48.8926714],[2.27828,48.9017414],[2.2781493,48.9108113]]}},{"type":"Feature","properties":{"axis":"E","value":447300,"spacing":100,"datum":"ed50"},"geometry":{"type":"LineString","coordinates":[[2.2810743,48.8019796],[2.2809447,48.8110497],[2.2808149,48.8201198],[2.2806851,48.8291899],[2.2805553,48.8382599],[2.2804253,48.84733],[2.2802953,48.8564],[2.2801653,48.86547],[2.2800351,48.87454],[2.2799049,48.88361],[2.2797747,48.8926799],[2.2796444,48.9017499],[2.279514,48.9108198]]}},{"type":"Feature","properties":{"axis":"E","value":447400,"spacing":100,"datum":"ed50"},"geometry":{"type":"LineString","coordinates":[[2.282436,48.8019881],[2.2823066,48.8110582],[2.2821771,48.8201283],[2.2820475,48.8291984],[2.2819179,48.8382684],[2.2817882,48.8473385],[2.2816585,48.8564085],[2.2815287,48.8654785],[2.2813988,48.8745485],[2.2812688,48.8836185],[2.2811388,48.8926885],[2.2810088,48.9017584],[2.2808786,48.9108284]]}},{"type":"Feature","properties":{"axis":"E","value":447500,"spacing":100,"datum":"ed50"},"geometry":{"type":"LineString","coordinates":[[2.2837977,48.8019966],[2.2836685,48.8110667],[2.2835393,48.8201368],[2.28341,48.8292069],[2.2832806,48.8382769],[2.2831511,48.847347],[2.2830216,48.856417],[2.2828921,48.865487],[2.2827624,48.874557],[2.2826327,48.883627],[2.282503,48.892697],[2.2823731,48.9017669],[2.2822433,48.9108369]]}},{"type":"Feature","properties":{"axis":"E","value":447600,"spacing":100,"datum":"ed50"},"geometry":{"type":"LineString","coordinates":[[2.2851594,48.8020051],[2.2850305,48.8110752],[2.2849015,48.8201452],[2.2847724,48.8292153],[2.2846433,48.8382854],[2.2845141,48.8473554],[2.2843848,48.8564255],[2.2842555,48.8654955],[2.2841261,48.8745655],[2.2839966,48.8836355],[2.2838671,48.8927054],[2.2837375,48.9017754],[2.2836079,48.9108453]]}},{"type":"Feature","properties":{"axis":"E","value":447700,"spacing":100,"datum":"ed50"},"geometry":{"type":"LineString","coordinates":[[2.2865211,48.8020135],[2.2863924,48.8110836],[2.2862636,48.8201537],[2.2861348,48.8292238],[2.2860059,48.8382938],[2.285877,48.8473639],[2.285748,48.8564339],[2.2856189,48.8655039],[2.2854897,48.8745739],[2.2853605,48.8836439],[2.2852313,48.8927139],[2.2851019,48.9017839],[2.2849725,48.9108538]]}},{"type":"Feature","properties":{"axis":"E","value":447800,"spacing":100,"datum":"ed50"},"geometry":{"type":"LineString","coordinates":[[2.2878828,48.8020219],[2.2877543,48.811092],[2.2876258,48.8201621],[2.2874972,48.8292322],[2.2873686,48.8383023],[2.2872399,48.8473723],[2.2871111,48.8564423],[2.2869823,48.8655124],[2.2868534,48.8745824],[2.2867244,48.8836524],[2.2865954,48.8927223],[2.2864663,48.9017923],[2.2863372,48.9108623]]}},{"type":"Feature","properties":{"axis":"E","value":447900,"spacing":100,"datum":"ed50"},"geometry":{"type":"LineString","coordinates":[[2.2892445,48.8020303],[2.2891163,48.8111004],[2.288988,48.8201705],[2.2888597,48.8292406],[2.2887313,48.8383107],[2.2886028,48.8473807],[2.2884743,48.8564508],[2.2883457,48.8655208],[2.2882171,48.8745908],[2.2880883,48.8836608],[2.2879596,48.8927308],[2.2878307,48.9018007],[2.2877018,48.9108707]]}},{"type":"Feature","properties":{"axis":"E","value":448100,"spacing":100,"datum":"ed50"},"geometry":{"type":"LineString","coordinates":[[2.2919678,48.8020471],[2.2918401,48.8111172],[2.2917123,48.8201873],[2.2915845,48.8292574],[2.2914566,48.8383275],[2.2913286,48.8473975],[2.2912006,48.8564676],[2.2910725,48.8655376],[2.2909444,48.8746076],[2.2908162,48.8836776],[2.2906879,48.8927476],[2.2905595,48.9018176],[2.2904311,48.9108875]]}},{"type":"Feature","properties":{"axis":"E","value":448200,"spacing":100,"datum":"ed50"},"geometry":{"type":"LineString","coordinates":[[2.2933295,48.8020554],[2.2932021,48.8111256],[2.2930745,48.8201957],[2.2929469,48.8292657],[2.2928193,48.8383358],[2.2926916,48.8474059],[2.2925638,48.8564759],[2.2924359,48.865546],[2.292308,48.874616],[2.2921801,48.883686],[2.292052,48.892756],[2.2919239,48.901826],[2.2917958,48.9108959]]}},{"type":"Feature","properties":{"axis":"E","value":448300,"spacing":100,"datum":"ed50"},"geometry":{"type":"LineString","coordinates":[[2.2946912,48.8020638],[2.294564,48.8111339],[2.2944367,48.820204],[2.2943094,48.8292741],[2.294182,48.8383442],[2.2940545,48.8474142],[2.293927,48.8564843],[2.2937994,48.8655543],[2.2936717,48.8746243],[2.293544,48.8836944],[2.2934162,48.8927643],[2.2932883,48.9018343],[2.2931604,48.9109043]]}},{"type":"Feature","properties":{"axis":"E","value":448400,"spacing":100,"datum":"ed50"},"geometry":{"type":"LineString","coordinates":[[2.2960529,48.8020721],[2.2959259,48.8111422],[2.2957989,48.8202123],[2.2956718,48.8292824],[2.2955446,48.8383525],[2.2954174,48.8474226],[2.2952901,48.8564926],[2.2951628,48.8655627],[2.2950353,48.8746327],[2.2949079,48.8837027],[2.2947803,48.8927727],[2.2946527,48.9018427],[2.294525,48.9109126]]}},{"type":"Feature","properties":{"axis":"E","value":448500,"spacing":100,"datum":"ed50"},"geometry":{"type":"LineString","coordinates":[[2.2974146,48.8020804],[2.2972879,48.8111505],[2.2971611,48.8202206],[2.2970342,48.8292907],[2.2969073,48.8383608],[2.2967803,48.8474309],[2.2966533,48.856501],[2.2965262,48.865571],[2.296399,48.874641],[2.2962718,48.883711],[2.2961445,48.892781],[2.2960171,48.901851],[2.2958897,48.910921]]}},{"type":"Feature","properties":{"axis":"E","value":448600,"spacing":100,"datum":"ed50"},"geometry":{"type":"LineString","coordinates":[[2.2987763,48.8020887],[2.2986498,48.8111588],[2.2985233,48.8202289],[2.2983967,48.829299],[2.29827,48.8383691],[2.2981433,48.8474392],[2.2980165,48.8565093],[2.2978896,48.8655793],[2.2977627,48.8746493],[2.2976357,48.8837193],[2.2975086,48.8927893],[2.2973815,48.9018593],[2.2972543,48.9109293]]}},{"type":"Feature","properties":{"axis":"E","value":448700,"spacing":100,"datum":"ed50"},"geometry":{"type":"LineString","coordinates":[[2.300138,48.802097],[2.3000117,48.8111671],[2.2998854,48.8202372],[2.2997591,48.8293073],[2.2996327,48.8383774],[2.2995062,48.8474475],[2.2993796,48.8565176],[2.299253,48.8655876],[2.2991263,48.8746576],[2.2989996,48.8837276],[2.2988728,48.8927976],[2.2987459,48.9018676],[2.298619,48.9109376]]}},{"type":"Feature","properties":{"axis":"E","value":448800,"spacing":100,"datum":"ed50"},"geometry":{"type":"LineString","coordinates":[[2.3014997,48.8021052],[2.3013737,48.8111754],[2.3012476,48.8202455],[2.3011215,48.8293156],[2.3009953,48.8383857],[2.3008691,48.8474558],[2.3007428,48.8565258],[2.3006164,48.8655959],[2.30049,48.8746659],[2.3003635,48.8837359],[2.3002369,48.8928059],[2.3001103,48.9018759],[2.2999836,48.9109459]]}},{"type":"Feature","properties":{"axis":"E","value":448900,"spacing":100,"datum":"ed50"},"geometry":{"type":"LineString","coordinates":[[2.3028614,48.8021135],[2.3027356,48.8111836],[2.3026098,48.8202537],[2.3024839,48.8293238],[2.302358,48.8383939],[2.302232,48.847464],[2.302106,48.8565341],[2.3019798,48.8656041],[2.3018537,48.8746742],[2.3017274,48.8837442],[2.3016011,48.8928142],[2.3014747,48.9018842],[2.3013483,48.9109542]]}},{"type":"Feature","properties":{"axis":"E","value":449100,"spacing":100,"datum":"ed50"},"geometry":{"type":"LineString","coordinates":[[2.3055848,48.8021299],[2.3054595,48.8112001],[2.3053342,48.8202702],[2.3052088,48.8293403],[2.3050834,48.8384104],[2.3049579,48.8474805],[2.3048323,48.8565506],[2.3047067,48.8656206],[2.304581,48.8746907],[2.3044552,48.8837607],[2.3043294,48.8928307],[2.3042035,48.9019007],[2.3040776,48.9109707]]}},{"type":"Feature","properties":{"axis":"E","value":449200,"spacing":100,"datum":"ed50"},"geometry":{"type":"LineString","coordinates":[[2.3069465,48.8021381],[2.3068214,48.8112083],[2.3066964,48.8202784],[2.3065712,48.8293485],[2.3064461,48.8384186],[2.3063208,48.8474887],[2.3061955,48.8565588],[2.3060701,48.8656288],[2.3059446,48.8746989],[2.3058191,48.8837689],[2.3056936,48.8928389],[2.3055679,48.9019089],[2.3054422,48.9109789]]}},{"type":"Feature","properties":{"axis":"E","value":449300,"spacing":100,"datum":"ed50"},"geometry":{"type":"LineString","coordinates":[[2.3083082,48.8021463],[2.3081834,48.8112164],[2.3080586,48.8202866],[2.3079337,48.8293567],[2.3078087,48.8384268],[2.3076837,48.8474969],[2.3075586,48.856567],[2.3074335,48.865637],[2.3073083,48.8747071],[2.307183,48.8837771],[2.3070577,48.8928471],[2.3069323,48.9019171],[2.3068069,48.9109871]]}},{"type":"Feature","properties":{"axis":"E","value":449400,"spacing":100,"datum":"ed50"},"geometry":{"type":"LineString","coordinates":[[2.3096699,48.8021545],[2.3095453,48.8112246],[2.3094208,48.8202947],[2.3092961,48.8293649],[2.3091714,48.838435],[2.3090466,48.8475051],[2.3089218,48.8565751],[2.3087969,48.8656452],[2.308672,48.8747153],[2.308547,48.8837853],[2.3084219,48.8928553],[2.3082967,48.9019253],[2.3081715,48.9109953]]}},{"type":"Feature","properties":{"axis":"E","value":449500,"spacing":100,"datum":"ed50"},"geometry":{"type":"LineString","coordinates":[[2.3110315,48.8021626],[2.3109073,48.8112328],[2.3107829,48.8203029],[2.3106585,48.829373],[2.3105341,48.8384431],[2.3104096,48.8475132],[2.310285,48.8565833],[2.3101603,48.8656534],[2.3100356,48.8747234],[2.3099109,48.8837935],[2.309786,48.8928635],[2.3096612,48.9019335],[2.3095362,48.9110035]]}},{"type":"Feature","properties":{"axis":"E","value":449600,"spacing":100,"datum":"ed50"},"geometry":{"type":"LineString","coordinates":[[2.3123932,48.8021707],[2.3122692,48.8112409],[2.3121451,48.820311],[2.312021,48.8293812],[2.3118968,48.8384513],[2.3117725,48.8475214],[2.3116482,48.8565915],[2.3115238,48.8656615],[2.3113993,48.8747316],[2.3112748,48.8838016],[2.3111502,48.8928716],[2.3110256,48.9019417],[2.3109008,48.9110117]]}},{"type":"Feature","properties":{"axis":"E","value":449700,"spacing":100,"datum":"ed50"},"geometry":{"type":"LineString","coordinates":[[2.3137549,48.8021788],[2.3136312,48.811249],[2.3135073,48.8203192],[2.3133834,48.8293893],[2.3132595,48.8384594],[2.3131354,48.8475295],[2.3130113,48.8565996],[2.3128872,48.8656697],[2.312763,48.8747397],[2.3126387,48.8838098],[2.3125144,48.8928798],[2.31239,48.9019498],[2.3122655,48.9110198]]}},{"type":"Feature","properties":{"axis":"E","value":449800,"spacing":100,"datum":"ed50"},"geometry":{"type":"LineString","coordinates":[[2.3151166,48.8021869],[2.3149931,48.8112571],[2.3148695,48.8203273],[2.3147459,48.8293974],[2.3146221,48.8384675],[2.3144984,48.8475376],[2.3143745,48.8566077],[2.3142506,48.8656778],[2.3141266,48.8747478],[2.3140026,48.8838179],[2.3138785,48.8928879],[2.3137544,48.9019579],[2.3136302,48.9110279]]}},{"type":"Feature","properties":{"axis":"E","value":449900,"spacing":100,"datum":"ed50"},"geometry":{"type":"LineString","coordinates":[[2.3164783,48.802195],[2.3163551,48.8112652],[2.3162317,48.8203353],[2.3161083,48.8294055],[2.3159848,48.8384756],[2.3158613,48.8475457],[2.3157377,48.8566158],[2.315614,48.8656859],[2.3154903,48.8747559],[2.3153665,48.883826],[2.3152427,48.892896],[2.3151188,48.901966],[2.3149948,48.911036]]}},{"type":"Feature","properties":{"axis":"E","value":450100,"spacing":100,"datum":"ed50"},"geometry":{"type":"LineString","coordinates":[[2.3192018,48.8022111],[2.319079,48.8112813],[2.3189561,48.8203515],[2.3188332,48.8294216],[2.3187102,48.8384917],[2.3185871,48.8475619],[2.318464,48.8566319],[2.3183409,48.865702],[2.3182177,48.8747721],[2.3180944,48.8838421],[2.317971,48.8929122],[2.3178476,48.9019822],[2.3177241,48.9110522]]}},{"type":"Feature","properties":{"axis":"E","value":450200,"spacing":100,"datum":"ed50"},"geometry":{"type":"LineString","coordinates":[[2.3205635,48.8022192],[2.3204409,48.8112894],[2.3203183,48.8203595],[2.3201956,48.8294297],[2.3200729,48.8384998],[2.3199501,48.8475699],[2.3198272,48.85664],[2.3197043,48.8657101],[2.3195813,48.8747802],[2.3194583,48.8838502],[2.3193352,48.8929202],[2.319212,48.9019903],[2.3190888,48.9110603]]}},{"type":"Feature","properties":{"axis":"E","value":450300,"spacing":100,"datum":"ed50"},"geometry":{"type":"LineString","coordinates":[[2.3219252,48.8022272],[2.3218028,48.8112974],[2.3216805,48.8203675],[2.3215581,48.8294377],[2.3214356,48.8385078],[2.321313,48.8475779],[2.3211904,48.856648],[2.3210677,48.8657181],[2.320945,48.8747882],[2.3208222,48.8838582],[2.3206993,48.8929283],[2.3205764,48.9019983],[2.3204534,48.9110683]]}},{"type":"Feature","properties":{"axis":"E","value":450400,"spacing":100,"datum":"ed50"},"geometry":{"type":"LineString","coordinates":[[2.3232869,48.8022352],[2.3231648,48.8113054],[2.3230427,48.8203755],[2.3229205,48.8294457],[2.3227983,48.8385158],[2.3226759,48.8475859],[2.3225536,48.856656],[2.3224312,48.8657261],[2.3223087,48.8747962],[2.3221861,48.8838663],[2.3220635,48.8929363],[2.3219408,48.9020064],[2.3218181,48.9110764]]}},{"type":"Feature","properties":{"axis":"E","value":450500,"spacing":100,"datum":"ed50"},"geometry":{"type":"LineString","coordinates":[[2.3246486,48.8022432],[2.3245267,48.8113134],[2.3244049,48.8203835],[2.3242829,48.8294537],[2.3241609,48.8385238],[2.3240389,48.8475939],[2.3239168,48.8566641],[2.3237946,48.8657341],[2.3236723,48.8748042],[2.32355,48.8838743],[2.3234277,48.8929443],[2.3233052,48.9020144],[2.3231828,48.9110844]]}},{"type":"Feature","properties":{"axis":"E","value":450600,"spacing":100,"datum":"ed50"},"geometry":{"type":"LineString","coordinates":[[2.3260103,48.8022512],[2.3258887,48.8113213],[2.3257671,48.8203915],[2.3256454,48.8294617],[2.3255236,48.8385318],[2.3254018,48.8476019],[2.3252799,48.856672],[2.325158,48.8657421],[2.325036,48.8748122],[2.324914,48.8838823],[2.3247918,48.8929523],[2.3246697,48.9020224],[2.3245474,48.9110924]]}},{"type":"Feature","properties":{"axis":"E","value":450700,"spacing":100,"datum":"ed50"},"geometry":{"type":"LineString","coordinates":[[2.327372,48.8022591],[2.3272506,48.8113293],[2.3271293,48.8203995],[2.3270078,48.8294696],[2.3268863,48.8385398],[2.3267647,48.8476099],[2.3266431,48.85668],[2.3265214,48.8657501],[2.3263997,48.8748202],[2.3262779,48.8838903],[2.326156,48.8929603],[2.3260341,48.9020303],[2.3259121,48.9111004]]}},{"type":"Feature","properties":{"axis":"E","value":450800,"spacing":100,"datum":"ed50"},"geometry":{"type":"LineString","coordinates":[[2.3287337,48.8022671],[2.3286126,48.8113372],[2.3284915,48.8204074],[2.3283703,48.8294776],[2.328249,48.8385477],[2.3281277,48.8476178],[2.3280063,48.856688],[2.3278849,48.8657581],[2.3277634,48.8748281],[2.3276418,48.8838982],[2.3275202,48.8929683],[2.3273985,48.9020383],[2.3272767,48.9111083]]}},{"type":"Feature","properties":{"axis":"E","value":450900,"spacing":100,"datum":"ed50"},"geometry":{"type":"LineString","coordinates":[[2.3300954,48.802275],[2.3299746,48.8113452],[2.3298537,48.8204153],[2.3297327,48.8294855],[2.3296117,48.8385556],[2.3294906,48.8476258],[2.3293695,48.8566959],[2.3292483,48.865766],[2.329127,48.8748361],[2.3290057,48.8839062],[2.3288843,48.8929762],[2.3287629,48.9020463],[2.3286414,48.9111163]]}},{"type":"Feature","properties":{"axis":"E","value":451100,"spacing":100,"datum":"ed50"},"geometry":{"type":"LineString","coordinates":[[2.3328188,48.8022908],[2.3326985,48.811361],[2.3325781,48.8204311],[2.3324576,48.8295013],[2.3323371,48.8385715],[2.3322165,48.8476416],[2.3320958,48.8567117],[2.3319751,48.8657818],[2.3318544,48.8748519],[2.3317336,48.883922],[2.3316127,48.8929921],[2.3314917,48.9020621],[2.3313707,48.9111321]]}},{"type":"Feature","properties":{"axis":"E","value":451200,"spacing":100,"datum":"ed50"},"geometry":{"type":"LineString","coordinates":[[2.3341805,48.8022986],[2.3340604,48.8113688],[2.3339403,48.820439],[2.33382,48.8295092],[2.3336998,48.8385793],[2.3335794,48.8476495],[2.333459,48.8567196],[2.3333386,48.8657897],[2.3332181,48.8748598],[2.3330975,48.8839299],[2.3329768,48.893],[2.3328561,48.90207],[2.3327354,48.9111401]]}},{"type":"Feature","properties":{"axis":"E","value":451300,"spacing":100,"datum":"ed50"},"geometry":{"type":"LineString","coordinates":[[2.3355422,48.8023065],[2.3354224,48.8113767],[2.3353025,48.8204469],[2.3351825,48.8295171],[2.3350625,48.8385872],[2.3349424,48.8476574],[2.3348222,48.8567275],[2.334702,48.8657976],[2.3345817,48.8748677],[2.3344614,48.8839378],[2.334341,48.8930078],[2.3342206,48.9020779],[2.3341001,48.9111479]]}},{"type":"Feature","properties":{"axis":"E","value":451400,"spacing":100,"datum":"ed50"},"geometry":{"type":"LineString","coordinates":[[2.3369039,48.8023143],[2.3367843,48.8113845],[2.3366647,48.8204547],[2.3365449,48.8295249],[2.3364251,48.8385951],[2.3363053,48.8476652],[2.3361854,48.8567353],[2.3360654,48.8658055],[2.3359454,48.8748756],[2.3358253,48.8839456],[2.3357052,48.8930157],[2.335585,48.9020858],[2.3354647,48.9111558]]}},{"type":"Feature","properties":{"axis":"E","value":451500,"spacing":100,"datum":"ed50"},"geometry":{"type":"LineString","coordinates":[[2.3382656,48.8023222],[2.3381463,48.8113924],[2.3380269,48.8204626],[2.3379074,48.8295327],[2.3377878,48.8386029],[2.3376682,48.847673],[2.3375486,48.8567432],[2.3374289,48.8658133],[2.3373091,48.8748834],[2.3371893,48.8839535],[2.3370694,48.8930236],[2.3369494,48.9020936],[2.3368294,48.9111637]]}},{"type":"Feature","properties":{"axis":"E","value":451600,"spacing":100,"datum":"ed50"},"geometry":{"type":"LineString","coordinates":[[2.3396273,48.80233],[2.3395082,48.8114002],[2.3393891,48.8204704],[2.3392698,48.8295406],[2.3391505,48.8386107],[2.3390312,48.8476809],[2.3389118,48.856751],[2.3387923,48.8658211],[2.3386728,48.8748912],[2.3385532,48.8839613],[2.3384335,48.8930314],[2.3383138,48.9021015],[2.338194,48.9111715]]}},{"type":"Feature","properties":{"axis":"E","value":451700,"spacing":100,"datum":"ed50"},"geometry":{"type":"LineString","coordinates":[[2.3409891,48.8023378],[2.3408702,48.811408],[2.3407513,48.8204782],[2.3406323,48.8295484],[2.3405132,48.8386185],[2.3403941,48.8476887],[2.340275,48.8567588],[2.3401557,48.8658289],[2.3400365,48.874899],[2.3399171,48.8839691],[2.3397977,48.8930392],[2.3396782,48.9021093],[2.3395587,48.9111793]]}},{"type":"Feature","properties":{"axis":"E","value":451800,"spacing":100,"datum":"ed50"},"geometry":{"type":"LineString","coordinates":[[2.3423508,48.8023456],[2.3422321,48.8114158],[2.3421135,48.820486],[2.3419947,48.8295561],[2.3418759,48.8386263],[2.3417571,48.8476965],[2.3416381,48.8567666],[2.3415192,48.8658367],[2.3414001,48.8749068],[2.341281,48.8839769],[2.3411619,48.893047],[2.3410427,48.9021171],[2.3409234,48.9111871]]}},{"type":"Feature","properties":{"axis":"E","value":451900,"spacing":100,"datum":"ed50"},"geometry":{"type":"LineString","coordinates":[[2.3437125,48.8023533],[2.3435941,48.8114235],[2.3434757,48.8204937],[2.3433572,48.8295639],[2.3432386,48.8386341],[2.34312,48.8477042],[2.3430013,48.8567744],[2.3428826,48.8658445],[2.3427638,48.8749146],[2.342645,48.8839847],[2.342526,48.8930548],[2.3424071,48.9021249],[2.342288,48.9111949]]}},{"type":"Feature","properties":{"axis":"E","value":452100,"spacing":100,"datum":"ed50"},"geometry":{"type":"LineString","coordinates":[[2.3464359,48.8023688],[2.346318,48.811439],[2.3462001,48.8205092],[2.3460821,48.8295794],[2.345964,48.8386496],[2.3458459,48.8477197],[2.3457277,48.8567899],[2.3456095,48.86586],[2.3454912,48.8749301],[2.3453728,48.8840002],[2.3452544,48.8930703],[2.3451359,48.9021404],[2.3450174,48.9112105]]}},{"type":"Feature","properties":{"axis":"E","value":452200,"spacing":100,"datum":"ed50"},"geometry":{"type":"LineString","coordinates":[[2.3477976,48.8023765],[2.34768,48.8114467],[2.3475623,48.8205169],[2.3474445,48.8295871],[2.3473267,48.8386573],[2.3472088,48.8477275],[2.3470909,48.8567976],[2.3469729,48.8658677],[2.3468549,48.8749379],[2.3467367,48.884008],[2.3466186,48.8930781],[2.3465003,48.9021481],[2.3463821,48.9112182]]}},{"type":"Feature","properties":{"axis":"E","value":452300,"spacing":100,"datum":"ed50"},"geometry":{"type":"LineString","coordinates":[[2.3491593,48.8023842],[2.3490419,48.8114544],[2.3489245,48.8205246],[2.348807,48.8295948],[2.3486894,48.838665],[2.3485718,48.8477352],[2.3484541,48.8568053],[2.3483363,48.8658755],[2.3482185,48.8749456],[2.3481007,48.8840157],[2.3479827,48.8930858],[2.3478648,48.9021559],[2.3477467,48.9112259]]}},{"type":"Feature","properties":{"axis":"E","value":452400,"spacing":100,"datum":"ed50"},"geometry":{"type":"LineString","coordinates":[[2.3505211,48.8023919],[2.3504039,48.8114621],[2.3502867,48.8205323],[2.3501694,48.8296025],[2.3500521,48.8386727],[2.3499347,48.8477429],[2.3498173,48.856813],[2.3496998,48.8658832],[2.3495822,48.8749533],[2.3494646,48.8840234],[2.3493469,48.8930935],[2.3492292,48.9021636],[2.3491114,48.9112336]]}},{"type":"Feature","properties":{"axis":"E","value":452500,"spacing":100,"datum":"ed50"},"geometry":{"type":"LineString","coordinates":[[2.3518828,48.8023995],[2.3517659,48.8114698],[2.3516489,48.82054],[2.3515319,48.8296102],[2.3514148,48.8386804],[2.3512977,48.8477505],[2.3511805,48.8568207],[2.3510632,48.8658908],[2.3509459,48.874961],[2.3508285,48.8840311],[2.3507111,48.8931012],[2.3505936,48.9021713],[2.3504761,48.9112413]]}},{"type":"Feature","properties":{"axis":"E","value":452600,"spacing":100,"datum":"ed50"},"geometry":{"type":"LineString","coordinates":[[2.3532445,48.8024072],[2.3531278,48.8114774],[2.3530111,48.8205476],[2.3528943,48.8296178],[2.3527775,48.838688],[2.3526606,48.8477582],[2.3525437,48.8568284],[2.3524267,48.8658985],[2.3523096,48.8749686],[2.3521925,48.8840388],[2.3520753,48.8931089],[2.351958,48.9021789],[2.3518407,48.911249]]}},{"type":"Feature","properties":{"axis":"E","value":452700,"spacing":100,"datum":"ed50"},"geometry":{"type":"LineString","coordinates":[[2.3546062,48.8024148],[2.3544898,48.8114851],[2.3543733,48.8205553],[2.3542568,48.8296255],[2.3541402,48.8386957],[2.3540236,48.8477658],[2.3539069,48.856836],[2.3537901,48.8659062],[2.3536733,48.8749763],[2.3535564,48.8840464],[2.3534395,48.8931165],[2.3533225,48.9021866],[2.3532054,48.9112567]]}},{"type":"Feature","properties":{"axis":"E","value":452800,"spacing":100,"datum":"ed50"},"geometry":{"type":"LineString","coordinates":[[2.3559679,48.8024224],[2.3558518,48.8114927],[2.3557355,48.8205629],[2.3556192,48.8296331],[2.3555029,48.8387033],[2.3553865,48.8477735],[2.3552701,48.8568436],[2.3551535,48.8659138],[2.355037,48.8749839],[2.3549203,48.884054],[2.3548036,48.8931242],[2.3546869,48.9021942],[2.3545701,48.9112643]]}},{"type":"Feature","properties":{"axis":"E","value":452900,"spacing":100,"datum":"ed50"},"geometry":{"type":"LineString","coordinates":[[2.3573296,48.80243],[2.3572137,48.8115003],[2.3570977,48.8205705],[2.3569817,48.8296407],[2.3568656,48.8387109],[2.3567495,48.8477811],[2.3566332,48.8568513],[2.356517,48.8659214],[2.3564006,48.8749915],[2.3562843,48.8840617],[2.3561678,48.8931318],[2.3560513,48.9022019],[2.3559348,48.9112719]]}},{"type":"Feature","properties":{"axis":"E","value":453100,"spacing":100,"datum":"ed50"},"geometry":{"type":"LineString","coordinates":[[2.3600531,48.8024452],[2.3599376,48.8115154],[2.3598222,48.8205857],[2.3597066,48.8296559],[2.359591,48.8387261],[2.3594754,48.8477963],[2.3593596,48.8568664],[2.3592439,48.8659366],[2.359128,48.8750067],[2.3590121,48.8840769],[2.3588962,48.893147],[2.3587802,48.9022171],[2.3586641,48.9112872]]}},{"type":"Feature","properties":{"axis":"E","value":453200,"spacing":100,"datum":"ed50"},"geometry":{"type":"LineString","coordinates":[[2.3614148,48.8024527],[2.3612996,48.811523],[2.3611844,48.8205932],[2.3610691,48.8296634],[2.3609537,48.8387336],[2.3608383,48.8478038],[2.3607228,48.856874],[2.3606073,48.8659442],[2.3604917,48.8750143],[2.3603761,48.8840844],[2.3602604,48.8931546],[2.3601446,48.9022247],[2.3600288,48.9112947]]}},{"type":"Feature","properties":{"axis":"E","value":453300,"spacing":100,"datum":"ed50"},"geometry":{"type":"LineString","coordinates":[[2.3627765,48.8024603],[2.3626616,48.8115305],[2.3625466,48.8206008],[2.3624315,48.829671],[2.3623164,48.8387412],[2.3622013,48.8478114],[2.362086,48.8568816],[2.3619707,48.8659517],[2.3618554,48.8750219],[2.36174,48.884092],[2.3616245,48.8931621],[2.361509,48.9022322],[2.3613935,48.9113023]]}},{"type":"Feature","properties":{"axis":"E","value":453400,"spacing":100,"datum":"ed50"},"geometry":{"type":"LineString","coordinates":[[2.3641382,48.8024678],[2.3640235,48.8115381],[2.3639088,48.8206083],[2.363794,48.8296785],[2.3636791,48.8387487],[2.3635642,48.8478189],[2.3634492,48.8568891],[2.3633342,48.8659593],[2.3632191,48.8750294],[2.3631039,48.8840995],[2.3629887,48.8931697],[2.3628735,48.9022398],[2.3627581,48.9113099]]}},{"type":"Feature","properties":{"axis":"E","value":453500,"spacing":100,"datum":"ed50"},"geometry":{"type":"LineString","coordinates":[[2.3655,48.8024753],[2.3653855,48.8115456],[2.365271,48.8206158],[2.3651564,48.829686],[2.3650418,48.8387562],[2.3649272,48.8478264],[2.3648124,48.8568966],[2.3646976,48.8659668],[2.3645828,48.8750369],[2.3644679,48.8841071],[2.3643529,48.8931772],[2.3642379,48.9022473],[2.3641228,48.9113174]]}},{"type":"Feature","properties":{"axis":"E","value":453600,"spacing":100,"datum":"ed50"},"geometry":{"type":"LineString","coordinates":[[2.3668617,48.8024828],[2.3667475,48.811553],[2.3666332,48.8206233],[2.3665189,48.8296935],[2.3664045,48.8387637],[2.3662901,48.8478339],[2.3661756,48.8569041],[2.3660611,48.8659743],[2.3659465,48.8750444],[2.3658318,48.8841146],[2.3657171,48.8931847],[2.3656023,48.9022548],[2.3654875,48.9113249]]}},{"type":"Feature","properties":{"axis":"E","value":453700,"spacing":100,"datum":"ed50"},"geometry":{"type":"LineString","coordinates":[[2.3682234,48.8024903],[2.3681095,48.8115605],[2.3679954,48.8206308],[2.3678814,48.829701],[2.3677672,48.8387712],[2.3676531,48.8478414],[2.3675388,48.8569116],[2.3674245,48.8659818],[2.3673102,48.8750519],[2.3671957,48.8841221],[2.3670813,48.8931922],[2.3669667,48.9022623],[2.3668522,48.9113324]]}},{"type":"Feature","properties":{"axis":"E","value":453800,"spacing":100,"datum":"ed50"},"geometry":{"type":"LineString","coordinates":[[2.3695851,48.8024977],[2.3694714,48.811568],[2.3693577,48.8206382],[2.3692438,48.8297085],[2.3691299,48.8387787],[2.369016,48.8478489],[2.368902,48.8569191],[2.368788,48.8659892],[2.3686739,48.8750594],[2.3685597,48.8841295],[2.3684455,48.8931997],[2.3683312,48.9022698],[2.3682168,48.9113399]]}},{"type":"Feature","properties":{"axis":"E","value":453900,"spacing":100,"datum":"ed50"},"geometry":{"type":"LineString","coordinates":[[2.3709469,48.8025052],[2.3708334,48.8115754],[2.3707199,48.8206457],[2.3706063,48.8297159],[2.3704927,48.8387861],[2.370379,48.8478563],[2.3702652,48.8569265],[2.3701514,48.8659967],[2.3700375,48.8750669],[2.3699236,48.884137],[2.3698096,48.8932071],[2.3696956,48.9022773],[2.3695815,48.9113474]]}},{"type":"Feature","properties":{"axis":"E","value":454100,"spacing":100,"datum":"ed50"},"geometry":{"type":"LineString","coordinates":[[2.3736703,48.80252],[2.3735573,48.8115903],[2.3734443,48.8206605],[2.3733312,48.8297308],[2.3732181,48.838801],[2.3731049,48.8478712],[2.3729916,48.8569414],[2.3728783,48.8660116],[2.3727649,48.8750817],[2.3726515,48.8841519],[2.372538,48.893222],[2.3724245,48.9022921],[2.3723109,48.9113622]]}},{"type":"Feature","properties":{"axis":"E","value":454200,"spacing":100,"datum":"ed50"},"geometry":{"type":"LineString","coordinates":[[2.375032,48.8025274],[2.3749193,48.8115977],[2.3748065,48.8206679],[2.3746937,48.8297381],[2.3745808,48.8388084],[2.3744678,48.8478786],[2.3743548,48.8569488],[2.3742417,48.866019],[2.3741286,48.8750891],[2.3740154,48.8841593],[2.3739022,48.8932294],[2.3737889,48.9022996],[2.3736756,48.9113697]]}},{"type":"Feature","properties":{"axis":"E","value":454300,"spacing":100,"datum":"ed50"},"geometry":{"type":"LineString","coordinates":[[2.3763938,48.8025348],[2.3762813,48.811605],[2.3761687,48.8206753],[2.3760561,48.8297455],[2.3759435,48.8388158],[2.3758308,48.847886],[2.375718,48.8569562],[2.3756052,48.8660264],[2.3754923,48.8750965],[2.3753794,48.8841667],[2.3752664,48.8932368],[2.3751533,48.902307],[2.3750402,48.9113771]]}},{"type":"Feature","properties":{"axis":"N","value":5405900,"spacing":100,"datum":"ed50"},"geometry":{"type":"LineString","coordinates":[[2.2116293,48.8015256],[2.2253593,48.8016187],[2.2390894,48.8017101],[2.2528195,48.8018],[2.2665497,48.8018881],[2.28028,48.8019747],[2.2940104,48.8020596],[2.3077408,48.8021429],[2.3214713,48.8022245],[2.3352018,48.8023045],[2.3489324,48.8023829],[2.362663,48.8024597],[2.3763938,48.8025348]]}},{"type":"Feature","properties":{"axis":"N","value":5406100,"spacing":100,"datum":"ed50"},"geometry":{"type":"LineString","coordinates":[[2.2116011,48.8033246],[2.2253316,48.8034177],[2.2390621,48.8035091],[2.2527928,48.803599],[2.2665235,48.8036872],[2.2802543,48.8037737],[2.2939851,48.8038586],[2.307716,48.8039419],[2.321447,48.8040236],[2.335178,48.8041036],[2.3489091,48.804182],[2.3626402,48.8042587],[2.3763714,48.8043338]]}},{"type":"Feature","properties":{"axis":"N","value":5406200,"spacing":100,"datum":"ed50"},"geometry":{"type":"LineString","coordinates":[[2.211587,48.8042241],[2.2253177,48.8043172],[2.2390485,48.8044086],[2.2527794,48.8044985],[2.2665104,48.8045867],[2.2802414,48.8046732],[2.2939725,48.8047582],[2.3077036,48.8048414],[2.3214348,48.8049231],[2.3351661,48.8050031],[2.3488975,48.8050815],[2.3626288,48.8051582],[2.3763603,48.8052334]]}},{"type":"Feature","properties":{"axis":"N","value":5406300,"spacing":100,"datum":"ed50"},"geometry":{"type":"LineString","coordinates":[[2.2115729,48.8051236],[2.2253039,48.8052167],[2.2390349,48.8053082],[2.2527661,48.805398],[2.2664973,48.8054862],[2.2802285,48.8055727],[2.2939599,48.8056577],[2.3076913,48.805741],[2.3214227,48.8058226],[2.3351542,48.8059026],[2.3488858,48.805981],[2.3626174,48.8060578],[2.3763491,48.8061329]]}},{"type":"Feature","properties":{"axis":"N","value":5406400,"spacing":100,"datum":"ed50"},"geometry":{"type":"LineString","coordinates":[[2.2115588,48.8060231],[2.22529,48.8061162],[2.2390213,48.8062077],[2.2527527,48.8062975],[2.2664841,48.8063857],[2.2802157,48.8064723],[2.2939472,48.8065572],[2.3076789,48.8066405],[2.3214106,48.8067221],[2.3351423,48.8068022],[2.3488742,48.8068805],[2.362606,48.8069573],[2.376338,48.8070324]]}},{"type":"Feature","properties":{"axis":"N","value":5406500,"spacing":100,"datum":"ed50"},"geometry":{"type":"LineString","coordinates":[[2.2115447,48.8069226],[2.2252761,48.8070157],[2.2390077,48.8071072],[2.2527393,48.807197],[2.266471,48.8072852],[2.2802028,48.8073718],[2.2939346,48.8074567],[2.3076665,48.80754],[2.3213984,48.8076217],[2.3351304,48.8077017],[2.3488625,48.8077801],[2.3625946,48.8078568],[2.3763268,48.8079319]]}},{"type":"Feature","properties":{"axis":"N","value":5406600,"spacing":100,"datum":"ed50"},"geometry":{"type":"LineString","coordinates":[[2.2115306,48.8078221],[2.2252623,48.8079152],[2.2389941,48.8080067],[2.252726,48.8080965],[2.2664579,48.8081847],[2.2801899,48.8082713],[2.293922,48.8083562],[2.3076541,48.8084395],[2.3213863,48.8085212],[2.3351186,48.8086012],[2.3488509,48.8086796],[2.3625832,48.8087564],[2.3763157,48.8088315]]}},{"type":"Feature","properties":{"axis":"N","value":5406700,"spacing":100,"datum":"ed50"},"geometry":{"type":"LineString","coordinates":[[2.2115165,48.8087216],[2.2252484,48.8088147],[2.2389805,48.8089062],[2.2527126,48.808996],[2.2664448,48.8090842],[2.280177,48.8091708],[2.2939093,48.8092557],[2.3076417,48.809339],[2.3213742,48.8094207],[2.3351067,48.8095007],[2.3488392,48.8095791],[2.3625718,48.8096559],[2.3763045,48.809731]]}},{"type":"Feature","properties":{"axis":"N","value":5406800,"spacing":100,"datum":"ed50"},"geometry":{"type":"LineString","coordinates":[[2.2115023,48.8096211],[2.2252346,48.8097142],[2.2389669,48.8098057],[2.2526992,48.8098955],[2.2664317,48.8099837],[2.2801641,48.8100703],[2.2938967,48.8101553],[2.3076293,48.8102386],[2.321362,48.8103202],[2.3350948,48.8104003],[2.3488276,48.8104787],[2.3625604,48.8105554],[2.3762934,48.8106305]]}},{"type":"Feature","properties":{"axis":"N","value":5406900,"spacing":100,"datum":"ed50"},"geometry":{"type":"LineString","coordinates":[[2.2114882,48.8105206],[2.2252207,48.8106137],[2.2389533,48.8107052],[2.2526859,48.810795],[2.2664185,48.8108832],[2.2801513,48.8109698],[2.2938841,48.8110548],[2.3076169,48.8111381],[2.3213499,48.8112197],[2.3350829,48.8112998],[2.3488159,48.8113782],[2.362549,48.8114549],[2.3762822,48.8115301]]}},{"type":"Feature","properties":{"axis":"N","value":5407100,"spacing":100,"datum":"ed50"},"geometry":{"type":"LineString","coordinates":[[2.21146,48.8123196],[2.225193,48.8124127],[2.238926,48.8125042],[2.2526591,48.812594],[2.2663923,48.8126823],[2.2801255,48.8127688],[2.2938588,48.8128538],[2.3075922,48.8129371],[2.3213256,48.8130188],[2.3350591,48.8130988],[2.3487926,48.8131772],[2.3625262,48.813254],[2.3762599,48.8133291]]}},{"type":"Feature","properties":{"axis":"N","value":5407200,"spacing":100,"datum":"ed50"},"geometry":{"type":"LineString","coordinates":[[2.2114459,48.8132191],[2.2251791,48.8133122],[2.2389124,48.8134037],[2.2526457,48.8134936],[2.2663792,48.8135818],[2.2801126,48.8136684],[2.2938462,48.8137533],[2.3075798,48.8138366],[2.3213135,48.8139183],[2.3350472,48.8139983],[2.348781,48.8140768],[2.3625148,48.8141535],[2.3762487,48.8142287]]}},{"type":"Feature","properties":{"axis":"N","value":5407300,"spacing":100,"datum":"ed50"},"geometry":{"type":"LineString","coordinates":[[2.2114318,48.8141186],[2.2251653,48.8142117],[2.2388988,48.8143032],[2.2526324,48.8143931],[2.266366,48.8144813],[2.2800998,48.8145679],[2.2938335,48.8146528],[2.3075674,48.8147361],[2.3213013,48.8148178],[2.3350353,48.8148979],[2.3487693,48.8149763],[2.3625034,48.8150531],[2.3762376,48.8151282]]}},{"type":"Feature","properties":{"axis":"N","value":5407400,"spacing":100,"datum":"ed50"},"geometry":{"type":"LineString","coordinates":[[2.2114177,48.8150181],[2.2251514,48.8151112],[2.2388852,48.8152027],[2.252619,48.8152926],[2.2663529,48.8153808],[2.2800869,48.8154674],[2.2938209,48.8155523],[2.307555,48.8156357],[2.3212892,48.8157173],[2.3350234,48.8157974],[2.3487577,48.8158758],[2.362492,48.8159526],[2.3762264,48.8160277]]}},{"type":"Feature","properties":{"axis":"N","value":5407500,"spacing":100,"datum":"ed50"},"geometry":{"type":"LineString","coordinates":[[2.2114036,48.8159176],[2.2251375,48.8160107],[2.2388716,48.8161022],[2.2526056,48.8161921],[2.2663398,48.8162803],[2.280074,48.8163669],[2.2938083,48.8164519],[2.3075426,48.8165352],[2.321277,48.8166169],[2.3350115,48.8166969],[2.348746,48.8167753],[2.3624806,48.8168521],[2.3762152,48.8169272]]}},{"type":"Feature","properties":{"axis":"N","value":5407600,"spacing":100,"datum":"ed50"},"geometry":{"type":"LineString","coordinates":[[2.2113895,48.8168171],[2.2251237,48.8169102],[2.2388579,48.8170017],[2.2525923,48.8170916],[2.2663267,48.8171798],[2.2800611,48.8172664],[2.2937956,48.8173514],[2.3075302,48.8174347],[2.3212649,48.8175164],[2.3349996,48.8175964],[2.3487344,48.8176749],[2.3624692,48.8177516],[2.3762041,48.8178268]]}},{"type":"Feature","properties":{"axis":"N","value":5407700,"spacing":100,"datum":"ed50"},"geometry":{"type":"LineString","coordinates":[[2.2113754,48.8177166],[2.2251098,48.8178097],[2.2388443,48.8179012],[2.2525789,48.8179911],[2.2663135,48.8180793],[2.2800482,48.8181659],[2.293783,48.8182509],[2.3075178,48.8183342],[2.3212527,48.8184159],[2.3349877,48.818496],[2.3487227,48.8185744],[2.3624578,48.8186512],[2.3761929,48.8187263]]}},{"type":"Feature","properties":{"axis":"N","value":5407800,"spacing":100,"datum":"ed50"},"geometry":{"type":"LineString","coordinates":[[2.2113613,48.8186161],[2.2250959,48.8187092],[2.2388307,48.8188007],[2.2525655,48.8188906],[2.2663004,48.8189788],[2.2800353,48.8190654],[2.2937704,48.8191504],[2.3075054,48.8192337],[2.3212406,48.8193154],[2.3349758,48.8193955],[2.3487111,48.8194739],[2.3624464,48.8195507],[2.3761818,48.8196258]]}},{"type":"Feature","properties":{"axis":"N","value":5407900,"spacing":100,"datum":"ed50"},"geometry":{"type":"LineString","coordinates":[[2.2113472,48.8195156],[2.2250821,48.8196087],[2.2388171,48.8197002],[2.2525521,48.8197901],[2.2662873,48.8198783],[2.2800225,48.8199649],[2.2937577,48.8200499],[2.3074931,48.8201332],[2.3212284,48.8202149],[2.3349639,48.820295],[2.3486994,48.8203734],[2.362435,48.8204502],[2.3761706,48.8205254]]}},{"type":"Feature","properties":{"axis":"N","value":5408100,"spacing":100,"datum":"ed50"},"geometry":{"type":"LineString","coordinates":[[2.2113189,48.8213145],[2.2250543,48.8214077],[2.2387898,48.8214992],[2.2525254,48.8215891],[2.266261,48.8216774],[2.2799967,48.821764],[2.2937325,48.8218489],[2.3074683,48.8219323],[2.3212041,48.822014],[2.3349401,48.822094],[2.3486761,48.8221725],[2.3624121,48.8222493],[2.3761483,48.8223244]]}},{"type":"Feature","properties":{"axis":"N","value":5408200,"spacing":100,"datum":"ed50"},"geometry":{"type":"LineString","coordinates":[[2.2113048,48.822214],[2.2250405,48.8223072],[2.2387762,48.8223987],[2.252512,48.8224886],[2.2662479,48.8225769],[2.2799838,48.8226635],[2.2937198,48.8227485],[2.3074559,48.8228318],[2.321192,48.8229135],[2.3349282,48.8229936],[2.3486644,48.823072],[2.3624007,48.8231488],[2.3761371,48.823224]]}},{"type":"Feature","properties":{"axis":"N","value":5408300,"spacing":100,"datum":"ed50"},"geometry":{"type":"LineString","coordinates":[[2.2112907,48.8231135],[2.2250266,48.8232067],[2.2387626,48.8232982],[2.2524986,48.8233881],[2.2662347,48.8234764],[2.2799709,48.823563],[2.2937072,48.823648],[2.3074435,48.8237313],[2.3211799,48.823813],[2.3349163,48.8238931],[2.3486528,48.8239715],[2.3623893,48.8240483],[2.3761259,48.8241235]]}},{"type":"Feature","properties":{"axis":"N","value":5408400,"spacing":100,"datum":"ed50"},"geometry":{"type":"LineString","coordinates":[[2.2112766,48.824013],[2.2250127,48.8241062],[2.238749,48.8241977],[2.2524853,48.8242876],[2.2662216,48.8243759],[2.279958,48.8244625],[2.2936945,48.8245475],[2.3074311,48.8246308],[2.3211677,48.8247125],[2.3349044,48.8247926],[2.3486411,48.824871],[2.3623779,48.8249478],[2.3761148,48.825023]]}},{"type":"Feature","properties":{"axis":"N","value":5408500,"spacing":100,"datum":"ed50"},"geometry":{"type":"LineString","coordinates":[[2.2112625,48.8249125],[2.2249989,48.8250057],[2.2387353,48.8250972],[2.2524719,48.8251871],[2.2662085,48.8252754],[2.2799452,48.825362],[2.2936819,48.825447],[2.3074187,48.8255303],[2.3211556,48.8256121],[2.3348925,48.8256921],[2.3486295,48.8257706],[2.3623665,48.8258474],[2.3761036,48.8259225]]}},{"type":"Feature","properties":{"axis":"N","value":5408600,"spacing":100,"datum":"ed50"},"geometry":{"type":"LineString","coordinates":[[2.2112483,48.825812],[2.224985,48.8259052],[2.2387217,48.8259967],[2.2524585,48.8260866],[2.2661953,48.8261749],[2.2799323,48.8262615],[2.2936692,48.8263465],[2.3074063,48.8264299],[2.3211434,48.8265116],[2.3348806,48.8265917],[2.3486178,48.8266701],[2.3623551,48.8267469],[2.3760924,48.8268221]]}},{"type":"Feature","properties":{"axis":"N","value":5408700,"spacing":100,"datum":"ed50"},"geometry":{"type":"LineString","coordinates":[[2.2112342,48.8267115],[2.2249711,48.8268047],[2.2387081,48.8268962],[2.2524451,48.8269861],[2.2661822,48.8270744],[2.2799194,48.827161],[2.2936566,48.827246],[2.3073939,48.8273294],[2.3211312,48.8274111],[2.3348687,48.8274912],[2.3486061,48.8275696],[2.3623437,48.8276464],[2.3760813,48.8277216]]}},{"type":"Feature","properties":{"axis":"N","value":5408800,"spacing":100,"datum":"ed50"},"geometry":{"type":"LineString","coordinates":[[2.2112201,48.827611],[2.2249572,48.8277042],[2.2386945,48.8277957],[2.2524317,48.8278856],[2.2661691,48.8279739],[2.2799065,48.8280605],[2.293644,48.8281455],[2.3073815,48.8282289],[2.3211191,48.8283106],[2.3348568,48.8283907],[2.3485945,48.8284691],[2.3623323,48.8285459],[2.3760701,48.8286211]]}},{"type":"Feature","properties":{"axis":"N","value":5408900,"spacing":100,"datum":"ed50"},"geometry":{"type":"LineString","coordinates":[[2.211206,48.8285105],[2.2249434,48.8286037],[2.2386808,48.8286952],[2.2524184,48.8287851],[2.2661559,48.8288734],[2.2798936,48.8289601],[2.2936313,48.829045],[2.3073691,48.8291284],[2.3211069,48.8292101],[2.3348449,48.8292902],[2.3485828,48.8293687],[2.3623208,48.8294455],[2.3760589,48.8295206]]}},{"type":"Feature","properties":{"axis":"N","value":5409100,"spacing":100,"datum":"ed50"},"geometry":{"type":"LineString","coordinates":[[2.2111778,48.8303095],[2.2249156,48.8304027],[2.2386536,48.8304942],[2.2523916,48.8305842],[2.2661297,48.8306724],[2.2798678,48.8307591],[2.293606,48.8308441],[2.3073443,48.8309274],[2.3210826,48.8310092],[2.334821,48.8310893],[2.3485595,48.8311677],[2.362298,48.8312445],[2.3760366,48.8313197]]}},{"type":"Feature","properties":{"axis":"N","value":5409200,"spacing":100,"datum":"ed50"},"geometry":{"type":"LineString","coordinates":[[2.2111636,48.831209],[2.2249018,48.8313022],[2.2386399,48.8313937],[2.2523782,48.8314837],[2.2661165,48.8315719],[2.2798549,48.8316586],[2.2935934,48.8317436],[2.3073319,48.831827],[2.3210705,48.8319087],[2.3348091,48.8319888],[2.3485478,48.8320672],[2.3622866,48.832144],[2.3760254,48.8322192]]}},{"type":"Feature","properties":{"axis":"N","value":5409300,"spacing":100,"datum":"ed50"},"geometry":{"type":"LineString","coordinates":[[2.2111495,48.8321085],[2.2248879,48.8322017],[2.2386263,48.8322932],[2.2523648,48.8323832],[2.2661034,48.8324714],[2.279842,48.8325581],[2.2935807,48.8326431],[2.3073195,48.8327265],[2.3210583,48.8328082],[2.3347972,48.8328883],[2.3485362,48.8329668],[2.3622752,48.8330436],[2.3760142,48.8331188]]}},{"type":"Feature","properties":{"axis":"N","value":5409400,"spacing":100,"datum":"ed50"},"geometry":{"type":"LineString","coordinates":[[2.2111354,48.833008],[2.224874,48.8331012],[2.2386127,48.8331927],[2.2523514,48.8332827],[2.2660903,48.833371],[2.2798291,48.8334576],[2.2935681,48.8335426],[2.3073071,48.833626],[2.3210462,48.8337077],[2.3347853,48.8337878],[2.3485245,48.8338663],[2.3622638,48.8339431],[2.3760031,48.8340183]]}},{"type":"Feature","properties":{"axis":"N","value":5409500,"spacing":100,"datum":"ed50"},"geometry":{"type":"LineString","coordinates":[[2.2111213,48.8339075],[2.2248601,48.8340007],[2.238599,48.8340922],[2.252338,48.8341822],[2.2660771,48.8342705],[2.2798162,48.8343571],[2.2935554,48.8344421],[2.3072947,48.8345255],[2.321034,48.8346072],[2.3347734,48.8346873],[2.3485128,48.8347658],[2.3622523,48.8348426],[2.3759919,48.8349178]]}},{"type":"Feature","properties":{"axis":"N","value":5409600,"spacing":100,"datum":"ed50"},"geometry":{"type":"LineString","coordinates":[[2.2111071,48.834807],[2.2248462,48.8349002],[2.2385854,48.8349917],[2.2523247,48.8350817],[2.266064,48.83517],[2.2798033,48.8352566],[2.2935428,48.8353416],[2.3072823,48.835425],[2.3210219,48.8355068],[2.3347615,48.8355869],[2.3485012,48.8356653],[2.3622409,48.8357421],[2.3759807,48.8358173]]}},{"type":"Feature","properties":{"axis":"N","value":5409700,"spacing":100,"datum":"ed50"},"geometry":{"type":"LineString","coordinates":[[2.211093,48.8357065],[2.2248324,48.8357997],[2.2385718,48.8358912],[2.2523113,48.8359812],[2.2660508,48.8360695],[2.2797905,48.8361561],[2.2935301,48.8362411],[2.3072699,48.8363245],[2.3210097,48.8364063],[2.3347496,48.8364864],[2.3484895,48.8365648],[2.3622295,48.8366417],[2.3759696,48.8367169]]}},{"type":"Feature","properties":{"axis":"N","value":5409800,"spacing":100,"datum":"ed50"},"geometry":{"type":"LineString","coordinates":[[2.2110789,48.836606],[2.2248185,48.8366992],[2.2385582,48.8367907],[2.2522979,48.8368807],[2.2660377,48.836969],[2.2797776,48.8370556],[2.2935175,48.8371407],[2.3072575,48.837224],[2.3209975,48.8373058],[2.3347377,48.8373859],[2.3484778,48.8374644],[2.3622181,48.8375412],[2.3759584,48.8376164]]}},{"type":"Feature","properties":{"axis":"N","value":5409900,"spacing":100,"datum":"ed50"},"geometry":{"type":"LineString","coordinates":[[2.2110648,48.8375055],[2.2248046,48.8375987],[2.2385445,48.8376902],[2.2522845,48.8377802],[2.2660245,48.8378685],[2.2797647,48.8379551],[2.2935048,48.8380402],[2.3072451,48.8381236],[2.3209854,48.8382053],[2.3347258,48.8382854],[2.3484662,48.8383639],[2.3622067,48.8384407],[2.3759472,48.8385159]]}},{"type":"Feature","properties":{"axis":"N","value":5410100,"spacing":100,"datum":"ed50"},"geometry":{"type":"LineString","coordinates":[[2.2110365,48.8393045],[2.2247768,48.8393977],[2.2385172,48.8394892],[2.2522577,48.8395792],[2.2659983,48.8396675],[2.2797389,48.8397542],[2.2934795,48.8398392],[2.3072203,48.8399226],[2.3209611,48.8400043],[2.3347019,48.8400844],[2.3484428,48.8401629],[2.3621838,48.8402398],[2.3759249,48.840315]]}},{"type":"Feature","properties":{"axis":"N","value":5410200,"spacing":100,"datum":"ed50"},"geometry":{"type":"LineString","coordinates":[[2.2110224,48.8402039],[2.224763,48.8402972],[2.2385036,48.8403887],[2.2522443,48.8404787],[2.2659851,48.840567],[2.279726,48.8406537],[2.2934669,48.8407387],[2.3072079,48.8408221],[2.3209489,48.8409038],[2.33469,48.840984],[2.3484312,48.8410624],[2.3621724,48.8411393],[2.3759137,48.8412145]]}},{"type":"Feature","properties":{"axis":"N","value":5410300,"spacing":100,"datum":"ed50"},"geometry":{"type":"LineString","coordinates":[[2.2110083,48.8411034],[2.2247491,48.8411967],[2.23849,48.8412882],[2.2522309,48.8413782],[2.265972,48.8414665],[2.2797131,48.8415532],[2.2934542,48.8416382],[2.3071955,48.8417216],[2.3209367,48.8418034],[2.3346781,48.8418835],[2.3484195,48.841962],[2.362161,48.8420388],[2.3759025,48.842114]]}},{"type":"Feature","properties":{"axis":"N","value":5410400,"spacing":100,"datum":"ed50"},"geometry":{"type":"LineString","coordinates":[[2.2109941,48.8420029],[2.2247352,48.8420962],[2.2384763,48.8421877],[2.2522175,48.8422777],[2.2659588,48.842366],[2.2797002,48.8424527],[2.2934416,48.8425377],[2.3071831,48.8426211],[2.3209246,48.8427029],[2.3346662,48.842783],[2.3484078,48.8428615],[2.3621496,48.8429383],[2.3758913,48.8430135]]}},{"type":"Feature","properties":{"axis":"N","value":5410500,"spacing":100,"datum":"ed50"},"geometry":{"type":"LineString","coordinates":[[2.21098,48.8429024],[2.2247213,48.8429957],[2.2384627,48.8430872],[2.2522042,48.8431772],[2.2659457,48.8432655],[2.2796873,48.8433522],[2.2934289,48.8434372],[2.3071706,48.8435206],[2.3209124,48.8436024],[2.3346543,48.8436825],[2.3483962,48.843761],[2.3621381,48.8438379],[2.3758802,48.8439131]]}},{"type":"Feature","properties":{"axis":"N","value":5410600,"spacing":100,"datum":"ed50"},"geometry":{"type":"LineString","coordinates":[[2.2109659,48.8438019],[2.2247074,48.8438952],[2.2384491,48.8439867],[2.2521908,48.8440767],[2.2659325,48.844165],[2.2796744,48.8442517],[2.2934163,48.8443367],[2.3071582,48.8444201],[2.3209003,48.8445019],[2.3346424,48.844582],[2.3483845,48.8446605],[2.3621267,48.8447374],[2.375869,48.8448126]]}},{"type":"Feature","properties":{"axis":"N","value":5410700,"spacing":100,"datum":"ed50"},"geometry":{"type":"LineString","coordinates":[[2.2109517,48.8447014],[2.2246935,48.8447946],[2.2384354,48.8448862],[2.2521774,48.8449762],[2.2659194,48.8450645],[2.2796615,48.8451512],[2.2934036,48.8452363],[2.3071458,48.8453197],[2.3208881,48.8454014],[2.3346304,48.8454816],[2.3483728,48.84556],[2.3621153,48.8456369],[2.3758578,48.8457121]]}},{"type":"Feature","properties":{"axis":"N","value":5410800,"spacing":100,"datum":"ed50"},"geometry":{"type":"LineString","coordinates":[[2.2109376,48.8456009],[2.2246797,48.8456941],[2.2384218,48.8457857],[2.252164,48.8458757],[2.2659062,48.845964],[2.2796486,48.8460507],[2.293391,48.8461358],[2.3071334,48.8462192],[2.3208759,48.8463009],[2.3346185,48.8463811],[2.3483612,48.8464596],[2.3621039,48.8465364],[2.3758466,48.8466116]]}},{"type":"Feature","properties":{"axis":"N","value":5410900,"spacing":100,"datum":"ed50"},"geometry":{"type":"LineString","coordinates":[[2.2109235,48.8465004],[2.2246658,48.8465936],[2.2384081,48.8466852],[2.2521506,48.8467752],[2.2658931,48.8468635],[2.2796357,48.8469502],[2.2933783,48.8470353],[2.307121,48.8471187],[2.3208638,48.8472005],[2.3346066,48.8472806],[2.3483495,48.8473591],[2.3620924,48.8474359],[2.3758354,48.8475112]]}},{"type":"Feature","properties":{"axis":"N","value":5411100,"spacing":100,"datum":"ed50"},"geometry":{"type":"LineString","coordinates":[[2.2108952,48.8482994],[2.224638,48.8483926],[2.2383809,48.8484842],[2.2521238,48.8485742],[2.2658668,48.8486625],[2.2796099,48.8487492],[2.293353,48.8488343],[2.3070962,48.8489177],[2.3208394,48.8489995],[2.3345828,48.8490796],[2.3483261,48.8491581],[2.3620696,48.849235],[2.3758131,48.8493102]]}},{"type":"Feature","properties":{"axis":"N","value":5411200,"spacing":100,"datum":"ed50"},"geometry":{"type":"LineString","coordinates":[[2.2108811,48.8491989],[2.2246241,48.8492921],[2.2383672,48.8493837],[2.2521104,48.8494737],[2.2658536,48.849562],[2.2795969,48.8496487],[2.2933403,48.8497338],[2.3070838,48.8498172],[2.3208273,48.849899],[2.3345708,48.8499791],[2.3483145,48.8500576],[2.3620582,48.8501345],[2.3758019,48.8502097]]}},{"type":"Feature","properties":{"axis":"N","value":5411300,"spacing":100,"datum":"ed50"},"geometry":{"type":"LineString","coordinates":[[2.2108669,48.8500984],[2.2246102,48.8501916],[2.2383536,48.8502832],[2.252097,48.8503732],[2.2658405,48.8504615],[2.279584,48.8505482],[2.2933277,48.8506333],[2.3070714,48.8507167],[2.3208151,48.8507985],[2.3345589,48.8508787],[2.3483028,48.8509572],[2.3620467,48.851034],[2.3757907,48.8511093]]}},{"type":"Feature","properties":{"axis":"N","value":5411400,"spacing":100,"datum":"ed50"},"geometry":{"type":"LineString","coordinates":[[2.2108528,48.8509979],[2.2245963,48.8510911],[2.2383399,48.8511827],[2.2520836,48.8512727],[2.2658273,48.8513611],[2.2795711,48.8514478],[2.293315,48.8515328],[2.3070589,48.8516162],[2.3208029,48.851698],[2.334547,48.8517782],[2.3482911,48.8518567],[2.3620353,48.8519336],[2.3757795,48.8520088]]}},{"type":"Feature","properties":{"axis":"N","value":5411500,"spacing":100,"datum":"ed50"},"geometry":{"type":"LineString","coordinates":[[2.2108386,48.8518974],[2.2245824,48.8519906],[2.2383263,48.8520822],[2.2520702,48.8521722],[2.2658142,48.8522606],[2.2795582,48.8523473],[2.2933023,48.8524323],[2.3070465,48.8525158],[2.3207908,48.8525975],[2.3345351,48.8526777],[2.3482794,48.8527562],[2.3620239,48.8528331],[2.3757683,48.8529083]]}},{"type":"Feature","properties":{"axis":"N","value":5411600,"spacing":100,"datum":"ed50"},"geometry":{"type":"LineString","coordinates":[[2.2108245,48.8527968],[2.2245685,48.8528901],[2.2383126,48.8529817],[2.2520568,48.8530717],[2.265801,48.8531601],[2.2795453,48.8532468],[2.2932897,48.8533318],[2.3070341,48.8534153],[2.3207786,48.8534971],[2.3345232,48.8535772],[2.3482678,48.8536557],[2.3620124,48.8537326],[2.3757572,48.8538078]]}},{"type":"Feature","properties":{"axis":"N","value":5411700,"spacing":100,"datum":"ed50"},"geometry":{"type":"LineString","coordinates":[[2.2108104,48.8536963],[2.2245546,48.8537896],[2.238299,48.8538812],[2.2520434,48.8539712],[2.2657879,48.8540596],[2.2795324,48.8541463],[2.293277,48.8542313],[2.3070217,48.8543148],[2.3207664,48.8543966],[2.3345112,48.8544767],[2.3482561,48.8545552],[2.362001,48.8546321],[2.375746,48.8547074]]}},{"type":"Feature","properties":{"axis":"N","value":5411800,"spacing":100,"datum":"ed50"},"geometry":{"type":"LineString","coordinates":[[2.2107962,48.8545958],[2.2245407,48.8546891],[2.2382853,48.8547807],[2.25203,48.8548707],[2.2657747,48.8549591],[2.2795195,48.8550458],[2.2932644,48.8551309],[2.3070093,48.8552143],[2.3207543,48.8552961],[2.3344993,48.8553762],[2.3482444,48.8554548],[2.3619896,48.8555316],[2.3757348,48.8556069]]}},{"type":"Feature","properties":{"axis":"N","value":5411900,"spacing":100,"datum":"ed50"},"geometry":{"type":"LineString","coordinates":[[2.2107821,48.8554953],[2.2245269,48.8555886],[2.2382717,48.8556802],[2.2520166,48.8557702],[2.2657616,48.8558586],[2.2795066,48.8559453],[2.2932517,48.8560304],[2.3069969,48.8561138],[2.3207421,48.8561956],[2.3344874,48.8562758],[2.3482327,48.8563543],[2.3619781,48.8564312],[2.3757236,48.8565064]]}},{"type":"Feature","properties":{"axis":"N","value":5412100,"spacing":100,"datum":"ed50"},"geometry":{"type":"LineString","coordinates":[[2.2107538,48.8572943],[2.2244991,48.8573876],[2.2382444,48.8574792],[2.2519898,48.8575692],[2.2657353,48.8576576],[2.2794808,48.8577443],[2.2932264,48.8578294],[2.306972,48.8579128],[2.3207178,48.8579946],[2.3344635,48.8580748],[2.3482094,48.8581533],[2.3619553,48.8582302],[2.3757012,48.8583055]]}},{"type":"Feature","properties":{"axis":"N","value":5412200,"spacing":100,"datum":"ed50"},"geometry":{"type":"LineString","coordinates":[[2.2107397,48.8581938],[2.2244852,48.8582871],[2.2382307,48.8583787],[2.2519764,48.8584687],[2.2657221,48.8585571],[2.2794679,48.8586438],[2.2932137,48.8587289],[2.3069596,48.8588123],[2.3207056,48.8588941],[2.3344516,48.8589743],[2.3481977,48.8590528],[2.3619438,48.8591297],[2.37569,48.859205]]}},{"type":"Feature","properties":{"axis":"N","value":5412300,"spacing":100,"datum":"ed50"},"geometry":{"type":"LineString","coordinates":[[2.2107255,48.8590933],[2.2244713,48.8591866],[2.2382171,48.8592782],[2.251963,48.8593682],[2.2657089,48.8594566],[2.279455,48.8595433],[2.293201,48.8596284],[2.3069472,48.8597118],[2.3206934,48.8597937],[2.3344397,48.8598738],[2.348186,48.8599524],[2.3619324,48.8600292],[2.3756789,48.8601045]]}},{"type":"Feature","properties":{"axis":"N","value":5412400,"spacing":100,"datum":"ed50"},"geometry":{"type":"LineString","coordinates":[[2.2107114,48.8599928],[2.2244574,48.8600861],[2.2382034,48.8601777],[2.2519496,48.8602677],[2.2656958,48.8603561],[2.279442,48.8604428],[2.2931884,48.8605279],[2.3069348,48.8606114],[2.3206812,48.8606932],[2.3344278,48.8607733],[2.3481743,48.8608519],[2.361921,48.8609288],[2.3756677,48.861004]]}},{"type":"Feature","properties":{"axis":"N","value":5412500,"spacing":100,"datum":"ed50"},"geometry":{"type":"LineString","coordinates":[[2.2106972,48.8608923],[2.2244435,48.8609856],[2.2381898,48.8610772],[2.2519362,48.8611672],[2.2656826,48.8612556],[2.2794291,48.8613423],[2.2931757,48.8614274],[2.3069224,48.8615109],[2.3206691,48.8615927],[2.3344158,48.8616729],[2.3481627,48.8617514],[2.3619095,48.8618283],[2.3756565,48.8619035]]}},{"type":"Feature","properties":{"axis":"N","value":5412600,"spacing":100,"datum":"ed50"},"geometry":{"type":"LineString","coordinates":[[2.2106831,48.8617918],[2.2244296,48.861885],[2.2381761,48.8619767],[2.2519228,48.8620667],[2.2656695,48.8621551],[2.2794162,48.8622418],[2.293163,48.8623269],[2.3069099,48.8624104],[2.3206569,48.8624922],[2.3344039,48.8625724],[2.348151,48.8626509],[2.3618981,48.8627278],[2.3756453,48.8628031]]}},{"type":"Feature","properties":{"axis":"N","value":5412700,"spacing":100,"datum":"ed50"},"geometry":{"type":"LineString","coordinates":[[2.2106689,48.8626913],[2.2244157,48.8627845],[2.2381625,48.8628762],[2.2519094,48.8629662],[2.2656563,48.8630546],[2.2794033,48.8631413],[2.2931504,48.8632264],[2.3068975,48.8633099],[2.3206447,48.8633917],[2.334392,48.8634719],[2.3481393,48.8635504],[2.3618867,48.8636273],[2.3756341,48.8637026]]}},{"type":"Feature","properties":{"axis":"N","value":5412800,"spacing":100,"datum":"ed50"},"geometry":{"type":"LineString","coordinates":[[2.2106548,48.8635907],[2.2244018,48.863684],[2.2381488,48.8637757],[2.2518959,48.8638657],[2.2656431,48.8639541],[2.2793904,48.8640408],[2.2931377,48.8641259],[2.3068851,48.8642094],[2.3206325,48.8642912],[2.33438,48.8643714],[2.3481276,48.8644499],[2.3618752,48.8645268],[2.3756229,48.8646021]]}},{"type":"Feature","properties":{"axis":"N","value":5412900,"spacing":100,"datum":"ed50"},"geometry":{"type":"LineString","coordinates":[[2.2106407,48.8644902],[2.2243879,48.8645835],[2.2381352,48.8646752],[2.2518825,48.8647652],[2.26563,48.8648536],[2.2793775,48.8649403],[2.293125,48.8650254],[2.3068727,48.8651089],[2.3206204,48.8651907],[2.3343681,48.8652709],[2.3481159,48.8653495],[2.3618638,48.8654264],[2.3756117,48.8655016]]}},{"type":"Feature","properties":{"axis":"N","value":5413100,"spacing":100,"datum":"ed50"},"geometry":{"type":"LineString","coordinates":[[2.2106124,48.8662892],[2.2243601,48.8663825],[2.2381079,48.8664742],[2.2518557,48.8665642],[2.2656036,48.8666526],[2.2793516,48.8667393],[2.2930997,48.8668244],[2.3068478,48.8669079],[2.320596,48.8669897],[2.3343442,48.8670699],[2.3480926,48.8671485],[2.3618409,48.8672254],[2.3755893,48.8673007]]}},{"type":"Feature","properties":{"axis":"N","value":5413200,"spacing":100,"datum":"ed50"},"geometry":{"type":"LineString","coordinates":[[2.2105982,48.8671887],[2.2243462,48.867282],[2.2380942,48.8673737],[2.2518423,48.8674637],[2.2655905,48.8675521],[2.2793387,48.8676388],[2.293087,48.867724],[2.3068354,48.8678074],[2.3205838,48.8678893],[2.3343323,48.8679695],[2.3480809,48.868048],[2.3618295,48.8681249],[2.3755781,48.8682002]]}},{"type":"Feature","properties":{"axis":"N","value":5413300,"spacing":100,"datum":"ed50"},"geometry":{"type":"LineString","coordinates":[[2.2105841,48.8680882],[2.2243323,48.8681815],[2.2380806,48.8682732],[2.2518289,48.8683632],[2.2655773,48.8684516],[2.2793258,48.8685383],[2.2930744,48.8686235],[2.306823,48.8687069],[2.3205716,48.8687888],[2.3343204,48.868869],[2.3480692,48.8689475],[2.361818,48.8690244],[2.375567,48.8690997]]}},{"type":"Feature","properties":{"axis":"N","value":5413400,"spacing":100,"datum":"ed50"},"geometry":{"type":"LineString","coordinates":[[2.2105699,48.8689877],[2.2243184,48.869081],[2.2380669,48.8691727],[2.2518155,48.8692627],[2.2655642,48.8693511],[2.2793129,48.8694379],[2.2930617,48.869523],[2.3068105,48.8696064],[2.3205595,48.8696883],[2.3343084,48.8697685],[2.3480575,48.869847],[2.3618066,48.869924],[2.3755558,48.8699992]]}},{"type":"Feature","properties":{"axis":"N","value":5413500,"spacing":100,"datum":"ed50"},"geometry":{"type":"LineString","coordinates":[[2.2105558,48.8698872],[2.2243045,48.8699805],[2.2380532,48.8700722],[2.2518021,48.8701622],[2.265551,48.8702506],[2.2793,48.8703374],[2.293049,48.8704225],[2.3067981,48.870506],[2.3205473,48.8705878],[2.3342965,48.870668],[2.3480458,48.8707466],[2.3617952,48.8708235],[2.3755446,48.8708988]]}},{"type":"Feature","properties":{"axis":"N","value":5413600,"spacing":100,"datum":"ed50"},"geometry":{"type":"LineString","coordinates":[[2.2105416,48.8707867],[2.2242906,48.87088],[2.2380396,48.8709717],[2.2517887,48.8710617],[2.2655378,48.8711501],[2.279287,48.8712369],[2.2930363,48.871322],[2.3067857,48.8714055],[2.3205351,48.8714873],[2.3342846,48.8715675],[2.3480341,48.8716461],[2.3617837,48.871723],[2.3755334,48.8717983]]}},{"type":"Feature","properties":{"axis":"N","value":5413700,"spacing":100,"datum":"ed50"},"geometry":{"type":"LineString","coordinates":[[2.2105274,48.8716861],[2.2242766,48.8717795],[2.2380259,48.8718711],[2.2517753,48.8719612],[2.2655247,48.8720496],[2.2792741,48.8721364],[2.2930237,48.8722215],[2.3067733,48.872305],[2.3205229,48.8723868],[2.3342726,48.872467],[2.3480224,48.8725456],[2.3617723,48.8726225],[2.3755222,48.8726978]]}},{"type":"Feature","properties":{"axis":"N","value":5413800,"spacing":100,"datum":"ed50"},"geometry":{"type":"LineString","coordinates":[[2.2105133,48.8725856],[2.2242627,48.872679],[2.2380123,48.8727706],[2.2517618,48.8728607],[2.2655115,48.8729491],[2.2792612,48.8730359],[2.293011,48.873121],[2.3067608,48.8732045],[2.3205107,48.8732863],[2.3342607,48.8733665],[2.3480107,48.8734451],[2.3617608,48.873522],[2.375511,48.8735973]]}},{"type":"Feature","properties":{"axis":"N","value":5413900,"spacing":100,"datum":"ed50"},"geometry":{"type":"LineString","coordinates":[[2.2104991,48.8734851],[2.2242488,48.8735785],[2.2379986,48.8736701],[2.2517484,48.8737602],[2.2654983,48.8738486],[2.2792483,48.8739354],[2.2929983,48.8740205],[2.3067484,48.874104],[2.3204986,48.8741858],[2.3342488,48.8742661],[2.3479991,48.8743446],[2.3617494,48.8744216],[2.3754998,48.8744968]]}},{"type":"Feature","properties":{"axis":"N","value":5414100,"spacing":100,"datum":"ed50"},"geometry":{"type":"LineString","coordinates":[[2.2104708,48.8752841],[2.224221,48.8753774],[2.2379713,48.8754691],[2.2517216,48.8755592],[2.265472,48.8756476],[2.2792224,48.8757344],[2.292973,48.8758195],[2.3067235,48.875903],[2.3204742,48.8759849],[2.3342249,48.8760651],[2.3479757,48.8761437],[2.3617265,48.8762206],[2.3754774,48.8762959]]}},{"type":"Feature","properties":{"axis":"N","value":5414200,"spacing":100,"datum":"ed50"},"geometry":{"type":"LineString","coordinates":[[2.2104567,48.8761836],[2.2242071,48.8762769],[2.2379576,48.8763686],[2.2517082,48.8764587],[2.2654588,48.8765471],[2.2792095,48.8766339],[2.2929603,48.876719],[2.3067111,48.8768025],[2.320462,48.8768844],[2.334213,48.8769646],[2.347964,48.8770432],[2.3617151,48.8771201],[2.3754662,48.8771954]]}},{"type":"Feature","properties":{"axis":"N","value":5414300,"spacing":100,"datum":"ed50"},"geometry":{"type":"LineString","coordinates":[[2.2104425,48.8770831],[2.2241932,48.8771764],[2.2379439,48.8772681],[2.2516948,48.8773582],[2.2654456,48.8774466],[2.2791966,48.8775334],[2.2929476,48.8776185],[2.3066987,48.877702],[2.3204498,48.8777839],[2.334201,48.8778641],[2.3479523,48.8779427],[2.3617036,48.8780196],[2.375455,48.8780949]]}},{"type":"Feature","properties":{"axis":"N","value":5414400,"spacing":100,"datum":"ed50"},"geometry":{"type":"LineString","coordinates":[[2.2104284,48.8779826],[2.2241793,48.8780759],[2.2379303,48.8781676],[2.2516813,48.8782577],[2.2654325,48.8783461],[2.2791837,48.8784329],[2.2929349,48.878518],[2.3066862,48.8786015],[2.3204376,48.8786834],[2.3341891,48.8787636],[2.3479406,48.8788422],[2.3616922,48.8789191],[2.3754438,48.8789944]]}},{"type":"Feature","properties":{"axis":"N","value":5414500,"spacing":100,"datum":"ed50"},"geometry":{"type":"LineString","coordinates":[[2.2104142,48.8788821],[2.2241654,48.8789754],[2.2379166,48.8790671],[2.2516679,48.8791572],[2.2654193,48.8792456],[2.2791707,48.8793324],[2.2929222,48.8794175],[2.3066738,48.879501],[2.3204255,48.8795829],[2.3341771,48.8796631],[2.3479289,48.8797417],[2.3616807,48.8798187],[2.3754326,48.879894]]}},{"type":"Feature","properties":{"axis":"N","value":5414600,"spacing":100,"datum":"ed50"},"geometry":{"type":"LineString","coordinates":[[2.2104,48.8797815],[2.2241515,48.8798749],[2.2379029,48.8799666],[2.2516545,48.8800567],[2.2654061,48.8801451],[2.2791578,48.8802319],[2.2929096,48.880317],[2.3066614,48.8804005],[2.3204133,48.8804824],[2.3341652,48.8805626],[2.3479172,48.8806412],[2.3616693,48.8807182],[2.3754214,48.8807935]]}},{"type":"Feature","properties":{"axis":"N","value":5414700,"spacing":100,"datum":"ed50"},"geometry":{"type":"LineString","coordinates":[[2.2103859,48.880681],[2.2241375,48.8807744],[2.2378893,48.8808661],[2.2516411,48.8809562],[2.2653929,48.8810446],[2.2791449,48.8811314],[2.2928969,48.8812165],[2.3066489,48.8813],[2.3204011,48.8813819],[2.3341533,48.8814622],[2.3479055,48.8815407],[2.3616578,48.8816177],[2.3754102,48.881693]]}},{"type":"Feature","properties":{"axis":"N","value":5414800,"spacing":100,"datum":"ed50"},"geometry":{"type":"LineString","coordinates":[[2.2103717,48.8815805],[2.2241236,48.8816739],[2.2378756,48.8817656],[2.2516277,48.8818557],[2.2653798,48.8819441],[2.279132,48.8820309],[2.2928842,48.882116],[2.3066365,48.8821996],[2.3203889,48.8822814],[2.3341413,48.8823617],[2.3478938,48.8824403],[2.3616464,48.8825172],[2.375399,48.8825925]]}},{"type":"Feature","properties":{"axis":"N","value":5414900,"spacing":100,"datum":"ed50"},"geometry":{"type":"LineString","coordinates":[[2.2103576,48.88248],[2.2241097,48.8825734],[2.2378619,48.8826651],[2.2516142,48.8827552],[2.2653666,48.8828436],[2.279119,48.8829304],[2.2928715,48.8830155],[2.3066241,48.8830991],[2.3203767,48.8831809],[2.3341294,48.8832612],[2.3478821,48.8833398],[2.3616349,48.8834167],[2.3753878,48.883492]]}},{"type":"Feature","properties":{"axis":"N","value":5415100,"spacing":100,"datum":"ed50"},"geometry":{"type":"LineString","coordinates":[[2.2103292,48.884279],[2.2240819,48.8843723],[2.2378346,48.8844641],[2.2515874,48.8845541],[2.2653402,48.8846426],[2.2790932,48.8847294],[2.2928462,48.8848146],[2.3065992,48.8848981],[2.3203523,48.88498],[2.3341055,48.8850602],[2.3478587,48.8851388],[2.361612,48.8852158],[2.3753654,48.8852911]]}},{"type":"Feature","properties":{"axis":"N","value":5415200,"spacing":100,"datum":"ed50"},"geometry":{"type":"LineString","coordinates":[[2.2103151,48.8851785],[2.224068,48.8852718],[2.2378209,48.8853636],[2.251574,48.8854536],[2.2653271,48.8855421],[2.2790802,48.8856289],[2.2928335,48.8857141],[2.3065868,48.8857976],[2.3203401,48.8858795],[2.3340936,48.8859597],[2.347847,48.8860383],[2.3616006,48.8861153],[2.3753542,48.8861906]]}},{"type":"Feature","properties":{"axis":"N","value":5415300,"spacing":100,"datum":"ed50"},"geometry":{"type":"LineString","coordinates":[[2.2103009,48.8860779],[2.2240541,48.8861713],[2.2378073,48.886263],[2.2515605,48.8863531],[2.2653139,48.8864416],[2.2790673,48.8865284],[2.2928208,48.8866136],[2.3065743,48.8866971],[2.3203279,48.886779],[2.3340816,48.8868592],[2.3478353,48.8869378],[2.3615891,48.8870148],[2.375343,48.8870901]]}},{"type":"Feature","properties":{"axis":"N","value":5415400,"spacing":100,"datum":"ed50"},"geometry":{"type":"LineString","coordinates":[[2.2102867,48.8869774],[2.2240401,48.8870708],[2.2377936,48.8871625],[2.2515471,48.8872526],[2.2653007,48.8873411],[2.2790544,48.8874279],[2.2928081,48.8875131],[2.3065619,48.8875966],[2.3203157,48.8876785],[2.3340697,48.8877587],[2.3478236,48.8878373],[2.3615777,48.8879143],[2.3753318,48.8879896]]}},{"type":"Feature","properties":{"axis":"N","value":5415500,"spacing":100,"datum":"ed50"},"geometry":{"type":"LineString","coordinates":[[2.2102726,48.8878769],[2.2240262,48.8879703],[2.2377799,48.888062],[2.2515337,48.8881521],[2.2652875,48.8882406],[2.2790414,48.8883274],[2.2927954,48.8884126],[2.3065495,48.8884961],[2.3203036,48.888578],[2.3340577,48.8886582],[2.3478119,48.8887369],[2.3615662,48.8888138],[2.3753206,48.8888892]]}},{"type":"Feature","properties":{"axis":"N","value":5415600,"spacing":100,"datum":"ed50"},"geometry":{"type":"LineString","coordinates":[[2.2102584,48.8887764],[2.2240123,48.8888698],[2.2377662,48.8889615],[2.2515203,48.8890516],[2.2652744,48.8891401],[2.2790285,48.8892269],[2.2927827,48.8893121],[2.306537,48.8893956],[2.3202914,48.8894775],[2.3340458,48.8895578],[2.3478002,48.8896364],[2.3615548,48.8897133],[2.3753094,48.8897887]]}},{"type":"Feature","properties":{"axis":"N","value":5415700,"spacing":100,"datum":"ed50"},"geometry":{"type":"LineString","coordinates":[[2.2102442,48.8896759],[2.2239984,48.8897693],[2.2377526,48.889861],[2.2515068,48.8899511],[2.2652612,48.8900396],[2.2790156,48.8901264],[2.29277,48.8902116],[2.3065246,48.8902951],[2.3202792,48.890377],[2.3340338,48.8904573],[2.3477885,48.8905359],[2.3615433,48.8906129],[2.3752981,48.8906882]]}},{"type":"Feature","properties":{"axis":"N","value":5415800,"spacing":100,"datum":"ed50"},"geometry":{"type":"LineString","coordinates":[[2.2102301,48.8905754],[2.2239845,48.8906688],[2.2377389,48.8907605],[2.2514934,48.8908506],[2.265248,48.8909391],[2.2790026,48.8910259],[2.2927574,48.8911111],[2.3065121,48.8911946],[2.320267,48.8912765],[2.3340219,48.8913568],[2.3477768,48.8914354],[2.3615319,48.8915124],[2.3752869,48.8915877]]}},{"type":"Feature","properties":{"axis":"N","value":5415900,"spacing":100,"datum":"ed50"},"geometry":{"type":"LineString","coordinates":[[2.2102159,48.8914749],[2.2239705,48.8915683],[2.2377252,48.89166],[2.25148,48.8917501],[2.2652348,48.8918386],[2.2789897,48.8919254],[2.2927447,48.8920106],[2.3064997,48.8920941],[2.3202548,48.892176],[2.3340099,48.8922563],[2.3477651,48.8923349],[2.3615204,48.8924119],[2.3752757,48.8924872]]}},{"type":"Feature","properties":{"axis":"N","value":5416100,"spacing":100,"datum":"ed50"},"geometry":{"type":"LineString","coordinates":[[2.2101876,48.8932738],[2.2239427,48.8933672],[2.2376979,48.893459],[2.2514531,48.8935491],[2.2652084,48.8936376],[2.2789638,48.8937244],[2.2927193,48.8938096],[2.3064748,48.8938931],[2.3202304,48.893975],[2.333986,48.8940553],[2.3477417,48.8941339],[2.3614975,48.8942109],[2.3752533,48.8942863]]}},{"type":"Feature","properties":{"axis":"N","value":5416200,"spacing":100,"datum":"ed50"},"geometry":{"type":"LineString","coordinates":[[2.2101734,48.8941733],[2.2239288,48.8942667],[2.2376842,48.8943585],[2.2514397,48.8944486],[2.2651953,48.8945371],[2.2789509,48.8946239],[2.2927066,48.8947091],[2.3064624,48.8947926],[2.3202182,48.8948745],[2.3339741,48.8949548],[2.34773,48.8950334],[2.361486,48.8951104],[2.3752421,48.8951858]]}},{"type":"Feature","properties":{"axis":"N","value":5416300,"spacing":100,"datum":"ed50"},"geometry":{"type":"LineString","coordinates":[[2.2101592,48.8950728],[2.2239148,48.8951662],[2.2376705,48.895258],[2.2514263,48.8953481],[2.2651821,48.8954366],[2.278938,48.8955234],[2.2926939,48.8956086],[2.3064499,48.8956921],[2.320206,48.8957741],[2.3339621,48.8958543],[2.3477183,48.895933],[2.3614746,48.8960099],[2.3752309,48.8960853]]}},{"type":"Feature","properties":{"axis":"N","value":5416400,"spacing":100,"datum":"ed50"},"geometry":{"type":"LineString","coordinates":[[2.2101451,48.8959723],[2.2239009,48.8960657],[2.2376568,48.8961575],[2.2514128,48.8962476],[2.2651689,48.8963361],[2.278925,48.8964229],[2.2926812,48.8965081],[2.3064375,48.8965916],[2.3201938,48.8966736],[2.3339502,48.8967538],[2.3477066,48.8968325],[2.3614631,48.8969095],[2.3752197,48.8969848]]}},{"type":"Feature","properties":{"axis":"N","value":5416500,"spacing":100,"datum":"ed50"},"geometry":{"type":"LineString","coordinates":[[2.2101309,48.8968718],[2.223887,48.8969652],[2.2376432,48.8970569],[2.2513994,48.8971471],[2.2651557,48.8972355],[2.2789121,48.8973224],[2.2926685,48.8974076],[2.306425,48.8974911],[2.3201816,48.8975731],[2.3339382,48.8976533],[2.3476949,48.897732],[2.3614517,48.897809],[2.3752085,48.8978843]]}},{"type":"Feature","properties":{"axis":"N","value":5416600,"spacing":100,"datum":"ed50"},"geometry":{"type":"LineString","coordinates":[[2.2101167,48.8977713],[2.2238731,48.8978647],[2.2376295,48.8979564],[2.251386,48.8980466],[2.2651425,48.898135],[2.2788991,48.8982219],[2.2926558,48.8983071],[2.3064126,48.8983907],[2.3201694,48.8984726],[2.3339263,48.8985529],[2.3476832,48.8986315],[2.3614402,48.8987085],[2.3751973,48.8987838]]}},{"type":"Feature","properties":{"axis":"N","value":5416700,"spacing":100,"datum":"ed50"},"geometry":{"type":"LineString","coordinates":[[2.2101025,48.8986707],[2.2238591,48.8987642],[2.2376158,48.8988559],[2.2513725,48.8989461],[2.2651293,48.8990345],[2.2788862,48.8991214],[2.2926431,48.8992066],[2.3064001,48.8992902],[2.3201572,48.8993721],[2.3339143,48.8994524],[2.3476715,48.899531],[2.3614288,48.899608],[2.3751861,48.8996834]]}},{"type":"Feature","properties":{"axis":"N","value":5416800,"spacing":100,"datum":"ed50"},"geometry":{"type":"LineString","coordinates":[[2.2100884,48.8995702],[2.2238452,48.8996636],[2.2376021,48.8997554],[2.2513591,48.8998455],[2.2651162,48.899934],[2.2788733,48.9000209],[2.2926304,48.9001061],[2.3063877,48.9001897],[2.320145,48.9002716],[2.3339024,48.9003519],[2.3476598,48.9004305],[2.3614173,48.9005075],[2.3751748,48.9005829]]}},{"type":"Feature","properties":{"axis":"N","value":5416900,"spacing":100,"datum":"ed50"},"geometry":{"type":"LineString","coordinates":[[2.2100742,48.9004697],[2.2238313,48.9005631],[2.2375884,48.9006549],[2.2513457,48.900745],[2.265103,48.9008335],[2.2788603,48.9009204],[2.2926178,48.9010056],[2.3063752,48.9010892],[2.3201328,48.9011711],[2.3338904,48.9012514],[2.3476481,48.90133],[2.3614058,48.901407],[2.3751636,48.9014824]]}},{"type":"Feature","properties":{"axis":"N","value":5417100,"spacing":100,"datum":"ed50"},"geometry":{"type":"LineString","coordinates":[[2.2100458,48.9022687],[2.2238034,48.9023621],[2.2375611,48.9024539],[2.2513188,48.902544],[2.2650766,48.9026325],[2.2788344,48.9027194],[2.2925924,48.9028046],[2.3063504,48.9028882],[2.3201084,48.9029701],[2.3338665,48.9030504],[2.3476247,48.903129],[2.3613829,48.9032061],[2.3751412,48.9032814]]}},{"type":"Feature","properties":{"axis":"N","value":5417200,"spacing":100,"datum":"ed50"},"geometry":{"type":"LineString","coordinates":[[2.2100317,48.9031682],[2.2237895,48.9032616],[2.2375474,48.9033534],[2.2513054,48.9034435],[2.2650634,48.903532],[2.2788215,48.9036189],[2.2925797,48.9037041],[2.3063379,48.9037877],[2.3200962,48.9038696],[2.3338546,48.9039499],[2.347613,48.9040286],[2.3613714,48.9041056],[2.37513,48.9041809]]}},{"type":"Feature","properties":{"axis":"N","value":5417300,"spacing":100,"datum":"ed50"},"geometry":{"type":"LineString","coordinates":[[2.2100175,48.9040677],[2.2237756,48.9041611],[2.2375337,48.9042529],[2.2512919,48.904343],[2.2650502,48.9044315],[2.2788086,48.9045184],[2.292567,48.9046036],[2.3063255,48.9046872],[2.320084,48.9047691],[2.3338426,48.9048494],[2.3476013,48.9049281],[2.36136,48.9050051],[2.3751188,48.9050805]]}},{"type":"Feature","properties":{"axis":"N","value":5417400,"spacing":100,"datum":"ed50"},"geometry":{"type":"LineString","coordinates":[[2.2100033,48.9049671],[2.2237616,48.9050606],[2.23752,48.9051524],[2.2512785,48.9052425],[2.265037,48.905331],[2.2787956,48.9054179],[2.2925543,48.9055031],[2.306313,48.9055867],[2.3200718,48.9056686],[2.3338306,48.9057489],[2.3475896,48.9058276],[2.3613485,48.9059046],[2.3751075,48.90598]]}},{"type":"Feature","properties":{"axis":"N","value":5417500,"spacing":100,"datum":"ed50"},"geometry":{"type":"LineString","coordinates":[[2.2099891,48.9058666],[2.2237477,48.9059601],[2.2375063,48.9060518],[2.251265,48.906142],[2.2650238,48.9062305],[2.2787827,48.9063174],[2.2925416,48.9064026],[2.3063005,48.9064862],[2.3200596,48.9065681],[2.3338187,48.9066484],[2.3475778,48.9067271],[2.3613371,48.9068041],[2.3750963,48.9068795]]}},{"type":"Feature","properties":{"axis":"N","value":5417600,"spacing":100,"datum":"ed50"},"geometry":{"type":"LineString","coordinates":[[2.2099749,48.9067661],[2.2237338,48.9068595],[2.2374926,48.9069513],[2.2512516,48.9070415],[2.2650106,48.90713],[2.2787697,48.9072169],[2.2925289,48.9073021],[2.3062881,48.9073857],[2.3200474,48.9074676],[2.3338067,48.9075479],[2.3475661,48.9076266],[2.3613256,48.9077036],[2.3750851,48.907779]]}},{"type":"Feature","properties":{"axis":"N","value":5417700,"spacing":100,"datum":"ed50"},"geometry":{"type":"LineString","coordinates":[[2.2099608,48.9076656],[2.2237198,48.907759],[2.237479,48.9078508],[2.2512382,48.907941],[2.2649974,48.9080295],[2.2787568,48.9081164],[2.2925162,48.9082016],[2.3062756,48.9082852],[2.3200352,48.9083671],[2.3337948,48.9084474],[2.3475544,48.9085261],[2.3613141,48.9086031],[2.3750739,48.9086785]]}},{"type":"Feature","properties":{"axis":"N","value":5417800,"spacing":100,"datum":"ed50"},"geometry":{"type":"LineString","coordinates":[[2.2099466,48.9085651],[2.2237059,48.9086585],[2.2374653,48.9087503],[2.2512247,48.9088405],[2.2649842,48.908929],[2.2787438,48.9090159],[2.2925035,48.9091011],[2.3062632,48.9091847],[2.320023,48.9092666],[2.3337828,48.909347],[2.3475427,48.9094256],[2.3613027,48.9095026],[2.3750627,48.909578]]}},{"type":"Feature","properties":{"axis":"N","value":5417900,"spacing":100,"datum":"ed50"},"geometry":{"type":"LineString","coordinates":[[2.2099324,48.9094646],[2.223692,48.909558],[2.2374516,48.9096498],[2.2512113,48.90974],[2.264971,48.9098285],[2.2787309,48.9099154],[2.2924908,48.9100006],[2.3062507,48.9100842],[2.3200108,48.9101661],[2.3337708,48.9102465],[2.347531,48.9103251],[2.3612912,48.9104022],[2.3750515,48.9104775]]}}]}