{"type":"FeatureCollection","features":[{"type":"Feature","properties":{"axis":"E","value":442000,"spacing":1000,"datum":"etrs89"},"geometry":{"type":"LineString","coordinates":[[2.2102559,48.7952874],[2.2101146,48.8042824],[2.2099733,48.8132775],[2.2098319,48.8222725],[2.2096905,48.8312676],[2.209549,48.8402626],[2.2094074,48.8492576],[2.2092657,48.8582526],[2.209124,48.8672475],[2.2089822,48.8762425],[2.2088404,48.8852374],[2.2086984,48.8942324],[2.2085564,48.9032273],[2.2084143,48.9122222]]}},{"type":"Feature","properties":{"axis":"E","value":443000,"spacing":1000,"datum":"etrs89"},"geometry":{"type":"LineString","coordinates":[[2.2238708,48.7953798],[2.223732,48.8043749],[2.2235931,48.81337],[2.2234542,48.8223651],[2.2233152,48.8313602],[2.2231761,48.8403552],[2.223037,48.8493502],[2.2228978,48.8583453],[2.2227585,48.8673403],[2.2226191,48.8763352],[2.2224797,48.8853302],[2.2223402,48.8943252],[2.2222007,48.9033201],[2.222061,48.9123151]]}},{"type":"Feature","properties":{"axis":"E","value":444000,"spacing":1000,"datum":"etrs89"},"geometry":{"type":"LineString","coordinates":[[2.2374858,48.7954707],[2.2373495,48.8044658],[2.237213,48.813461],[2.2370765,48.8224561],[2.23694,48.8314512],[2.2368033,48.8404462],[2.2366666,48.8494413],[2.2365299,48.8584363],[2.236393,48.8674314],[2.2362561,48.8764264],[2.2361191,48.8854214],[2.2359821,48.8944164],[2.235845,48.9034113],[2.2357078,48.9124063]]}},{"type":"Feature","properties":{"axis":"E","value":445000,"spacing":1000,"datum":"etrs89"},"geometry":{"type":"LineString","coordinates":[[2.2511009,48.79556],[2.250967,48.8045551],[2.250833,48.8135503],[2.250699,48.8225454],[2.2505648,48.8315405],[2.2504306,48.8405356],[2.2502964,48.8495307],[2.250162,48.8585258],[2.2500276,48.8675209],[2.2498932,48.8765159],[2.2497586,48.8855109],[2.249624,48.894506],[2.2494894,48.903501],[2.2493547,48.9124959]]}},{"type":"Feature","properties":{"axis":"E","value":446000,"spacing":1000,"datum":"etrs89"},"geometry":{"type":"LineString","coordinates":[[2.2647161,48.7956476],[2.2645846,48.8046428],[2.2644531,48.813638],[2.2643214,48.8226332],[2.2641897,48.8316283],[2.264058,48.8406234],[2.2639262,48.8496185],[2.2637943,48.8586137],[2.2636623,48.8676087],[2.2635303,48.8766038],[2.2633982,48.8855989],[2.2632661,48.8945939],[2.2631338,48.9035889],[2.2630016,48.912584]]}},{"type":"Feature","properties":{"axis":"E","value":447000,"spacing":1000,"datum":"etrs89"},"geometry":{"type":"LineString","coordinates":[[2.2783313,48.7957337],[2.2782023,48.8047289],[2.2780732,48.8137241],[2.277944,48.8227193],[2.2778147,48.8317145],[2.2776854,48.8407096],[2.277556,48.8497048],[2.2774266,48.8586999],[2.277297,48.867695],[2.2771675,48.8766901],[2.2770378,48.8856852],[2.2769081,48.8946803],[2.2767784,48.9036753],[2.2766485,48.9126704]]}},{"type":"Feature","properties":{"axis":"E","value":448000,"spacing":1000,"datum":"etrs89"},"geometry":{"type":"LineString","coordinates":[[2.2919466,48.7958181],[2.29182,48.8048134],[2.2916933,48.8138086],[2.2915666,48.8228038],[2.2914397,48.831799],[2.2913129,48.8407942],[2.2911859,48.8497894],[2.2910589,48.8587845],[2.2909318,48.8677797],[2.2908047,48.8767748],[2.2906775,48.8857699],[2.2905503,48.894765],[2.2904229,48.9037601],[2.2902956,48.9127552]]}},{"type":"Feature","properties":{"axis":"E","value":449000,"spacing":1000,"datum":"etrs89"},"geometry":{"type":"LineString","coordinates":[[2.305562,48.795901],[2.3054378,48.8048962],[2.3053135,48.8138915],[2.3051892,48.8228867],[2.3050648,48.8318819],[2.3049404,48.8408772],[2.3048159,48.8498724],[2.3046913,48.8588675],[2.3045667,48.8678627],[2.304442,48.8768579],[2.3043173,48.885853],[2.3041925,48.8948481],[2.3040676,48.9038432],[2.3039427,48.9128383]]}},{"type":"Feature","properties":{"axis":"E","value":450000,"spacing":1000,"datum":"etrs89"},"geometry":{"type":"LineString","coordinates":[[2.3191774,48.7959822],[2.3190556,48.8049775],[2.3189338,48.8139728],[2.3188119,48.822968],[2.31869,48.8319633],[2.318568,48.8409585],[2.3184459,48.8499537],[2.3183238,48.8589489],[2.3182016,48.8679441],[2.3180794,48.8769393],[2.3179571,48.8859345],[2.3178347,48.8949296],[2.3177123,48.9039248],[2.3175898,48.9129199]]}},{"type":"Feature","properties":{"axis":"E","value":451000,"spacing":1000,"datum":"etrs89"},"geometry":{"type":"LineString","coordinates":[[2.3327929,48.7960618],[2.3326736,48.8050571],[2.3325542,48.8140524],[2.3324347,48.8230477],[2.3323152,48.832043],[2.3321957,48.8410383],[2.332076,48.8500335],[2.3319564,48.8590287],[2.3318366,48.868024],[2.3317168,48.8770192],[2.331597,48.8860143],[2.3314771,48.8950095],[2.3313571,48.9040047],[2.331237,48.9129998]]}},{"type":"Feature","properties":{"axis":"E","value":452000,"spacing":1000,"datum":"etrs89"},"geometry":{"type":"LineString","coordinates":[[2.3464084,48.7961398],[2.3462915,48.8051352],[2.3461746,48.8141305],[2.3460576,48.8231258],[2.3459405,48.8321211],[2.3458234,48.8411164],[2.3457062,48.8501117],[2.345589,48.8591069],[2.3454717,48.8681022],[2.3453543,48.8770974],[2.3452369,48.8860926],[2.3451194,48.8950878],[2.3450019,48.904083],[2.3448843,48.9130782]]}},{"type":"Feature","properties":{"axis":"E","value":453000,"spacing":1000,"datum":"etrs89"},"geometry":{"type":"LineString","coordinates":[[2.360024,48.7962162],[2.3599096,48.8052116],[2.359795,48.8142069],[2.3596805,48.8232023],[2.3595659,48.8321976],[2.3594512,48.8411929],[2.3593364,48.8501882],[2.3592216,48.8591835],[2.3591068,48.8681788],[2.3589919,48.877174],[2.3588769,48.8861692],[2.3587619,48.8951645],[2.3586468,48.9041597],[2.3585317,48.9131549]]}},{"type":"Feature","properties":{"axis":"E","value":454000,"spacing":1000,"datum":"etrs89"},"geometry":{"type":"LineString","coordinates":[[2.3736397,48.796291],[2.3735276,48.8052864],[2.3734156,48.8142818],[2.3733034,48.8232771],[2.3731912,48.8322725],[2.373079,48.8412678],[2.3729667,48.8502631],[2.3728544,48.8592585],[2.3727419,48.8682537],[2.3726295,48.877249],[2.372517,48.8862443],[2.3724044,48.8952395],[2.3722917,48.9042348],[2.3721791,48.91323]]}},{"type":"Feature","properties":{"axis":"E","value":455000,"spacing":1000,"datum":"etrs89"},"geometry":{"type":"LineString","coordinates":[[2.3872554,48.7963642],[2.3871458,48.8053596],[2.3870361,48.814355],[2.3869264,48.8233504],[2.3868167,48.8323458],[2.3867069,48.8413411],[2.386597,48.8503365],[2.3864871,48.8593318],[2.3863772,48.8683271],[2.3862671,48.8773224],[2.3861571,48.8863177],[2.3860469,48.895313],[2.3859367,48.9043082],[2.3858265,48.9133035]]}},{"type":"Feature","properties":{"axis":"N","value":5405000,"spacing":1000,"datum":"etrs89"},"geometry":{"type":"LineString","coordinates":[[2.2102559,48.7952874],[2.2238708,48.7953798],[2.2374858,48.7954707],[2.2511009,48.79556],[2.2647161,48.7956476],[2.2783313,48.7957337],[2.2919466,48.7958181],[2.305562,48.795901],[2.3191774,48.7959822],[2.3327929,48.7960618],[2.3464084,48.7961398],[2.360024,48.7962162],[2.3736397,48.796291],[2.3872554,48.7963642]]}},{"type":"Feature","properties":{"axis":"N","value":5406000,"spacing":1000,"datum":"etrs89"},"geometry":{"type":"LineString","coordinates":[[2.2101146,48.8042824],[2.223732,48.8043749],[2.2373495,48.8044658],[2.250967,48.8045551],[2.2645846,48.8046428],[2.2782023,48.8047289],[2.29182,48.8048134],[2.3054378,48.8048962],[2.3190556,48.8049775],[2.3326736,48.8050571],[2.3462915,48.8051352],[2.3599096,48.8052116],[2.3735276,48.8052864],[2.3871458,48.8053596]]}},{"type":"Feature","properties":{"axis":"N","value":5407000,"spacing":1000,"datum":"etrs89"},"geometry":{"type":"LineString","coordinates":[[2.2099733,48.8132775],[2.2235931,48.81337],[2.237213,48.813461],[2.250833,48.8135503],[2.2644531,48.813638],[2.2780732,48.8137241],[2.2916933,48.8138086],[2.3053135,48.8138915],[2.3189338,48.8139728],[2.3325542,48.8140524],[2.3461746,48.8141305],[2.359795,48.8142069],[2.3734156,48.8142818],[2.3870361,48.814355]]}},{"type":"Feature","properties":{"axis":"N","value":5408000,"spacing":1000,"datum":"etrs89"},"geometry":{"type":"LineString","coordinates":[[2.2098319,48.8222725],[2.2234542,48.8223651],[2.2370765,48.8224561],[2.250699,48.8225454],[2.2643214,48.8226332],[2.277944,48.8227193],[2.2915666,48.8228038],[2.3051892,48.8228867],[2.3188119,48.822968],[2.3324347,48.8230477],[2.3460576,48.8231258],[2.3596805,48.8232023],[2.3733034,48.8232771],[2.3869264,48.8233504]]}},{"type":"Feature","properties":{"axis":"N","value":5409000,"spacing":1000,"datum":"etrs89"},"geometry":{"type":"LineString","coordinates":[[2.2096905,48.8312676],[2.2233152,48.8313602],[2.23694,48.8314512],[2.2505648,48.8315405],[2.2641897,48.8316283],[2.2778147,48.8317145],[2.2914397,48.831799],[2.3050648,48.8318819],[2.31869,48.8319633],[2.3323152,48.832043],[2.3459405,48.8321211],[2.3595659,48.8321976],[2.3731912,48.8322725],[2.3868167,48.8323458]]}},{"type":"Feature","properties":{"axis":"N","value":5410000,"spacing":1000,"datum":"etrs89"},"geometry":{"type":"LineString","coordinates":[[2.209549,48.8402626],[2.2231761,48.8403552],[2.2368033,48.8404462],[2.2504306,48.8405356],[2.264058,48.8406234],[2.2776854,48.8407096],[2.2913129,48.8407942],[2.3049404,48.8408772],[2.318568,48.8409585],[2.3321957,48.8410383],[2.3458234,48.8411164],[2.3594512,48.8411929],[2.373079,48.8412678],[2.3867069,48.8413411]]}},{"type":"Feature","properties":{"axis":"N","value":5411000,"spacing":1000,"datum":"etrs89"},"geometry":{"type":"LineString","coordinates":[[2.2094074,48.8492576],[2.223037,48.8493502],[2.2366666,48.8494413],[2.2502964,48.8495307],[2.2639262,48.8496185],[2.277556,48.8497048],[2.2911859,48.8497894],[2.3048159,48.8498724],[2.3184459,48.8499537],[2.332076,48.8500335],[2.3457062,48.8501117],[2.3593364,48.8501882],[2.3729667,48.8502631],[2.386597,48.8503365]]}},{"type":"Feature","properties":{"axis":"N","value":5412000,"spacing":1000,"datum":"etrs89"},"geometry":{"type":"LineString","coordinates":[[2.2092657,48.8582526],[2.2228978,48.8583453],[2.2365299,48.8584363],[2.250162,48.8585258],[2.2637943,48.8586137],[2.2774266,48.8586999],[2.2910589,48.8587845],[2.3046913,48.8588675],[2.3183238,48.8589489],[2.3319564,48.8590287],[2.345589,48.8591069],[2.3592216,48.8591835],[2.3728544,48.8592585],[2.3864871,48.8593318]]}},{"type":"Feature","properties":{"axis":"N","value":5413000,"spacing":1000,"datum":"etrs89"},"geometry":{"type":"LineString","coordinates":[[2.209124,48.8672475],[2.2227585,48.8673403],[2.236393,48.8674314],[2.2500276,48.8675209],[2.2636623,48.8676087],[2.277297,48.867695],[2.2909318,48.8677797],[2.3045667,48.8678627],[2.3182016,48.8679441],[2.3318366,48.868024],[2.3454717,48.8681022],[2.3591068,48.8681788],[2.3727419,48.8682537],[2.3863772,48.8683271]]}},{"type":"Feature","properties":{"axis":"N","value":5414000,"spacing":1000,"datum":"etrs89"},"geometry":{"type":"LineString","coordinates":[[2.2089822,48.8762425],[2.2226191,48.8763352],[2.2362561,48.8764264],[2.2498932,48.8765159],[2.2635303,48.8766038],[2.2771675,48.8766901],[2.2908047,48.8767748],[2.304442,48.8768579],[2.3180794,48.8769393],[2.3317168,48.8770192],[2.3453543,48.8770974],[2.3589919,48.877174],[2.3726295,48.877249],[2.3862671,48.8773224]]}},{"type":"Feature","properties":{"axis":"N","value":5415000,"spacing":1000,"datum":"etrs89"},"geometry":{"type":"LineString","coordinates":[[2.2088404,48.8852374],[2.2224797,48.8853302],[2.2361191,48.8854214],[2.2497586,48.8855109],[2.2633982,48.8855989],[2.2770378,48.8856852],[2.2906775,48.8857699],[2.3043173,48.885853],[2.3179571,48.8859345],[2.331597,48.8860143],[2.3452369,48.8860926],[2.3588769,48.8861692],[2.372517,48.8862443],[2.3861571,48.8863177]]}},{"type":"Feature","properties":{"axis":"N","value":5416000,"spacing":1000,"datum":"etrs89"},"geometry":{"type":"LineString","coordinates":[[2.2086984,48.8942324],[2.2223402,48.8943252],[2.2359821,48.8944164],[2.249624,48.894506],[2.2632661,48.8945939],[2.2769081,48.8946803],[2.2905503,48.894765],[2.3041925,48.8948481],[2.3178347,48.8949296],[2.3314771,48.8950095],[2.3451194,48.8950878],[2.3587619,48.8951645],[2.3724044,48.8952395],[2.3860469,48.895313]]}},{"type":"Feature","properties":{"axis":"N","value":5417000,"spacing":1000,"datum":"etrs89"},"geometry":{"type":"LineString","coordinates":[[2.2085564,48.9032273],[2.2222007,48.9033201],[2.235845,48.9034113],[2.2494894,48.903501],[2.2631338,48.9035889],[2.2767784,48.9036753],[2.2904229,48.9037601],[2.3040676,48.9038432],[2.3177123,48.9039248],[2.3313571,48.9040047],[2.3450019,48.904083],[2.3586468,48.9041597],[2.3722917,48.9042348],[2.3859367,48.9043082]]}},{"type":"Feature","properties":{"axis":"N","value":5418000,"spacing":1000,"datum":"etrs89"},"geometry":{"type":"LineString","coordinates":[[2.2084143,48.9122222],[2.222061,48.9123151],[2.2357078,48.9124063],[2.2493547,48.9124959],[2.2630016,48.912584],[2.2766485,48.9126704],[2.2902956,48.9127552],[2.3039427,48.9128383],[2.3175898,48.9129199],[2.331237,48.9129998],[2.3448843,48.9130782],[2.3585317,48.9131549],[2.3721791,48.91323],[2.3858265,48.9133035]]}},{"type":"Feature","properties":{"axis":"E","value":442200,"spacing":100,"datum":"etrs89"},"geometry":{"type":"LineString","coordinates":[[2.2128522,48.8034015],[2.2127102,48.8124716],[2.2125681,48.8215416],[2.212426,48.8306116],[2.2122838,48.8396816],[2.2121415,48.8487515],[2.2119992,48.8578215],[2.2118568,48.8668914],[2.2117143,48.8759614],[2.2115718,48.8850313],[2.2114291,48.8941012],[2.2112864,48.903171],[2.2111437,48.9122409]]}},{"type":"Feature","properties":{"axis":"E","value":442300,"spacing":100,"datum":"etrs89"},"geometry":{"type":"LineString","coordinates":[[2.2142139,48.8034108],[2.2140721,48.8124809],[2.2139303,48.8215509],[2.2137885,48.8306209],[2.2136465,48.8396909],[2.2135045,48.8487608],[2.2133624,48.8578308],[2.2132202,48.8669007],[2.213078,48.8759707],[2.2129357,48.8850406],[2.2127933,48.8941105],[2.2126509,48.9031804],[2.2125083,48.9122502]]}},{"type":"Feature","properties":{"axis":"E","value":442400,"spacing":100,"datum":"etrs89"},"geometry":{"type":"LineString","coordinates":[[2.2155756,48.8034201],[2.2154341,48.8124901],[2.2152925,48.8215602],[2.2151509,48.8306302],[2.2150092,48.8397002],[2.2148674,48.8487701],[2.2147256,48.8578401],[2.2145837,48.86691],[2.2144417,48.87598],[2.2142996,48.8850499],[2.2141575,48.8941198],[2.2140153,48.9031897],[2.213873,48.9122595]]}},{"type":"Feature","properties":{"axis":"E","value":442500,"spacing":100,"datum":"etrs89"},"geometry":{"type":"LineString","coordinates":[[2.2169373,48.8034294],[2.2167961,48.8124994],[2.2166548,48.8215694],[2.2165134,48.8306394],[2.2163719,48.8397094],[2.2162304,48.8487794],[2.2160888,48.8578494],[2.2159471,48.8669193],[2.2158054,48.8759892],[2.2156635,48.8850592],[2.2155217,48.8941291],[2.2153797,48.903199],[2.2152377,48.9122688]]}},{"type":"Feature","properties":{"axis":"E","value":442600,"spacing":100,"datum":"etrs89"},"geometry":{"type":"LineString","coordinates":[[2.218299,48.8034386],[2.218158,48.8125087],[2.218017,48.8215787],[2.2178758,48.8306487],[2.2177346,48.8397187],[2.2175933,48.8487887],[2.217452,48.8578586],[2.2173105,48.8669286],[2.217169,48.8759985],[2.2170275,48.8850684],[2.2168858,48.8941383],[2.2167441,48.9032082],[2.2166024,48.9122781]]}},{"type":"Feature","properties":{"axis":"E","value":442700,"spacing":100,"datum":"etrs89"},"geometry":{"type":"LineString","coordinates":[[2.2196607,48.8034478],[2.21952,48.8125179],[2.2193792,48.8215879],[2.2192383,48.8306579],[2.2190973,48.8397279],[2.2189563,48.8487979],[2.2188152,48.8578679],[2.218674,48.8669378],[2.2185327,48.8760078],[2.2183914,48.8850777],[2.21825,48.8941476],[2.2181086,48.9032175],[2.217967,48.9122874]]}},{"type":"Feature","properties":{"axis":"E","value":442800,"spacing":100,"datum":"etrs89"},"geometry":{"type":"LineString","coordinates":[[2.2210225,48.8034571],[2.220882,48.8125271],[2.2207414,48.8215971],[2.2206007,48.8306671],[2.22046,48.8397371],[2.2203192,48.8488071],[2.2201783,48.8578771],[2.2200374,48.8669471],[2.2198964,48.876017],[2.2197553,48.8850869],[2.2196142,48.8941568],[2.219473,48.9032267],[2.2193317,48.9122966]]}},{"type":"Feature","properties":{"axis":"E","value":442900,"spacing":100,"datum":"etrs89"},"geometry":{"type":"LineString","coordinates":[[2.2223842,48.8034662],[2.2222439,48.8125363],[2.2221036,48.8216063],[2.2219632,48.8306763],[2.2218227,48.8397463],[2.2216822,48.8488163],[2.2215415,48.8578863],[2.2214009,48.8669563],[2.2212601,48.8760262],[2.2211193,48.8850961],[2.2209784,48.8941661],[2.2208374,48.903236],[2.2206964,48.9123058]]}},{"type":"Feature","properties":{"axis":"E","value":443100,"spacing":100,"datum":"etrs89"},"geometry":{"type":"LineString","coordinates":[[2.2251076,48.8034846],[2.2249678,48.8125546],[2.224828,48.8216247],[2.2246881,48.8306947],[2.2245481,48.8397647],[2.2244081,48.8488347],[2.2242679,48.8579047],[2.2241277,48.8669747],[2.2239875,48.8760446],[2.2238471,48.8851145],[2.2237067,48.8941845],[2.2235663,48.9032544],[2.2234257,48.9123243]]}},{"type":"Feature","properties":{"axis":"E","value":443200,"spacing":100,"datum":"etrs89"},"geometry":{"type":"LineString","coordinates":[[2.2264693,48.8034937],[2.2263298,48.8125638],[2.2261902,48.8216338],[2.2260505,48.8307039],[2.2259108,48.8397739],[2.225771,48.8488439],[2.2256311,48.8579139],[2.2254912,48.8669838],[2.2253512,48.8760538],[2.2252111,48.8851237],[2.2250709,48.8941936],[2.2249307,48.9032635],[2.2247904,48.9123334]]}},{"type":"Feature","properties":{"axis":"E","value":443300,"spacing":100,"datum":"etrs89"},"geometry":{"type":"LineString","coordinates":[[2.2278311,48.8035029],[2.2276918,48.8125729],[2.2275524,48.821643],[2.227413,48.830713],[2.2272735,48.839783],[2.227134,48.848853],[2.2269943,48.857923],[2.2268546,48.866993],[2.2267148,48.8760629],[2.226575,48.8851329],[2.2264351,48.8942028],[2.2262951,48.9032727],[2.2261551,48.9123426]]}},{"type":"Feature","properties":{"axis":"E","value":443400,"spacing":100,"datum":"etrs89"},"geometry":{"type":"LineString","coordinates":[[2.2291928,48.803512],[2.2290537,48.812582],[2.2289146,48.8216521],[2.2287755,48.8307221],[2.2286362,48.8397921],[2.2284969,48.8488621],[2.2283575,48.8579321],[2.2282181,48.8670021],[2.2280785,48.8760721],[2.2279389,48.885142],[2.2277993,48.8942119],[2.2276595,48.9032819],[2.2275197,48.9123518]]}},{"type":"Feature","properties":{"axis":"E","value":443500,"spacing":100,"datum":"etrs89"},"geometry":{"type":"LineString","coordinates":[[2.2305545,48.8035211],[2.2304157,48.8125911],[2.2302769,48.8216612],[2.2301379,48.8307312],[2.2299989,48.8398012],[2.2298599,48.8488713],[2.2297207,48.8579412],[2.2295815,48.8670112],[2.2294422,48.8760812],[2.2293029,48.8851511],[2.2291635,48.8942211],[2.229024,48.903291],[2.2288844,48.9123609]]}},{"type":"Feature","properties":{"axis":"E","value":443600,"spacing":100,"datum":"etrs89"},"geometry":{"type":"LineString","coordinates":[[2.2319162,48.8035302],[2.2317777,48.8126002],[2.2316391,48.8216703],[2.2315004,48.8307403],[2.2313616,48.8398103],[2.2312228,48.8488804],[2.2310839,48.8579503],[2.2309449,48.8670203],[2.2308059,48.8760903],[2.2306668,48.8851602],[2.2305276,48.8942302],[2.2303884,48.9033001],[2.2302491,48.91237]]}},{"type":"Feature","properties":{"axis":"E","value":443700,"spacing":100,"datum":"etrs89"},"geometry":{"type":"LineString","coordinates":[[2.2332779,48.8035392],[2.2331396,48.8126093],[2.2330013,48.8216794],[2.2328628,48.8307494],[2.2327243,48.8398194],[2.2325858,48.8488894],[2.2324471,48.8579594],[2.2323084,48.8670294],[2.2321696,48.8760994],[2.2320308,48.8851693],[2.2318918,48.8942393],[2.2317528,48.9033092],[2.2316138,48.9123791]]}},{"type":"Feature","properties":{"axis":"E","value":443800,"spacing":100,"datum":"etrs89"},"geometry":{"type":"LineString","coordinates":[[2.2346397,48.8035483],[2.2345016,48.8126184],[2.2343635,48.8216884],[2.2342253,48.8307585],[2.234087,48.8398285],[2.2339487,48.8488985],[2.2338103,48.8579685],[2.2336718,48.8670385],[2.2335333,48.8761085],[2.2333947,48.8851784],[2.233256,48.8942483],[2.2331173,48.9033183],[2.2329785,48.9123882]]}},{"type":"Feature","properties":{"axis":"E","value":443900,"spacing":100,"datum":"etrs89"},"geometry":{"type":"LineString","coordinates":[[2.2360014,48.8035573],[2.2358636,48.8126274],[2.2357257,48.8216974],[2.2355878,48.8307675],[2.2354497,48.8398375],[2.2353117,48.8489075],[2.2351735,48.8579775],[2.2350353,48.8670475],[2.234897,48.8761175],[2.2347586,48.8851875],[2.2346202,48.8942574],[2.2344817,48.9033273],[2.2343431,48.9123973]]}},{"type":"Feature","properties":{"axis":"E","value":444100,"spacing":100,"datum":"etrs89"},"geometry":{"type":"LineString","coordinates":[[2.2387248,48.8035753],[2.2385875,48.8126454],[2.2384501,48.8217155],[2.2383127,48.8307855],[2.2381752,48.8398556],[2.2380376,48.8489256],[2.2378999,48.8579956],[2.2377622,48.8670656],[2.2376244,48.8761356],[2.2374865,48.8852055],[2.2373486,48.8942755],[2.2372106,48.9033454],[2.2370725,48.9124153]]}},{"type":"Feature","properties":{"axis":"E","value":444200,"spacing":100,"datum":"etrs89"},"geometry":{"type":"LineString","coordinates":[[2.2400866,48.8035843],[2.2399495,48.8126544],[2.2398124,48.8217245],[2.2396752,48.8307945],[2.2395379,48.8398646],[2.2394005,48.8489346],[2.2392631,48.8580046],[2.2391256,48.8670746],[2.2389881,48.8761446],[2.2388505,48.8852145],[2.2387128,48.8942845],[2.238575,48.9033544],[2.2384372,48.9124244]]}},{"type":"Feature","properties":{"axis":"E","value":444300,"spacing":100,"datum":"etrs89"},"geometry":{"type":"LineString","coordinates":[[2.2414483,48.8035933],[2.2413115,48.8126634],[2.2411746,48.8217334],[2.2410376,48.8308035],[2.2409006,48.8398735],[2.2407635,48.8489436],[2.2406263,48.8580136],[2.2404891,48.8670836],[2.2403518,48.8761536],[2.2402144,48.8852235],[2.240077,48.8942935],[2.2399394,48.9033634],[2.2398019,48.9124334]]}},{"type":"Feature","properties":{"axis":"E","value":444400,"spacing":100,"datum":"etrs89"},"geometry":{"type":"LineString","coordinates":[[2.24281,48.8036022],[2.2426734,48.8126723],[2.2425368,48.8217424],[2.2424001,48.8308125],[2.2422633,48.8398825],[2.2421264,48.8489525],[2.2419895,48.8580226],[2.2418525,48.8670926],[2.2417155,48.8761626],[2.2415783,48.8852325],[2.2414411,48.8943025],[2.2413039,48.9033724],[2.2411665,48.9124424]]}},{"type":"Feature","properties":{"axis":"E","value":444500,"spacing":100,"datum":"etrs89"},"geometry":{"type":"LineString","coordinates":[[2.2441718,48.8036112],[2.2440354,48.8126813],[2.243899,48.8217513],[2.2437625,48.8308214],[2.243626,48.8398915],[2.2434894,48.8489615],[2.2433527,48.8580315],[2.243216,48.8671015],[2.2430792,48.8761715],[2.2429423,48.8852415],[2.2428053,48.8943114],[2.2426683,48.9033814],[2.2425312,48.9124513]]}},{"type":"Feature","properties":{"axis":"E","value":444600,"spacing":100,"datum":"etrs89"},"geometry":{"type":"LineString","coordinates":[[2.2455335,48.8036201],[2.2453974,48.8126902],[2.2452612,48.8217603],[2.245125,48.8308303],[2.2449887,48.8399004],[2.2448524,48.8489704],[2.2447159,48.8580405],[2.2445794,48.8671105],[2.2444429,48.8761805],[2.2443062,48.8852504],[2.2441695,48.8943204],[2.2440327,48.9033903],[2.2438959,48.9124603]]}},{"type":"Feature","properties":{"axis":"E","value":444700,"spacing":100,"datum":"etrs89"},"geometry":{"type":"LineString","coordinates":[[2.2468952,48.803629],[2.2467594,48.8126991],[2.2466235,48.8217692],[2.2464875,48.8308393],[2.2463514,48.8399093],[2.2462153,48.8489793],[2.2460791,48.8580494],[2.2459429,48.8671194],[2.2458066,48.8761894],[2.2456702,48.8852594],[2.2455337,48.8943293],[2.2453972,48.9033993],[2.2452606,48.9124692]]}},{"type":"Feature","properties":{"axis":"E","value":444800,"spacing":100,"datum":"etrs89"},"geometry":{"type":"LineString","coordinates":[[2.2482569,48.8036379],[2.2481213,48.812708],[2.2479857,48.8217781],[2.2478499,48.8308482],[2.2477141,48.8399182],[2.2475783,48.8489883],[2.2474423,48.8580583],[2.2473063,48.8671283],[2.2471703,48.8761983],[2.2470341,48.8852683],[2.2468979,48.8943382],[2.2467616,48.9034082],[2.2466253,48.9124781]]}},{"type":"Feature","properties":{"axis":"E","value":444900,"spacing":100,"datum":"etrs89"},"geometry":{"type":"LineString","coordinates":[[2.2496187,48.8036468],[2.2494833,48.8127169],[2.2493479,48.821787],[2.2492124,48.830857],[2.2490769,48.8399271],[2.2489412,48.8489971],[2.2488055,48.8580672],[2.2486698,48.8671372],[2.248534,48.8762072],[2.2483981,48.8852772],[2.2482621,48.8943471],[2.2481261,48.9034171],[2.24799,48.9124871]]}},{"type":"Feature","properties":{"axis":"E","value":445100,"spacing":100,"datum":"etrs89"},"geometry":{"type":"LineString","coordinates":[[2.2523421,48.8036645],[2.2522073,48.8127346],[2.2520724,48.8218047],[2.2519374,48.8308747],[2.2518023,48.8399448],[2.2516672,48.8490149],[2.251532,48.8580849],[2.2513967,48.8671549],[2.2512614,48.8762249],[2.251126,48.8852949],[2.2509905,48.8943649],[2.2508549,48.9034349],[2.2507193,48.9125048]]}},{"type":"Feature","properties":{"axis":"E","value":445200,"spacing":100,"datum":"etrs89"},"geometry":{"type":"LineString","coordinates":[[2.2537039,48.8036733],[2.2535693,48.8127434],[2.2534346,48.8218135],[2.2532998,48.8308836],[2.253165,48.8399537],[2.2530301,48.8490237],[2.2528952,48.8580937],[2.2527601,48.8671638],[2.2526251,48.8762338],[2.2524899,48.8853038],[2.2523547,48.8943738],[2.2522194,48.9034437],[2.252084,48.9125137]]}},{"type":"Feature","properties":{"axis":"E","value":445300,"spacing":100,"datum":"etrs89"},"geometry":{"type":"LineString","coordinates":[[2.2550656,48.8036821],[2.2549312,48.8127522],[2.2547968,48.8218223],[2.2546623,48.8308924],[2.2545277,48.8399625],[2.2543931,48.8490325],[2.2542584,48.8581026],[2.2541236,48.8671726],[2.2539888,48.8762426],[2.2538538,48.8853126],[2.2537189,48.8943826],[2.2535838,48.9034526],[2.2534487,48.9125225]]}},{"type":"Feature","properties":{"axis":"E","value":445400,"spacing":100,"datum":"etrs89"},"geometry":{"type":"LineString","coordinates":[[2.2564273,48.8036909],[2.2562932,48.812761],[2.256159,48.8218311],[2.2560248,48.8309012],[2.2558904,48.8399713],[2.255756,48.8490413],[2.2556216,48.8581114],[2.2554871,48.8671814],[2.2553525,48.8762514],[2.2552178,48.8853214],[2.2550831,48.8943914],[2.2549483,48.9034614],[2.2548134,48.9125313]]}},{"type":"Feature","properties":{"axis":"E","value":445500,"spacing":100,"datum":"etrs89"},"geometry":{"type":"LineString","coordinates":[[2.2577891,48.8036997],[2.2576552,48.8127698],[2.2575213,48.8218399],[2.2573872,48.83091],[2.2572532,48.8399801],[2.257119,48.8490501],[2.2569848,48.8581202],[2.2568505,48.8671902],[2.2567162,48.8762602],[2.2565817,48.8853302],[2.2564473,48.8944002],[2.2563127,48.9034702],[2.2561781,48.9125402]]}},{"type":"Feature","properties":{"axis":"E","value":445600,"spacing":100,"datum":"etrs89"},"geometry":{"type":"LineString","coordinates":[[2.2591508,48.8037084],[2.2590172,48.8127785],[2.2588835,48.8218487],[2.2587497,48.8309188],[2.2586159,48.8399888],[2.258482,48.8490589],[2.258348,48.8581289],[2.258214,48.867199],[2.2580799,48.876269],[2.2579457,48.885339],[2.2578115,48.894409],[2.2576772,48.903479],[2.2575428,48.9125489]]}},{"type":"Feature","properties":{"axis":"E","value":445700,"spacing":100,"datum":"etrs89"},"geometry":{"type":"LineString","coordinates":[[2.2605126,48.8037172],[2.2603792,48.8127873],[2.2602457,48.8218574],[2.2601122,48.8309275],[2.2599786,48.8399976],[2.2598449,48.8490677],[2.2597112,48.8581377],[2.2595774,48.8672077],[2.2594436,48.8762778],[2.2593096,48.8853478],[2.2591757,48.8944178],[2.2590416,48.9034878],[2.2589075,48.9125577]]}},{"type":"Feature","properties":{"axis":"E","value":445800,"spacing":100,"datum":"etrs89"},"geometry":{"type":"LineString","coordinates":[[2.2618743,48.8037259],[2.2617411,48.812796],[2.2616079,48.8218661],[2.2614747,48.8309362],[2.2613413,48.8400063],[2.2612079,48.8490764],[2.2610744,48.8581465],[2.2609409,48.8672165],[2.2608073,48.8762865],[2.2606736,48.8853565],[2.2605399,48.8944265],[2.260406,48.9034965],[2.2602722,48.9125665]]}},{"type":"Feature","properties":{"axis":"E","value":445900,"spacing":100,"datum":"etrs89"},"geometry":{"type":"LineString","coordinates":[[2.263236,48.8037346],[2.2631031,48.8128047],[2.2629702,48.8218749],[2.2628371,48.830945],[2.262704,48.8400151],[2.2625709,48.8490851],[2.2624376,48.8581552],[2.2623043,48.8672252],[2.262171,48.8762953],[2.2620376,48.8853653],[2.2619041,48.8944353],[2.2617705,48.9035053],[2.2616369,48.9125752]]}},{"type":"Feature","properties":{"axis":"E","value":446100,"spacing":100,"datum":"etrs89"},"geometry":{"type":"LineString","coordinates":[[2.2659595,48.803752],[2.2658271,48.8128221],[2.2656946,48.8218922],[2.2655621,48.8309624],[2.2654295,48.8400324],[2.2652968,48.8491025],[2.2651641,48.8581726],[2.2650313,48.8672426],[2.2648984,48.8763127],[2.2647655,48.8853827],[2.2646325,48.8944527],[2.2644994,48.9035227],[2.2643663,48.9125927]]}},{"type":"Feature","properties":{"axis":"E","value":446200,"spacing":100,"datum":"etrs89"},"geometry":{"type":"LineString","coordinates":[[2.2673212,48.8037606],[2.2671891,48.8128308],[2.2670569,48.8219009],[2.2669246,48.830971],[2.2667922,48.8400411],[2.2666598,48.8491112],[2.2665273,48.8581813],[2.2663947,48.8672513],[2.2662621,48.8763214],[2.2661294,48.8853914],[2.2659967,48.8944614],[2.2658638,48.9035314],[2.2657309,48.9126014]]}},{"type":"Feature","properties":{"axis":"E","value":446300,"spacing":100,"datum":"etrs89"},"geometry":{"type":"LineString","coordinates":[[2.268683,48.8037693],[2.2685511,48.8128394],[2.2684191,48.8219096],[2.268287,48.8309797],[2.2681549,48.8400498],[2.2680227,48.8491199],[2.2678905,48.8581899],[2.2677582,48.86726],[2.2676258,48.87633],[2.2674934,48.8854001],[2.2673609,48.8944701],[2.2672283,48.9035401],[2.2670956,48.9126101]]}},{"type":"Feature","properties":{"axis":"E","value":446400,"spacing":100,"datum":"etrs89"},"geometry":{"type":"LineString","coordinates":[[2.2700447,48.8037779],[2.2699131,48.8128481],[2.2697813,48.8219182],[2.2696495,48.8309883],[2.2695177,48.8400584],[2.2693857,48.8491285],[2.2692537,48.8581986],[2.2691217,48.8672686],[2.2689895,48.8763387],[2.2688573,48.8854087],[2.2687251,48.8944787],[2.2685927,48.9035487],[2.2684603,48.9126187]]}},{"type":"Feature","properties":{"axis":"E","value":446500,"spacing":100,"datum":"etrs89"},"geometry":{"type":"LineString","coordinates":[[2.2714065,48.8037865],[2.271275,48.8128567],[2.2711436,48.8219268],[2.271012,48.8309969],[2.2708804,48.8400671],[2.2707487,48.8491371],[2.2706169,48.8582072],[2.2704851,48.8672773],[2.2703532,48.8763473],[2.2702213,48.8854174],[2.2700893,48.8944874],[2.2699572,48.9035574],[2.269825,48.9126274]]}},{"type":"Feature","properties":{"axis":"E","value":446600,"spacing":100,"datum":"etrs89"},"geometry":{"type":"LineString","coordinates":[[2.2727682,48.8037951],[2.272637,48.8128653],[2.2725058,48.8219354],[2.2723745,48.8310056],[2.2722431,48.8400757],[2.2721117,48.8491458],[2.2719802,48.8582158],[2.2718486,48.8672859],[2.2717169,48.8763559],[2.2715852,48.885426],[2.2714535,48.894496],[2.2713216,48.903566],[2.2711897,48.912636]]}},{"type":"Feature","properties":{"axis":"E","value":446700,"spacing":100,"datum":"etrs89"},"geometry":{"type":"LineString","coordinates":[[2.27413,48.8038037],[2.273999,48.8128739],[2.273868,48.821944],[2.273737,48.8310141],[2.2736058,48.8400843],[2.2734746,48.8491544],[2.2733434,48.8582244],[2.273212,48.8672945],[2.2730807,48.8763646],[2.2729492,48.8854346],[2.2728177,48.8945046],[2.2726861,48.9035746],[2.2725544,48.9126446]]}},{"type":"Feature","properties":{"axis":"E","value":446800,"spacing":100,"datum":"etrs89"},"geometry":{"type":"LineString","coordinates":[[2.2754917,48.8038123],[2.275361,48.8128825],[2.2752303,48.8219526],[2.2750994,48.8310227],[2.2749686,48.8400928],[2.2748376,48.8491629],[2.2747066,48.858233],[2.2745755,48.8673031],[2.2744444,48.8763731],[2.2743132,48.8854432],[2.2741819,48.8945132],[2.2740505,48.9035832],[2.2739191,48.9126532]]}},{"type":"Feature","properties":{"axis":"E","value":446900,"spacing":100,"datum":"etrs89"},"geometry":{"type":"LineString","coordinates":[[2.2768534,48.8038208],[2.276723,48.812891],[2.2765925,48.8219612],[2.2764619,48.8310313],[2.2763313,48.8401014],[2.2762006,48.8491715],[2.2760698,48.8582416],[2.275939,48.8673117],[2.2758081,48.8763817],[2.2756771,48.8854518],[2.2755461,48.8945218],[2.275415,48.9035918],[2.2752838,48.9126618]]}},{"type":"Feature","properties":{"axis":"E","value":447100,"spacing":100,"datum":"etrs89"},"geometry":{"type":"LineString","coordinates":[[2.2795769,48.8038379],[2.279447,48.8129081],[2.279317,48.8219782],[2.2791869,48.8310484],[2.2790567,48.8401185],[2.2789265,48.8491886],[2.2787963,48.8582587],[2.2786659,48.8673287],[2.2785355,48.8763988],[2.278405,48.8854689],[2.2782745,48.8945389],[2.2781439,48.9036089],[2.2780132,48.9126789]]}},{"type":"Feature","properties":{"axis":"E","value":447200,"spacing":100,"datum":"etrs89"},"geometry":{"type":"LineString","coordinates":[[2.2809387,48.8038464],[2.280809,48.8129166],[2.2806792,48.8219867],[2.2805494,48.8310569],[2.2804195,48.840127],[2.2802895,48.8491971],[2.2801595,48.8582672],[2.2800294,48.8673373],[2.2798992,48.8764073],[2.279769,48.8854774],[2.2796387,48.8945474],[2.2795083,48.9036174],[2.2793779,48.9126875]]}},{"type":"Feature","properties":{"axis":"E","value":447300,"spacing":100,"datum":"etrs89"},"geometry":{"type":"LineString","coordinates":[[2.2823004,48.8038549],[2.282171,48.8129251],[2.2820414,48.8219952],[2.2819119,48.8310654],[2.2817822,48.8401355],[2.2816525,48.8492056],[2.2815227,48.8582757],[2.2813928,48.8673458],[2.2812629,48.8764158],[2.281133,48.8854859],[2.2810029,48.8945559],[2.2808728,48.903626],[2.2807426,48.912696]]}},{"type":"Feature","properties":{"axis":"E","value":447400,"spacing":100,"datum":"etrs89"},"geometry":{"type":"LineString","coordinates":[[2.2836622,48.8038634],[2.283533,48.8129335],[2.2834037,48.8220037],[2.2832743,48.8310738],[2.2831449,48.840144],[2.2830155,48.8492141],[2.2828859,48.8582842],[2.2827563,48.8673543],[2.2826266,48.8764243],[2.2824969,48.8854944],[2.2823671,48.8945644],[2.2822373,48.9036345],[2.2821073,48.9127045]]}},{"type":"Feature","properties":{"axis":"E","value":447500,"spacing":100,"datum":"etrs89"},"geometry":{"type":"LineString","coordinates":[[2.2850239,48.8038718],[2.284895,48.812942],[2.2847659,48.8220122],[2.2846368,48.8310823],[2.2845077,48.8401524],[2.2843784,48.8492225],[2.2842491,48.8582927],[2.2841198,48.8673627],[2.2839904,48.8764328],[2.2838609,48.8855029],[2.2837313,48.8945729],[2.2836017,48.9036429],[2.283472,48.912713]]}},{"type":"Feature","properties":{"axis":"E","value":447600,"spacing":100,"datum":"etrs89"},"geometry":{"type":"LineString","coordinates":[[2.2863857,48.8038803],[2.2862569,48.8129504],[2.2861282,48.8220206],[2.2859993,48.8310907],[2.2858704,48.8401609],[2.2857414,48.849231],[2.2856124,48.8583011],[2.2854833,48.8673712],[2.2853541,48.8764413],[2.2852248,48.8855113],[2.2850955,48.8945814],[2.2849662,48.9036514],[2.2848367,48.9127214]]}},{"type":"Feature","properties":{"axis":"E","value":447700,"spacing":100,"datum":"etrs89"},"geometry":{"type":"LineString","coordinates":[[2.2877474,48.8038887],[2.2876189,48.8129589],[2.2874904,48.822029],[2.2873618,48.8310992],[2.2872331,48.8401693],[2.2871044,48.8492394],[2.2869756,48.8583095],[2.2868467,48.8673796],[2.2867178,48.8764497],[2.2865888,48.8855198],[2.2864598,48.8945898],[2.2863306,48.9036599],[2.2862014,48.9127299]]}},{"type":"Feature","properties":{"axis":"E","value":447800,"spacing":100,"datum":"etrs89"},"geometry":{"type":"LineString","coordinates":[[2.2891092,48.8038971],[2.2889809,48.8129673],[2.2888526,48.8220374],[2.2887243,48.8311076],[2.2885959,48.8401777],[2.2884674,48.8492479],[2.2883388,48.858318],[2.2882102,48.8673881],[2.2880815,48.8764581],[2.2879528,48.8855282],[2.287824,48.8945983],[2.2876951,48.9036683],[2.2875662,48.9127383]]}},{"type":"Feature","properties":{"axis":"E","value":447900,"spacing":100,"datum":"etrs89"},"geometry":{"type":"LineString","coordinates":[[2.2904709,48.8039055],[2.2903429,48.8129757],[2.2902149,48.8220458],[2.2900868,48.831116],[2.2899586,48.8401861],[2.2898303,48.8492563],[2.289702,48.8583264],[2.2895737,48.8673965],[2.2894452,48.8764666],[2.2893167,48.8855366],[2.2891882,48.8946067],[2.2890595,48.9036767],[2.2889309,48.9127467]]}},{"type":"Feature","properties":{"axis":"E","value":448100,"spacing":100,"datum":"etrs89"},"geometry":{"type":"LineString","coordinates":[[2.2931944,48.8039222],[2.2930669,48.8129924],[2.2929394,48.8220626],[2.2928117,48.8311327],[2.2926841,48.8402029],[2.2925563,48.849273],[2.2924285,48.8583431],[2.2923006,48.8674132],[2.2921727,48.8764833],[2.2920447,48.8855534],[2.2919166,48.8946235],[2.2917885,48.9036935],[2.2916603,48.9127635]]}},{"type":"Feature","properties":{"axis":"E","value":448200,"spacing":100,"datum":"etrs89"},"geometry":{"type":"LineString","coordinates":[[2.2945562,48.8039305],[2.2944289,48.8130007],[2.2943016,48.8220709],[2.2941742,48.8311411],[2.2940468,48.8402112],[2.2939193,48.8492814],[2.2937917,48.8583515],[2.2936641,48.8674216],[2.2935364,48.8764917],[2.2934086,48.8855618],[2.2932808,48.8946318],[2.2931529,48.9037019],[2.293025,48.9127719]]}},{"type":"Feature","properties":{"axis":"E","value":448300,"spacing":100,"datum":"etrs89"},"geometry":{"type":"LineString","coordinates":[[2.2959179,48.8039389],[2.2957909,48.8130091],[2.2956639,48.8220793],[2.2955367,48.8311494],[2.2954095,48.8402196],[2.2952823,48.8492897],[2.295155,48.8583598],[2.2950276,48.8674299],[2.2949001,48.8765],[2.2947726,48.8855701],[2.294645,48.8946402],[2.2945174,48.9037102],[2.2943897,48.9127803]]}},{"type":"Feature","properties":{"axis":"E","value":448400,"spacing":100,"datum":"etrs89"},"geometry":{"type":"LineString","coordinates":[[2.2972797,48.8039472],[2.2971529,48.8130174],[2.2970261,48.8220876],[2.2968992,48.8311577],[2.2967723,48.8402279],[2.2966453,48.849298],[2.2965182,48.8583682],[2.296391,48.8674383],[2.2962638,48.8765084],[2.2961366,48.8855785],[2.2960092,48.8946485],[2.2958819,48.9037186],[2.2957544,48.9127886]]}},{"type":"Feature","properties":{"axis":"E","value":448500,"spacing":100,"datum":"etrs89"},"geometry":{"type":"LineString","coordinates":[[2.2986414,48.8039555],[2.2985149,48.8130257],[2.2983883,48.8220959],[2.2982617,48.831166],[2.298135,48.8402362],[2.2980082,48.8493063],[2.2978814,48.8583765],[2.2977545,48.8674466],[2.2976276,48.8765167],[2.2975005,48.8855868],[2.2973735,48.8946568],[2.2972463,48.9037269],[2.2971191,48.9127969]]}},{"type":"Feature","properties":{"axis":"E","value":448600,"spacing":100,"datum":"etrs89"},"geometry":{"type":"LineString","coordinates":[[2.3000032,48.8039638],[2.2998769,48.813034],[2.2997506,48.8221042],[2.2996242,48.8311743],[2.2994977,48.8402445],[2.2993712,48.8493146],[2.2992446,48.8583848],[2.299118,48.8674549],[2.2989913,48.876525],[2.2988645,48.8855951],[2.2987377,48.8946651],[2.2986108,48.9037352],[2.2984838,48.9128053]]}},{"type":"Feature","properties":{"axis":"E","value":448700,"spacing":100,"datum":"etrs89"},"geometry":{"type":"LineString","coordinates":[[2.3013649,48.803972],[2.3012389,48.8130422],[2.3011128,48.8221124],[2.3009867,48.8311826],[2.3008605,48.8402528],[2.3007342,48.8493229],[2.3006079,48.858393],[2.3004815,48.8674632],[2.300355,48.8765333],[2.3002285,48.8856034],[2.3001019,48.8946734],[2.2999752,48.9037435],[2.2998485,48.9128135]]}},{"type":"Feature","properties":{"axis":"E","value":448800,"spacing":100,"datum":"etrs89"},"geometry":{"type":"LineString","coordinates":[[2.3027267,48.8039803],[2.3026009,48.8130505],[2.3024751,48.8221207],[2.3023492,48.8311908],[2.3022232,48.840261],[2.3020972,48.8493312],[2.3019711,48.8584013],[2.3018449,48.8674714],[2.3017187,48.8765415],[2.3015925,48.8856116],[2.3014661,48.8946817],[2.3013397,48.9037518],[2.3012132,48.9128218]]}},{"type":"Feature","properties":{"axis":"E","value":448900,"spacing":100,"datum":"etrs89"},"geometry":{"type":"LineString","coordinates":[[2.3040885,48.8039885],[2.3039629,48.8130587],[2.3038373,48.8221289],[2.3037117,48.8311991],[2.303586,48.8402693],[2.3034602,48.8493394],[2.3033343,48.8584096],[2.3032084,48.8674797],[2.3030825,48.8765498],[2.3029564,48.8856199],[2.3028303,48.89469],[2.3027042,48.90376],[2.3025779,48.9128301]]}},{"type":"Feature","properties":{"axis":"E","value":449100,"spacing":100,"datum":"etrs89"},"geometry":{"type":"LineString","coordinates":[[2.306812,48.8040049],[2.3066869,48.8130751],[2.3065618,48.8221453],[2.3064367,48.8312155],[2.3063114,48.8402857],[2.3061862,48.8493558],[2.3060608,48.858426],[2.3059354,48.8674961],[2.3058099,48.8765662],[2.3056844,48.8856363],[2.3055588,48.8947064],[2.3054331,48.9037765],[2.3053074,48.9128466]]}},{"type":"Feature","properties":{"axis":"E","value":449200,"spacing":100,"datum":"etrs89"},"geometry":{"type":"LineString","coordinates":[[2.3081737,48.8040131],[2.3080489,48.8130833],[2.3079241,48.8221535],[2.3077992,48.8312237],[2.3076742,48.8402939],[2.3075491,48.849364],[2.307424,48.8584342],[2.3072989,48.8675043],[2.3071736,48.8765744],[2.3070483,48.8856445],[2.306923,48.8947146],[2.3067976,48.9037847],[2.3066721,48.9128548]]}},{"type":"Feature","properties":{"axis":"E","value":449300,"spacing":100,"datum":"etrs89"},"geometry":{"type":"LineString","coordinates":[[2.3095355,48.8040213],[2.3094109,48.8130915],[2.3092863,48.8221617],[2.3091617,48.8312319],[2.3090369,48.8403021],[2.3089121,48.8493722],[2.3087873,48.8584424],[2.3086623,48.8675125],[2.3085374,48.8765826],[2.3084123,48.8856527],[2.3082872,48.8947228],[2.308162,48.9037929],[2.3080368,48.912863]]}},{"type":"Feature","properties":{"axis":"E","value":449400,"spacing":100,"datum":"etrs89"},"geometry":{"type":"LineString","coordinates":[[2.3108973,48.8040294],[2.310773,48.8130996],[2.3106486,48.8221698],[2.3105242,48.83124],[2.3103997,48.8403102],[2.3102751,48.8493804],[2.3101505,48.8584505],[2.3100258,48.8675207],[2.3099011,48.8765908],[2.3097763,48.8856609],[2.3096514,48.894731],[2.3095265,48.9038011],[2.3094015,48.9128711]]}},{"type":"Feature","properties":{"axis":"E","value":449500,"spacing":100,"datum":"etrs89"},"geometry":{"type":"LineString","coordinates":[[2.312259,48.8040375],[2.312135,48.8131078],[2.3120108,48.822178],[2.3118867,48.8312482],[2.3117624,48.8403184],[2.3116381,48.8493885],[2.3115137,48.8584587],[2.3113893,48.8675288],[2.3112648,48.876599],[2.3111403,48.8856691],[2.3110157,48.8947392],[2.310891,48.9038092],[2.3107662,48.9128793]]}},{"type":"Feature","properties":{"axis":"E","value":449600,"spacing":100,"datum":"etrs89"},"geometry":{"type":"LineString","coordinates":[[2.3136208,48.8040456],[2.313497,48.8131159],[2.3133731,48.8221861],[2.3132492,48.8312563],[2.3131252,48.8403265],[2.3130011,48.8493967],[2.312877,48.8584668],[2.3127528,48.867537],[2.3126286,48.8766071],[2.3125042,48.8856772],[2.3123799,48.8947473],[2.3122554,48.9038174],[2.3121309,48.9128875]]}},{"type":"Feature","properties":{"axis":"E","value":449700,"spacing":100,"datum":"etrs89"},"geometry":{"type":"LineString","coordinates":[[2.3149825,48.8040538],[2.314859,48.813124],[2.3147353,48.8221942],[2.3146117,48.8312644],[2.3144879,48.8403346],[2.3143641,48.8494048],[2.3142402,48.8584749],[2.3141163,48.8675451],[2.3139923,48.8766152],[2.3138682,48.8856853],[2.3137441,48.8947554],[2.3136199,48.9038255],[2.3134957,48.9128956]]}},{"type":"Feature","properties":{"axis":"E","value":449800,"spacing":100,"datum":"etrs89"},"geometry":{"type":"LineString","coordinates":[[2.3163443,48.8040618],[2.316221,48.8131321],[2.3160976,48.8222023],[2.3159742,48.8312725],[2.3158506,48.8403427],[2.3157271,48.8494129],[2.3156035,48.858483],[2.3154798,48.8675532],[2.315356,48.8766233],[2.3152322,48.8856934],[2.3151083,48.8947635],[2.3149844,48.9038336],[2.3148604,48.9129037]]}},{"type":"Feature","properties":{"axis":"E","value":449900,"spacing":100,"datum":"etrs89"},"geometry":{"type":"LineString","coordinates":[[2.3177061,48.8040699],[2.317583,48.8131401],[2.3174599,48.8222104],[2.3173367,48.8312806],[2.3172134,48.8403508],[2.3170901,48.849421],[2.3169667,48.8584911],[2.3168432,48.8675613],[2.3167197,48.8766314],[2.3165962,48.8857015],[2.3164725,48.8947716],[2.3163489,48.9038417],[2.3162251,48.9129118]]}},{"type":"Feature","properties":{"axis":"E","value":450100,"spacing":100,"datum":"etrs89"},"geometry":{"type":"LineString","coordinates":[[2.3204296,48.804086],[2.320307,48.8131562],[2.3201844,48.8222265],[2.3200617,48.8312967],[2.3199389,48.8403669],[2.3198161,48.8494371],[2.3196932,48.8585072],[2.3195702,48.8675774],[2.3194472,48.8766475],[2.3193241,48.8857177],[2.319201,48.8947878],[2.3190778,48.9038579],[2.3189545,48.912928]]}},{"type":"Feature","properties":{"axis":"E","value":450200,"spacing":100,"datum":"etrs89"},"geometry":{"type":"LineString","coordinates":[[2.3217914,48.804094],[2.321669,48.8131643],[2.3215466,48.8222345],[2.3214242,48.8313047],[2.3213016,48.8403749],[2.3211791,48.8494451],[2.3210564,48.8585153],[2.3209337,48.8675854],[2.3208109,48.8766556],[2.3206881,48.8857257],[2.3205652,48.8947958],[2.3204423,48.9038659],[2.3203193,48.912936]]}},{"type":"Feature","properties":{"axis":"E","value":450300,"spacing":100,"datum":"etrs89"},"geometry":{"type":"LineString","coordinates":[[2.3231531,48.804102],[2.323031,48.8131723],[2.3229089,48.8222425],[2.3227867,48.8313127],[2.3226644,48.8403829],[2.322542,48.8494531],[2.3224197,48.8585233],[2.3222972,48.8675935],[2.3221747,48.8766636],[2.3220521,48.8857337],[2.3219294,48.8948038],[2.3218067,48.903874],[2.321684,48.912944]]}},{"type":"Feature","properties":{"axis":"E","value":450400,"spacing":100,"datum":"etrs89"},"geometry":{"type":"LineString","coordinates":[[2.3245149,48.80411],[2.324393,48.8131803],[2.3242711,48.8222505],[2.3241492,48.8313207],[2.3240271,48.8403909],[2.323905,48.8494611],[2.3237829,48.8585313],[2.3236607,48.8676015],[2.3235384,48.8766716],[2.3234161,48.8857417],[2.3232937,48.8948119],[2.3231712,48.903882],[2.3230487,48.9129521]]}},{"type":"Feature","properties":{"axis":"E","value":450500,"spacing":100,"datum":"etrs89"},"geometry":{"type":"LineString","coordinates":[[2.3258767,48.804118],[2.3257551,48.8131882],[2.3256334,48.8222585],[2.3255117,48.8313287],[2.3253899,48.8403989],[2.325268,48.8494691],[2.3251461,48.8585393],[2.3250242,48.8676094],[2.3249021,48.8766796],[2.3247801,48.8857497],[2.3246579,48.8948199],[2.3245357,48.90389],[2.3244134,48.9129601]]}},{"type":"Feature","properties":{"axis":"E","value":450600,"spacing":100,"datum":"etrs89"},"geometry":{"type":"LineString","coordinates":[[2.3272384,48.8041259],[2.3271171,48.8131962],[2.3269956,48.8222664],[2.3268742,48.8313367],[2.3267526,48.8404069],[2.326631,48.8494771],[2.3265094,48.8585473],[2.3263877,48.8676174],[2.3262659,48.8766876],[2.326144,48.8857577],[2.3260221,48.8948278],[2.3259002,48.903898],[2.3257781,48.912968]]}},{"type":"Feature","properties":{"axis":"E","value":450700,"spacing":100,"datum":"etrs89"},"geometry":{"type":"LineString","coordinates":[[2.3286002,48.8041339],[2.3284791,48.8132041],[2.3283579,48.8222744],[2.3282367,48.8313446],[2.3281154,48.8404148],[2.327994,48.849485],[2.3278726,48.8585552],[2.3277511,48.8676254],[2.3276296,48.8766955],[2.327508,48.8857657],[2.3273864,48.8948358],[2.3272646,48.9039059],[2.3271429,48.912976]]}},{"type":"Feature","properties":{"axis":"E","value":450800,"spacing":100,"datum":"etrs89"},"geometry":{"type":"LineString","coordinates":[[2.329962,48.8041418],[2.3298411,48.8132121],[2.3297202,48.8222823],[2.3295992,48.8313525],[2.3294781,48.8404228],[2.329357,48.849493],[2.3292359,48.8585631],[2.3291146,48.8676333],[2.3289933,48.8767035],[2.328872,48.8857736],[2.3287506,48.8948438],[2.3286291,48.9039139],[2.3285076,48.912984]]}},{"type":"Feature","properties":{"axis":"E","value":450900,"spacing":100,"datum":"etrs89"},"geometry":{"type":"LineString","coordinates":[[2.3313237,48.8041497],[2.3312031,48.81322],[2.3310824,48.8222902],[2.3309617,48.8313605],[2.3308409,48.8404307],[2.33072,48.8495009],[2.3305991,48.8585711],[2.3304781,48.8676412],[2.3303571,48.8767114],[2.330236,48.8857816],[2.3301148,48.8948517],[2.3299936,48.9039218],[2.3298723,48.9129919]]}},{"type":"Feature","properties":{"axis":"E","value":451100,"spacing":100,"datum":"etrs89"},"geometry":{"type":"LineString","coordinates":[[2.3340473,48.8041655],[2.3339271,48.8132357],[2.3338069,48.822306],[2.3336867,48.8313762],[2.3335664,48.8404465],[2.333446,48.8495167],[2.3333256,48.8585869],[2.3332051,48.867657],[2.3330846,48.8767272],[2.332964,48.8857974],[2.3328433,48.8948675],[2.3327226,48.9039376],[2.3326018,48.9130077]]}},{"type":"Feature","properties":{"axis":"E","value":451200,"spacing":100,"datum":"etrs89"},"geometry":{"type":"LineString","coordinates":[[2.335409,48.8041733],[2.3352892,48.8132436],[2.3351692,48.8223139],[2.3350492,48.8313841],[2.3349291,48.8404543],[2.334809,48.8495245],[2.3346888,48.8585947],[2.3345686,48.8676649],[2.3344483,48.8767351],[2.3343279,48.8858053],[2.3342075,48.8948754],[2.334087,48.9039455],[2.3339665,48.9130156]]}},{"type":"Feature","properties":{"axis":"E","value":451300,"spacing":100,"datum":"etrs89"},"geometry":{"type":"LineString","coordinates":[[2.3367708,48.8041812],[2.3366512,48.8132514],[2.3365315,48.8223217],[2.3364117,48.831392],[2.3362919,48.8404622],[2.336172,48.8495324],[2.3360521,48.8586026],[2.3359321,48.8676728],[2.335812,48.876743],[2.3356919,48.8858131],[2.3355718,48.8948833],[2.3354515,48.9039534],[2.3353312,48.9130235]]}},{"type":"Feature","properties":{"axis":"E","value":451400,"spacing":100,"datum":"etrs89"},"geometry":{"type":"LineString","coordinates":[[2.3381326,48.804189],[2.3380132,48.8132593],[2.3378937,48.8223295],[2.3377742,48.8313998],[2.3376547,48.84047],[2.337535,48.8495402],[2.3374153,48.8586104],[2.3372956,48.8676806],[2.3371758,48.8767508],[2.3370559,48.885821],[2.336936,48.8948911],[2.336816,48.9039612],[2.3366959,48.9130314]]}},{"type":"Feature","properties":{"axis":"E","value":451500,"spacing":100,"datum":"etrs89"},"geometry":{"type":"LineString","coordinates":[[2.3394943,48.8041968],[2.3393752,48.8132671],[2.339256,48.8223374],[2.3391367,48.8314076],[2.3390174,48.8404778],[2.338898,48.8495481],[2.3387786,48.8586183],[2.3386591,48.8676885],[2.3385395,48.8767586],[2.3384199,48.8858288],[2.3383002,48.8948989],[2.3381805,48.9039691],[2.3380607,48.9130392]]}},{"type":"Feature","properties":{"axis":"E","value":451600,"spacing":100,"datum":"etrs89"},"geometry":{"type":"LineString","coordinates":[[2.3408561,48.8042046],[2.3407372,48.8132749],[2.3406183,48.8223452],[2.3404992,48.8314154],[2.3403802,48.8404856],[2.340261,48.8495559],[2.3401418,48.8586261],[2.3400226,48.8676963],[2.3399033,48.8767665],[2.3397839,48.8858366],[2.3396645,48.8949068],[2.339545,48.9039769],[2.3394254,48.913047]]}},{"type":"Feature","properties":{"axis":"E","value":451700,"spacing":100,"datum":"etrs89"},"geometry":{"type":"LineString","coordinates":[[2.3422179,48.8042124],[2.3420992,48.8132827],[2.3419805,48.8223529],[2.3418618,48.8314232],[2.3417429,48.8404934],[2.341624,48.8495637],[2.3415051,48.8586339],[2.3413861,48.8677041],[2.341267,48.8767743],[2.3411479,48.8858444],[2.3410287,48.8949146],[2.3409094,48.9039847],[2.3407901,48.9130548]]}},{"type":"Feature","properties":{"axis":"E","value":451800,"spacing":100,"datum":"etrs89"},"geometry":{"type":"LineString","coordinates":[[2.3435797,48.8042202],[2.3434613,48.8132904],[2.3433428,48.8223607],[2.3432243,48.831431],[2.3431057,48.8405012],[2.342987,48.8495714],[2.3428683,48.8586417],[2.3427496,48.8677118],[2.3426307,48.876782],[2.3425119,48.8858522],[2.3423929,48.8949224],[2.3422739,48.9039925],[2.3421549,48.9130626]]}},{"type":"Feature","properties":{"axis":"E","value":451900,"spacing":100,"datum":"etrs89"},"geometry":{"type":"LineString","coordinates":[[2.3449414,48.8042279],[2.3448233,48.8132982],[2.3447051,48.8223685],[2.3445868,48.8314387],[2.3444684,48.840509],[2.34435,48.8495792],[2.3442316,48.8586494],[2.3441131,48.8677196],[2.3439945,48.8767898],[2.3438759,48.88586],[2.3437572,48.8949301],[2.3436384,48.9040003],[2.3435196,48.9130704]]}},{"type":"Feature","properties":{"axis":"E","value":452100,"spacing":100,"datum":"etrs89"},"geometry":{"type":"LineString","coordinates":[[2.347665,48.8042433],[2.3475473,48.8133136],[2.3474296,48.8223839],[2.3473118,48.8314542],[2.347194,48.8405244],[2.3470761,48.8495947],[2.3469581,48.8586649],[2.3468401,48.8677351],[2.346722,48.8768053],[2.3466038,48.8858755],[2.3464856,48.8949456],[2.3463674,48.9040158],[2.3462491,48.9130859]]}},{"type":"Feature","properties":{"axis":"E","value":452200,"spacing":100,"datum":"etrs89"},"geometry":{"type":"LineString","coordinates":[[2.3490268,48.804251],[2.3489093,48.8133213],[2.3487919,48.8223916],[2.3486743,48.8314619],[2.3485567,48.8405321],[2.3484391,48.8496024],[2.3483213,48.8586726],[2.3482036,48.8677428],[2.3480857,48.876813],[2.3479678,48.8858832],[2.3478499,48.8949533],[2.3477319,48.9040235],[2.3476138,48.9130936]]}},{"type":"Feature","properties":{"axis":"E","value":452300,"spacing":100,"datum":"etrs89"},"geometry":{"type":"LineString","coordinates":[[2.3503886,48.8042587],[2.3502714,48.813329],[2.3501541,48.8223993],[2.3500368,48.8314696],[2.3499195,48.8405398],[2.3498021,48.8496101],[2.3496846,48.8586803],[2.3495671,48.8677505],[2.3494495,48.8768207],[2.3493318,48.8858909],[2.3492141,48.8949611],[2.3490963,48.9040312],[2.3489785,48.9131013]]}},{"type":"Feature","properties":{"axis":"E","value":452400,"spacing":100,"datum":"etrs89"},"geometry":{"type":"LineString","coordinates":[[2.3517503,48.8042664],[2.3516334,48.8133367],[2.3515164,48.822407],[2.3513993,48.8314773],[2.3512822,48.8405475],[2.3511651,48.8496178],[2.3510478,48.858688],[2.3509306,48.8677582],[2.3508132,48.8768284],[2.3506958,48.8858986],[2.3505784,48.8949687],[2.3504608,48.9040389],[2.3503433,48.913109]]}},{"type":"Feature","properties":{"axis":"E","value":452500,"spacing":100,"datum":"etrs89"},"geometry":{"type":"LineString","coordinates":[[2.3531121,48.804274],[2.3529954,48.8133443],[2.3528787,48.8224146],[2.3527619,48.8314849],[2.352645,48.8405552],[2.3525281,48.8496254],[2.3524111,48.8586956],[2.3522941,48.8677659],[2.352177,48.8768361],[2.3520598,48.8859062],[2.3519426,48.8949764],[2.3518253,48.9040466],[2.351708,48.9131167]]}},{"type":"Feature","properties":{"axis":"E","value":452600,"spacing":100,"datum":"etrs89"},"geometry":{"type":"LineString","coordinates":[[2.3544739,48.8042817],[2.3543574,48.813352],[2.3542409,48.8224223],[2.3541244,48.8314926],[2.3540078,48.8405628],[2.3538911,48.8496331],[2.3537744,48.8587033],[2.3536576,48.8677735],[2.3535407,48.8768437],[2.3534238,48.8859139],[2.3533068,48.8949841],[2.3531898,48.9040542],[2.3530727,48.9131244]]}},{"type":"Feature","properties":{"axis":"E","value":452700,"spacing":100,"datum":"etrs89"},"geometry":{"type":"LineString","coordinates":[[2.3558357,48.8042893],[2.3557195,48.8133596],[2.3556032,48.8224299],[2.3554869,48.8315002],[2.3553705,48.8405704],[2.3552541,48.8496407],[2.3551376,48.8587109],[2.3550211,48.8677811],[2.3549045,48.8768514],[2.3547878,48.8859215],[2.3546711,48.8949917],[2.3545543,48.9040619],[2.3544375,48.913132]]}},{"type":"Feature","properties":{"axis":"E","value":452800,"spacing":100,"datum":"etrs89"},"geometry":{"type":"LineString","coordinates":[[2.3571974,48.8042969],[2.3570815,48.8133672],[2.3569655,48.8224375],[2.3568494,48.8315078],[2.3567333,48.8405781],[2.3566171,48.8496483],[2.3565009,48.8587185],[2.3563846,48.8677888],[2.3562682,48.876859],[2.3561518,48.8859292],[2.3560353,48.8949993],[2.3559188,48.9040695],[2.3558022,48.9131397]]}},{"type":"Feature","properties":{"axis":"E","value":452900,"spacing":100,"datum":"etrs89"},"geometry":{"type":"LineString","coordinates":[[2.3585592,48.8043045],[2.3584435,48.8133748],[2.3583278,48.8224451],[2.3582119,48.8315154],[2.3580961,48.8405856],[2.3579801,48.8496559],[2.3578641,48.8587261],[2.3577481,48.8677964],[2.357632,48.8768666],[2.3575158,48.8859368],[2.3573996,48.895007],[2.3572833,48.9040771],[2.3571669,48.9131473]]}},{"type":"Feature","properties":{"axis":"E","value":453100,"spacing":100,"datum":"etrs89"},"geometry":{"type":"LineString","coordinates":[[2.3612828,48.8043196],[2.3611676,48.8133899],[2.3610523,48.8224602],[2.360937,48.8315305],[2.3608216,48.8406008],[2.3607061,48.8496711],[2.3605906,48.8587413],[2.3604751,48.8678115],[2.3603595,48.8768817],[2.3602438,48.8859519],[2.360128,48.8950221],[2.3600122,48.9040923],[2.3598964,48.9131625]]}},{"type":"Feature","properties":{"axis":"E","value":453200,"spacing":100,"datum":"etrs89"},"geometry":{"type":"LineString","coordinates":[[2.3626446,48.8043271],[2.3625296,48.8133975],[2.3624146,48.8224678],[2.3622995,48.8315381],[2.3621843,48.8406083],[2.3620691,48.8496786],[2.3619539,48.8587488],[2.3618386,48.8678191],[2.3617232,48.8768893],[2.3616078,48.8859595],[2.3614923,48.8950297],[2.3613767,48.9040999],[2.3612611,48.91317]]}},{"type":"Feature","properties":{"axis":"E","value":453300,"spacing":100,"datum":"etrs89"},"geometry":{"type":"LineString","coordinates":[[2.3640064,48.8043347],[2.3638916,48.813405],[2.3637768,48.8224753],[2.363662,48.8315456],[2.3635471,48.8406159],[2.3634322,48.8496861],[2.3633171,48.8587564],[2.3632021,48.8678266],[2.363087,48.8768968],[2.3629718,48.885967],[2.3628565,48.8950372],[2.3627412,48.9041074],[2.3626259,48.9131776]]}},{"type":"Feature","properties":{"axis":"E","value":453400,"spacing":100,"datum":"etrs89"},"geometry":{"type":"LineString","coordinates":[[2.3653681,48.8043422],[2.3652537,48.8134125],[2.3651391,48.8224828],[2.3650245,48.8315531],[2.3649099,48.8406234],[2.3647952,48.8496937],[2.3646804,48.8587639],[2.3645656,48.8678341],[2.3644507,48.8769044],[2.3643358,48.8859746],[2.3642208,48.8950448],[2.3641057,48.9041149],[2.3639906,48.9131851]]}},{"type":"Feature","properties":{"axis":"E","value":453500,"spacing":100,"datum":"etrs89"},"geometry":{"type":"LineString","coordinates":[[2.3667299,48.8043497],[2.3666157,48.81342],[2.3665014,48.8224903],[2.3663871,48.8315606],[2.3662726,48.8406309],[2.3661582,48.8497012],[2.3660437,48.8587714],[2.3659291,48.8678416],[2.3658145,48.8769119],[2.3656998,48.8859821],[2.365585,48.8950523],[2.3654702,48.9041225],[2.3653554,48.9131926]]}},{"type":"Feature","properties":{"axis":"E","value":453600,"spacing":100,"datum":"etrs89"},"geometry":{"type":"LineString","coordinates":[[2.3680917,48.8043571],[2.3679777,48.8134275],[2.3678637,48.8224978],[2.3677496,48.8315681],[2.3676354,48.8406384],[2.3675212,48.8497086],[2.3674069,48.8587789],[2.3672926,48.8678491],[2.3671782,48.8769194],[2.3670638,48.8859896],[2.3669493,48.8950598],[2.3668347,48.90413],[2.3667201,48.9132001]]}},{"type":"Feature","properties":{"axis":"E","value":453700,"spacing":100,"datum":"etrs89"},"geometry":{"type":"LineString","coordinates":[[2.3694535,48.8043646],[2.3693397,48.8134349],[2.3692259,48.8225052],[2.3691121,48.8315755],[2.3689982,48.8406458],[2.3688842,48.8497161],[2.3687702,48.8587864],[2.3686561,48.8678566],[2.368542,48.8769268],[2.3684278,48.8859971],[2.3683135,48.8950673],[2.3681992,48.9041374],[2.3680848,48.9132076]]}},{"type":"Feature","properties":{"axis":"E","value":453800,"spacing":100,"datum":"etrs89"},"geometry":{"type":"LineString","coordinates":[[2.3708153,48.804372],[2.3707018,48.8134424],[2.3705882,48.8225127],[2.3704746,48.831583],[2.370361,48.8406533],[2.3702472,48.8497236],[2.3701334,48.8587938],[2.3700196,48.8678641],[2.3699057,48.8769343],[2.3697918,48.8860045],[2.3696778,48.8950747],[2.3695637,48.9041449],[2.3694496,48.9132151]]}},{"type":"Feature","properties":{"axis":"E","value":453900,"spacing":100,"datum":"etrs89"},"geometry":{"type":"LineString","coordinates":[[2.3721771,48.8043795],[2.3720638,48.8134498],[2.3719505,48.8225201],[2.3718371,48.8315904],[2.3717237,48.8406607],[2.3716102,48.849731],[2.3714967,48.8588013],[2.3713831,48.8678715],[2.3712695,48.8769417],[2.3711558,48.886012],[2.371042,48.8950822],[2.3709282,48.9041524],[2.3708143,48.9132225]]}},{"type":"Feature","properties":{"axis":"E","value":454100,"spacing":100,"datum":"etrs89"},"geometry":{"type":"LineString","coordinates":[[2.3749006,48.8043943],[2.3747879,48.8134646],[2.3746751,48.8225349],[2.3745622,48.8316052],[2.3744493,48.8406755],[2.3743363,48.8497458],[2.3742232,48.8588161],[2.3741101,48.8678863],[2.373997,48.8769566],[2.3738838,48.8860268],[2.3737705,48.895097],[2.3736572,48.9041672],[2.3735438,48.9132374]]}},{"type":"Feature","properties":{"axis":"E","value":454200,"spacing":100,"datum":"etrs89"},"geometry":{"type":"LineString","coordinates":[[2.3762624,48.8044016],[2.3761499,48.813472],[2.3760373,48.8225423],[2.3759247,48.8316126],[2.375812,48.8406829],[2.3756993,48.8497532],[2.3755865,48.8588235],[2.3754736,48.8678937],[2.3753607,48.876964],[2.3752478,48.8860342],[2.3751348,48.8951044],[2.3750217,48.9041746],[2.3749085,48.9132448]]}},{"type":"Feature","properties":{"axis":"E","value":454300,"spacing":100,"datum":"etrs89"},"geometry":{"type":"LineString","coordinates":[[2.3776242,48.804409],[2.3775119,48.8134793],[2.3773996,48.8225497],[2.3772872,48.83162],[2.3771748,48.8406903],[2.3770623,48.8497606],[2.3769498,48.8588309],[2.3768372,48.8679011],[2.3767245,48.8769714],[2.3766118,48.8860416],[2.376499,48.8951118],[2.3763862,48.904182],[2.3762733,48.9132522]]}},{"type":"Feature","properties":{"axis":"N","value":5405900,"spacing":100,"datum":"etrs89"},"geometry":{"type":"LineString","coordinates":[[2.2128522,48.8034015],[2.2265828,48.8034945],[2.2403135,48.8035858],[2.2540443,48.8036755],[2.2677752,48.8037635],[2.2815061,48.8038499],[2.2952371,48.8039347],[2.3089681,48.8040179],[2.3226992,48.8040994],[2.3364304,48.8041792],[2.3501616,48.8042574],[2.3638929,48.804334],[2.3776242,48.804409]]}},{"type":"Feature","properties":{"axis":"N","value":5406100,"spacing":100,"datum":"etrs89"},"geometry":{"type":"LineString","coordinates":[[2.212824,48.8052006],[2.2265552,48.8052935],[2.2402864,48.8053848],[2.2540176,48.8054745],[2.267749,48.8055626],[2.2814804,48.805649],[2.2952118,48.8057338],[2.3089434,48.8058169],[2.322675,48.8058984],[2.3364066,48.8059783],[2.3501383,48.8060565],[2.3638701,48.8061331],[2.3776019,48.8062081]]}},{"type":"Feature","properties":{"axis":"N","value":5406200,"spacing":100,"datum":"etrs89"},"geometry":{"type":"LineString","coordinates":[[2.2128099,48.8061001],[2.2265413,48.806193],[2.2402728,48.8062844],[2.2540043,48.806374],[2.2677359,48.8064621],[2.2814675,48.8065485],[2.2951992,48.8066333],[2.308931,48.8067164],[2.3226629,48.8067979],[2.3363948,48.8068778],[2.3501267,48.806956],[2.3638587,48.8070327],[2.3775908,48.8071076]]}},{"type":"Feature","properties":{"axis":"N","value":5406300,"spacing":100,"datum":"etrs89"},"geometry":{"type":"LineString","coordinates":[[2.2127959,48.8069996],[2.2265275,48.8070925],[2.2402592,48.8071839],[2.2539909,48.8072736],[2.2677228,48.8073616],[2.2814547,48.807448],[2.2951866,48.8075328],[2.3089187,48.807616],[2.3226507,48.8076975],[2.3363829,48.8077773],[2.3501151,48.8078556],[2.3638474,48.8079322],[2.3775797,48.8080072]]}},{"type":"Feature","properties":{"axis":"N","value":5406400,"spacing":100,"datum":"etrs89"},"geometry":{"type":"LineString","coordinates":[[2.2127818,48.8078991],[2.2265136,48.807992],[2.2402456,48.8080834],[2.2539776,48.8081731],[2.2677097,48.8082611],[2.2814418,48.8083475],[2.295174,48.8084323],[2.3089063,48.8085155],[2.3226386,48.808597],[2.336371,48.8086769],[2.3501035,48.8087551],[2.363836,48.8088317],[2.3775685,48.8089067]]}},{"type":"Feature","properties":{"axis":"N","value":5406500,"spacing":100,"datum":"etrs89"},"geometry":{"type":"LineString","coordinates":[[2.2127677,48.8087986],[2.2264998,48.8088916],[2.240232,48.8089829],[2.2539643,48.8090726],[2.2676966,48.8091606],[2.281429,48.8092471],[2.2951614,48.8093319],[2.3088939,48.809415],[2.3226265,48.8094965],[2.3363591,48.8095764],[2.3500918,48.8096547],[2.3638246,48.8097313],[2.3775574,48.8098062]]}},{"type":"Feature","properties":{"axis":"N","value":5406600,"spacing":100,"datum":"etrs89"},"geometry":{"type":"LineString","coordinates":[[2.2127536,48.8096981],[2.226486,48.8097911],[2.2402184,48.8098824],[2.2539509,48.8099721],[2.2676835,48.8100602],[2.2814161,48.8101466],[2.2951488,48.8102314],[2.3088816,48.8103145],[2.3226144,48.8103961],[2.3363473,48.8104759],[2.3500802,48.8105542],[2.3638132,48.8106308],[2.3775463,48.8107058]]}},{"type":"Feature","properties":{"axis":"N","value":5406700,"spacing":100,"datum":"etrs89"},"geometry":{"type":"LineString","coordinates":[[2.2127395,48.8105976],[2.2264721,48.8106906],[2.2402048,48.8107819],[2.2539376,48.8108716],[2.2676704,48.8109597],[2.2814033,48.8110461],[2.2951362,48.8111309],[2.3088692,48.8112141],[2.3226023,48.8112956],[2.3363354,48.8113755],[2.3500686,48.8114537],[2.3638018,48.8115303],[2.3775351,48.8116053]]}},{"type":"Feature","properties":{"axis":"N","value":5406800,"spacing":100,"datum":"etrs89"},"geometry":{"type":"LineString","coordinates":[[2.2127254,48.8114971],[2.2264583,48.8115901],[2.2401912,48.8116814],[2.2539242,48.8117711],[2.2676573,48.8118592],[2.2813904,48.8119456],[2.2951236,48.8120304],[2.3088568,48.8121136],[2.3225902,48.8121951],[2.3363235,48.812275],[2.350057,48.8123533],[2.3637905,48.8124299],[2.377524,48.8125048]]}},{"type":"Feature","properties":{"axis":"N","value":5406900,"spacing":100,"datum":"etrs89"},"geometry":{"type":"LineString","coordinates":[[2.2127114,48.8123966],[2.2264445,48.8124896],[2.2401776,48.8125809],[2.2539109,48.8126706],[2.2676442,48.8127587],[2.2813775,48.8128452],[2.295111,48.8129299],[2.3088445,48.8130131],[2.322578,48.8130946],[2.3363117,48.8131745],[2.3500453,48.8132528],[2.3637791,48.8133294],[2.3775129,48.8134044]]}},{"type":"Feature","properties":{"axis":"N","value":5407100,"spacing":100,"datum":"etrs89"},"geometry":{"type":"LineString","coordinates":[[2.2126832,48.8141956],[2.2264168,48.8142886],[2.2401504,48.81438],[2.2538842,48.8144697],[2.267618,48.8145578],[2.2813518,48.8146442],[2.2950858,48.814729],[2.3088197,48.8148122],[2.3225538,48.8148937],[2.3362879,48.8149736],[2.3500221,48.8150518],[2.3637563,48.8151285],[2.3774906,48.8152035]]}},{"type":"Feature","properties":{"axis":"N","value":5407200,"spacing":100,"datum":"etrs89"},"geometry":{"type":"LineString","coordinates":[[2.2126691,48.8150951],[2.2264029,48.8151881],[2.2401368,48.8152795],[2.2538708,48.8153692],[2.2676049,48.8154573],[2.281339,48.8155437],[2.2950731,48.8156285],[2.3088074,48.8157117],[2.3225417,48.8157932],[2.336276,48.8158731],[2.3500104,48.8159514],[2.3637449,48.816028],[2.3774795,48.816103]]}},{"type":"Feature","properties":{"axis":"N","value":5407300,"spacing":100,"datum":"etrs89"},"geometry":{"type":"LineString","coordinates":[[2.212655,48.8159946],[2.2263891,48.8160876],[2.2401233,48.816179],[2.2538575,48.8162687],[2.2675918,48.8163568],[2.2813261,48.8164432],[2.2950605,48.816528],[2.308795,48.8166112],[2.3225296,48.8166927],[2.3362642,48.8167726],[2.3499988,48.8168509],[2.3637335,48.8169275],[2.3774683,48.8170025]]}},{"type":"Feature","properties":{"axis":"N","value":5407400,"spacing":100,"datum":"etrs89"},"geometry":{"type":"LineString","coordinates":[[2.2126409,48.8168941],[2.2263753,48.8169871],[2.2401097,48.8170785],[2.2538441,48.8171682],[2.2675787,48.8172563],[2.2813133,48.8173427],[2.2950479,48.8174276],[2.3087826,48.8175107],[2.3225174,48.8175923],[2.3362523,48.8176722],[2.3499872,48.8177504],[2.3637222,48.8178271],[2.3774572,48.8179021]]}},{"type":"Feature","properties":{"axis":"N","value":5407500,"spacing":100,"datum":"etrs89"},"geometry":{"type":"LineString","coordinates":[[2.2126268,48.8177937],[2.2263614,48.8178866],[2.2400961,48.817978],[2.2538308,48.8180677],[2.2675655,48.8181558],[2.2813004,48.8182423],[2.2950353,48.8183271],[2.3087703,48.8184103],[2.3225053,48.8184918],[2.3362404,48.8185717],[2.3499756,48.81865],[2.3637108,48.8187266],[2.377446,48.8188016]]}},{"type":"Feature","properties":{"axis":"N","value":5407600,"spacing":100,"datum":"etrs89"},"geometry":{"type":"LineString","coordinates":[[2.2126128,48.8186932],[2.2263476,48.8187862],[2.2400825,48.8188775],[2.2538174,48.8189672],[2.2675524,48.8190553],[2.2812875,48.8191418],[2.2950227,48.8192266],[2.3087579,48.8193098],[2.3224932,48.8193913],[2.3362285,48.8194712],[2.3499639,48.8195495],[2.3636994,48.8196261],[2.3774349,48.8197011]]}},{"type":"Feature","properties":{"axis":"N","value":5407700,"spacing":100,"datum":"etrs89"},"geometry":{"type":"LineString","coordinates":[[2.2125987,48.8195927],[2.2263337,48.8196857],[2.2400689,48.819777],[2.2538041,48.8198668],[2.2675393,48.8199549],[2.2812747,48.8200413],[2.2950101,48.8201261],[2.3087455,48.8202093],[2.3224811,48.8202909],[2.3362166,48.8203708],[2.3499523,48.820449],[2.363688,48.8205257],[2.3774238,48.8206007]]}},{"type":"Feature","properties":{"axis":"N","value":5407800,"spacing":100,"datum":"etrs89"},"geometry":{"type":"LineString","coordinates":[[2.2125846,48.8204922],[2.2263199,48.8205852],[2.2400553,48.8206765],[2.2537907,48.8207663],[2.2675262,48.8208544],[2.2812618,48.8209408],[2.2949975,48.8210256],[2.3087332,48.8211088],[2.3224689,48.8211904],[2.3362048,48.8212703],[2.3499407,48.8213486],[2.3636766,48.8214252],[2.3774126,48.8215002]]}},{"type":"Feature","properties":{"axis":"N","value":5407900,"spacing":100,"datum":"etrs89"},"geometry":{"type":"LineString","coordinates":[[2.2125705,48.8213917],[2.226306,48.8214847],[2.2400417,48.821576],[2.2537774,48.8216658],[2.2675131,48.8217539],[2.2812489,48.8218403],[2.2949848,48.8219252],[2.3087208,48.8220084],[2.3224568,48.8220899],[2.3361929,48.8221698],[2.349929,48.8222481],[2.3636652,48.8223247],[2.3774015,48.8223998]]}},{"type":"Feature","properties":{"axis":"N","value":5408100,"spacing":100,"datum":"etrs89"},"geometry":{"type":"LineString","coordinates":[[2.2125423,48.8231907],[2.2262783,48.8232837],[2.2400145,48.8233751],[2.2537506,48.8234648],[2.2674869,48.8235529],[2.2812232,48.8236394],[2.2949596,48.8237242],[2.308696,48.8238074],[2.3224326,48.823889],[2.3361691,48.8239689],[2.3499058,48.8240472],[2.3636424,48.8241238],[2.3773792,48.8241988]]}},{"type":"Feature","properties":{"axis":"N","value":5408200,"spacing":100,"datum":"etrs89"},"geometry":{"type":"LineString","coordinates":[[2.2125282,48.8240902],[2.2262645,48.8241832],[2.2400009,48.8242746],[2.2537373,48.8243643],[2.2674738,48.8244524],[2.2812104,48.8245389],[2.294947,48.8246237],[2.3086837,48.8247069],[2.3224204,48.8247885],[2.3361572,48.8248684],[2.3498941,48.8249467],[2.3636311,48.8250233],[2.377368,48.8250984]]}},{"type":"Feature","properties":{"axis":"N","value":5408300,"spacing":100,"datum":"etrs89"},"geometry":{"type":"LineString","coordinates":[[2.2125141,48.8249897],[2.2262507,48.8250827],[2.2399873,48.8251741],[2.2537239,48.8252638],[2.2674607,48.8253519],[2.2811975,48.8254384],[2.2949344,48.8255233],[2.3086713,48.8256065],[2.3224083,48.825688],[2.3361454,48.8257679],[2.3498825,48.8258462],[2.3636197,48.8259229],[2.3773569,48.8259979]]}},{"type":"Feature","properties":{"axis":"N","value":5408400,"spacing":100,"datum":"etrs89"},"geometry":{"type":"LineString","coordinates":[[2.2125,48.8258892],[2.2262368,48.8259822],[2.2399737,48.8260736],[2.2537106,48.8261633],[2.2674476,48.8262515],[2.2811846,48.8263379],[2.2949217,48.8264228],[2.3086589,48.826506],[2.3223962,48.8265875],[2.3361335,48.8266675],[2.3498708,48.8267458],[2.3636083,48.8268224],[2.3773458,48.8268974]]}},{"type":"Feature","properties":{"axis":"N","value":5408500,"spacing":100,"datum":"etrs89"},"geometry":{"type":"LineString","coordinates":[[2.2124859,48.8267887],[2.226223,48.8268817],[2.2399601,48.8269731],[2.2536972,48.8270629],[2.2674345,48.827151],[2.2811718,48.8272375],[2.2949091,48.8273223],[2.3086466,48.8274055],[2.322384,48.8274871],[2.3361216,48.827567],[2.3498592,48.8276453],[2.3635969,48.8277219],[2.3773346,48.827797]]}},{"type":"Feature","properties":{"axis":"N","value":5408600,"spacing":100,"datum":"etrs89"},"geometry":{"type":"LineString","coordinates":[[2.2124718,48.8276882],[2.2262091,48.8277812],[2.2399464,48.8278726],[2.2536839,48.8279624],[2.2674213,48.8280505],[2.2811589,48.828137],[2.2948965,48.8282218],[2.3086342,48.828305],[2.3223719,48.8283866],[2.3361097,48.8284665],[2.3498476,48.8285448],[2.3635855,48.8286215],[2.3773235,48.8286965]]}},{"type":"Feature","properties":{"axis":"N","value":5408700,"spacing":100,"datum":"etrs89"},"geometry":{"type":"LineString","coordinates":[[2.2124577,48.8285877],[2.2261953,48.8286807],[2.2399328,48.8287721],[2.2536705,48.8288619],[2.2674082,48.82895],[2.281146,48.8290365],[2.2948839,48.8291213],[2.3086218,48.8292045],[2.3223598,48.8292861],[2.3360978,48.8293661],[2.3498359,48.8294444],[2.3635741,48.829521],[2.3773123,48.829596]]}},{"type":"Feature","properties":{"axis":"N","value":5408800,"spacing":100,"datum":"etrs89"},"geometry":{"type":"LineString","coordinates":[[2.2124436,48.8294872],[2.2261814,48.8295802],[2.2399192,48.8296716],[2.2536571,48.8297614],[2.2673951,48.8298495],[2.2811332,48.829936],[2.2948713,48.8300209],[2.3086094,48.8301041],[2.3223477,48.8301856],[2.3360859,48.8302656],[2.3498243,48.8303439],[2.3635627,48.8304205],[2.3773012,48.8304956]]}},{"type":"Feature","properties":{"axis":"N","value":5408900,"spacing":100,"datum":"etrs89"},"geometry":{"type":"LineString","coordinates":[[2.2124295,48.8303867],[2.2261675,48.8304797],[2.2399056,48.8305711],[2.2536438,48.8306609],[2.267382,48.830749],[2.2811203,48.8308355],[2.2948586,48.8309204],[2.308597,48.8310036],[2.3223355,48.8310852],[2.3360741,48.8311651],[2.3498127,48.8312434],[2.3635513,48.8313201],[2.37729,48.8313951]]}},{"type":"Feature","properties":{"axis":"N","value":5409100,"spacing":100,"datum":"etrs89"},"geometry":{"type":"LineString","coordinates":[[2.2124013,48.8321857],[2.2261398,48.8322788],[2.2398784,48.8323702],[2.2536171,48.8324599],[2.2673558,48.8325481],[2.2810945,48.8326346],[2.2948334,48.8327194],[2.3085723,48.8328026],[2.3223113,48.8328842],[2.3360503,48.8329642],[2.3497894,48.8330425],[2.3635285,48.8331191],[2.3772677,48.8331942]]}},{"type":"Feature","properties":{"axis":"N","value":5409200,"spacing":100,"datum":"etrs89"},"geometry":{"type":"LineString","coordinates":[[2.2123872,48.8330852],[2.226126,48.8331783],[2.2398648,48.8332697],[2.2536037,48.8333594],[2.2673427,48.8334476],[2.2810817,48.8335341],[2.2948208,48.8336189],[2.3085599,48.8337022],[2.3222991,48.8337837],[2.3360384,48.8338637],[2.3497777,48.833942],[2.3635171,48.8340187],[2.3772566,48.8340937]]}},{"type":"Feature","properties":{"axis":"N","value":5409300,"spacing":100,"datum":"etrs89"},"geometry":{"type":"LineString","coordinates":[[2.2123731,48.8339847],[2.2261121,48.8340778],[2.2398512,48.8341692],[2.2535903,48.834259],[2.2673295,48.8343471],[2.2810688,48.8344336],[2.2948081,48.8345185],[2.3085475,48.8346017],[2.322287,48.8346833],[2.3360265,48.8347632],[2.3497661,48.8348415],[2.3635057,48.8349182],[2.3772454,48.8349932]]}},{"type":"Feature","properties":{"axis":"N","value":5409400,"spacing":100,"datum":"etrs89"},"geometry":{"type":"LineString","coordinates":[[2.212359,48.8348842],[2.2260983,48.8349773],[2.2398376,48.8350687],[2.253577,48.8351585],[2.2673164,48.8352466],[2.2810559,48.8353331],[2.2947955,48.835418],[2.3085352,48.8355012],[2.3222749,48.8355828],[2.3360146,48.8356627],[2.3497545,48.8357411],[2.3634943,48.8358177],[2.3772343,48.8358928]]}},{"type":"Feature","properties":{"axis":"N","value":5409500,"spacing":100,"datum":"etrs89"},"geometry":{"type":"LineString","coordinates":[[2.2123449,48.8357837],[2.2260844,48.8358768],[2.239824,48.8359682],[2.2535636,48.836058],[2.2673033,48.8361461],[2.2810431,48.8362326],[2.2947829,48.8363175],[2.3085228,48.8364007],[2.3222627,48.8364823],[2.3360027,48.8365623],[2.3497428,48.8366406],[2.3634829,48.8367173],[2.3772231,48.8367923]]}},{"type":"Feature","properties":{"axis":"N","value":5409600,"spacing":100,"datum":"etrs89"},"geometry":{"type":"LineString","coordinates":[[2.2123308,48.8366832],[2.2260706,48.8367763],[2.2398104,48.8368677],[2.2535502,48.8369575],[2.2672902,48.8370456],[2.2810302,48.8371321],[2.2947703,48.837217],[2.3085104,48.8373002],[2.3222506,48.8373818],[2.3359908,48.8374618],[2.3497312,48.8375401],[2.3634715,48.8376168],[2.377212,48.8376919]]}},{"type":"Feature","properties":{"axis":"N","value":5409700,"spacing":100,"datum":"etrs89"},"geometry":{"type":"LineString","coordinates":[[2.2123167,48.8375827],[2.2260567,48.8376758],[2.2397968,48.8377672],[2.2535369,48.837857],[2.2672771,48.8379451],[2.2810173,48.8380317],[2.2947576,48.8381165],[2.308498,48.8381998],[2.3222385,48.8382814],[2.335979,48.8383613],[2.3497195,48.8384397],[2.3634601,48.8385163],[2.3772008,48.8385914]]}},{"type":"Feature","properties":{"axis":"N","value":5409800,"spacing":100,"datum":"etrs89"},"geometry":{"type":"LineString","coordinates":[[2.2123026,48.8384822],[2.2260428,48.8385753],[2.2397831,48.8386667],[2.2535235,48.8387565],[2.2672639,48.8388447],[2.2810044,48.8389312],[2.294745,48.8390161],[2.3084856,48.8390993],[2.3222263,48.8391809],[2.3359671,48.8392609],[2.3497079,48.8393392],[2.3634487,48.8394159],[2.3771897,48.8394909]]}},{"type":"Feature","properties":{"axis":"N","value":5409900,"spacing":100,"datum":"etrs89"},"geometry":{"type":"LineString","coordinates":[[2.2122885,48.8393817],[2.226029,48.8394748],[2.2397695,48.8395662],[2.2535101,48.839656],[2.2672508,48.8397442],[2.2809916,48.8398307],[2.2947324,48.8399156],[2.3084732,48.8399988],[2.3222142,48.8400804],[2.3359552,48.8401604],[2.3496962,48.8402387],[2.3634373,48.8403154],[2.3771785,48.8403905]]}},{"type":"Feature","properties":{"axis":"N","value":5410100,"spacing":100,"datum":"etrs89"},"geometry":{"type":"LineString","coordinates":[[2.2122603,48.8411807],[2.2260013,48.8412738],[2.2397423,48.8413652],[2.2534834,48.841455],[2.2672246,48.8415432],[2.2809658,48.8416297],[2.2947071,48.8417146],[2.3084485,48.8417979],[2.3221899,48.8418795],[2.3359314,48.8419594],[2.3496729,48.8420378],[2.3634145,48.8421145],[2.3771562,48.8421895]]}},{"type":"Feature","properties":{"axis":"N","value":5410200,"spacing":100,"datum":"etrs89"},"geometry":{"type":"LineString","coordinates":[[2.2122462,48.8420802],[2.2259874,48.8421733],[2.2397287,48.8422648],[2.25347,48.8423546],[2.2672115,48.8424427],[2.2809529,48.8425292],[2.2946945,48.8426141],[2.3084361,48.8426974],[2.3221778,48.842779],[2.3359195,48.842859],[2.3496613,48.8429373],[2.3634031,48.843014],[2.3771451,48.8430891]]}},{"type":"Feature","properties":{"axis":"N","value":5410300,"spacing":100,"datum":"etrs89"},"geometry":{"type":"LineString","coordinates":[[2.2122321,48.8429797],[2.2259735,48.8430728],[2.2397151,48.8431643],[2.2534567,48.8432541],[2.2671983,48.8433422],[2.2809401,48.8434288],[2.2946818,48.8435136],[2.3084237,48.8435969],[2.3221656,48.8436785],[2.3359076,48.8437585],[2.3496496,48.8438368],[2.3633917,48.8439135],[2.3771339,48.8439886]]}},{"type":"Feature","properties":{"axis":"N","value":5410400,"spacing":100,"datum":"etrs89"},"geometry":{"type":"LineString","coordinates":[[2.212218,48.8438792],[2.2259597,48.8439723],[2.2397015,48.8440638],[2.2534433,48.8441536],[2.2671852,48.8442417],[2.2809272,48.8443283],[2.2946692,48.8444132],[2.3084113,48.8444964],[2.3221535,48.844578],[2.3358957,48.844658],[2.349638,48.8447364],[2.3633803,48.8448131],[2.3771227,48.8448881]]}},{"type":"Feature","properties":{"axis":"N","value":5410500,"spacing":100,"datum":"etrs89"},"geometry":{"type":"LineString","coordinates":[[2.2122039,48.8447787],[2.2259458,48.8448718],[2.2396878,48.8449633],[2.2534299,48.8450531],[2.2671721,48.8451412],[2.2809143,48.8452278],[2.2946566,48.8453127],[2.3083989,48.8453959],[2.3221413,48.8454776],[2.3358838,48.8455575],[2.3496264,48.8456359],[2.3633689,48.8457126],[2.3771116,48.8457877]]}},{"type":"Feature","properties":{"axis":"N","value":5410600,"spacing":100,"datum":"etrs89"},"geometry":{"type":"LineString","coordinates":[[2.2121898,48.8456782],[2.225932,48.8457713],[2.2396742,48.8458628],[2.2534166,48.8459526],[2.267159,48.8460408],[2.2809014,48.8461273],[2.294644,48.8462122],[2.3083865,48.8462955],[2.3221292,48.8463771],[2.3358719,48.8464571],[2.3496147,48.8465354],[2.3633575,48.8466121],[2.3771004,48.8466872]]}},{"type":"Feature","properties":{"axis":"N","value":5410700,"spacing":100,"datum":"etrs89"},"geometry":{"type":"LineString","coordinates":[[2.2121756,48.8465777],[2.2259181,48.8466708],[2.2396606,48.8467623],[2.2534032,48.8468521],[2.2671458,48.8469403],[2.2808885,48.8470268],[2.2946313,48.8471117],[2.3083742,48.847195],[2.3221171,48.8472766],[2.33586,48.8473566],[2.3496031,48.8474349],[2.3633461,48.8475116],[2.3770893,48.8475867]]}},{"type":"Feature","properties":{"axis":"N","value":5410800,"spacing":100,"datum":"etrs89"},"geometry":{"type":"LineString","coordinates":[[2.2121615,48.8474772],[2.2259042,48.8475703],[2.239647,48.8476618],[2.2533898,48.8477516],[2.2671327,48.8478398],[2.2808757,48.8479263],[2.2946187,48.8480112],[2.3083618,48.8480945],[2.3221049,48.8481761],[2.3358481,48.8482561],[2.3495914,48.8483345],[2.3633347,48.8484112],[2.3770781,48.8484862]]}},{"type":"Feature","properties":{"axis":"N","value":5410900,"spacing":100,"datum":"etrs89"},"geometry":{"type":"LineString","coordinates":[[2.2121474,48.8483767],[2.2258904,48.8484698],[2.2396334,48.8485613],[2.2533764,48.8486511],[2.2671196,48.8487393],[2.2808628,48.8488258],[2.294606,48.8489107],[2.3083494,48.848994],[2.3220928,48.8490756],[2.3358362,48.8491556],[2.3495798,48.849234],[2.3633233,48.8493107],[2.377067,48.8493858]]}},{"type":"Feature","properties":{"axis":"N","value":5411100,"spacing":100,"datum":"etrs89"},"geometry":{"type":"LineString","coordinates":[[2.2121192,48.8501757],[2.2258626,48.8502688],[2.2396061,48.8503603],[2.2533497,48.8504501],[2.2670933,48.8505383],[2.280837,48.8506249],[2.2945808,48.8507098],[2.3083246,48.8507931],[2.3220685,48.8508747],[2.3358124,48.8509547],[2.3495564,48.851033],[2.3633005,48.8511098],[2.3770446,48.8511848]]}},{"type":"Feature","properties":{"axis":"N","value":5411200,"spacing":100,"datum":"etrs89"},"geometry":{"type":"LineString","coordinates":[[2.2121051,48.8510752],[2.2258488,48.8511683],[2.2395925,48.8512598],[2.2533363,48.8513496],[2.2670802,48.8514378],[2.2808241,48.8515244],[2.2945681,48.8516093],[2.3083122,48.8516926],[2.3220563,48.8517742],[2.3358005,48.8518542],[2.3495448,48.8519326],[2.3632891,48.8520093],[2.3770335,48.8520844]]}},{"type":"Feature","properties":{"axis":"N","value":5411300,"spacing":100,"datum":"etrs89"},"geometry":{"type":"LineString","coordinates":[[2.212091,48.8519747],[2.2258349,48.8520679],[2.2395789,48.8521593],[2.2533229,48.8522492],[2.2670671,48.8523373],[2.2808112,48.8524239],[2.2945555,48.8525088],[2.3082998,48.8525921],[2.3220442,48.8526737],[2.3357886,48.8527537],[2.3495331,48.8528321],[2.3632777,48.8529088],[2.3770223,48.8529839]]}},{"type":"Feature","properties":{"axis":"N","value":5411400,"spacing":100,"datum":"etrs89"},"geometry":{"type":"LineString","coordinates":[[2.2120769,48.8528742],[2.225821,48.8529674],[2.2395653,48.8530588],[2.2533096,48.8531487],[2.2670539,48.8532369],[2.2807984,48.8533234],[2.2945429,48.8534083],[2.3082874,48.8534916],[2.3220321,48.8535733],[2.3357767,48.8536533],[2.3495215,48.8537316],[2.3632663,48.8538083],[2.3770112,48.8538834]]}},{"type":"Feature","properties":{"axis":"N","value":5411500,"spacing":100,"datum":"etrs89"},"geometry":{"type":"LineString","coordinates":[[2.2120627,48.8537737],[2.2258071,48.8538669],[2.2395516,48.8539583],[2.2532962,48.8540482],[2.2670408,48.8541364],[2.2807855,48.8542229],[2.2945302,48.8543078],[2.308275,48.8543911],[2.3220199,48.8544728],[2.3357648,48.8545528],[2.3495098,48.8546311],[2.3632549,48.8547079],[2.377,48.854783]]}},{"type":"Feature","properties":{"axis":"N","value":5411600,"spacing":100,"datum":"etrs89"},"geometry":{"type":"LineString","coordinates":[[2.2120486,48.8546732],[2.2257933,48.8547664],[2.239538,48.8548578],[2.2532828,48.8549477],[2.2670277,48.8550359],[2.2807726,48.8551224],[2.2945176,48.8552074],[2.3082626,48.8552906],[2.3220078,48.8553723],[2.3357529,48.8554523],[2.3494982,48.8555307],[2.3632435,48.8556074],[2.3769888,48.8556825]]}},{"type":"Feature","properties":{"axis":"N","value":5411700,"spacing":100,"datum":"etrs89"},"geometry":{"type":"LineString","coordinates":[[2.2120345,48.8555727],[2.2257794,48.8556659],[2.2395244,48.8557573],[2.2532694,48.8558472],[2.2670145,48.8559354],[2.2807597,48.856022],[2.2945049,48.8561069],[2.3082502,48.8561902],[2.3219956,48.8562718],[2.335741,48.8563518],[2.3494865,48.8564302],[2.3632321,48.8565069],[2.3769777,48.856582]]}},{"type":"Feature","properties":{"axis":"N","value":5411800,"spacing":100,"datum":"etrs89"},"geometry":{"type":"LineString","coordinates":[[2.2120204,48.8564722],[2.2257655,48.8565654],[2.2395108,48.8566568],[2.253256,48.8567467],[2.2670014,48.8568349],[2.2807468,48.8569215],[2.2944923,48.8570064],[2.3082378,48.8570897],[2.3219835,48.8571713],[2.3357291,48.8572514],[2.3494749,48.8573297],[2.3632207,48.8574065],[2.3769665,48.8574816]]}},{"type":"Feature","properties":{"axis":"N","value":5411900,"spacing":100,"datum":"etrs89"},"geometry":{"type":"LineString","coordinates":[[2.2120063,48.8573717],[2.2257517,48.8574649],[2.2394971,48.8575564],[2.2532427,48.8576462],[2.2669883,48.8577344],[2.2807339,48.857821],[2.2944797,48.8579059],[2.3082255,48.8579892],[2.3219713,48.8580709],[2.3357172,48.8581509],[2.3494632,48.8582293],[2.3632092,48.858306],[2.3769553,48.8583811]]}},{"type":"Feature","properties":{"axis":"N","value":5412100,"spacing":100,"datum":"etrs89"},"geometry":{"type":"LineString","coordinates":[[2.211978,48.8591707],[2.2257239,48.8592639],[2.2394699,48.8593554],[2.2532159,48.8594452],[2.266962,48.8595334],[2.2807081,48.85962],[2.2944544,48.8597049],[2.3082007,48.8597882],[2.321947,48.8598699],[2.3356934,48.8599499],[2.3494399,48.8600283],[2.3631864,48.860105],[2.376933,48.8601802]]}},{"type":"Feature","properties":{"axis":"N","value":5412200,"spacing":100,"datum":"etrs89"},"geometry":{"type":"LineString","coordinates":[[2.2119639,48.8600702],[2.22571,48.8601634],[2.2394562,48.8602549],[2.2532025,48.8603447],[2.2669489,48.8604329],[2.2806953,48.8605195],[2.2944417,48.8606045],[2.3081883,48.8606878],[2.3219349,48.8607694],[2.3356815,48.8608494],[2.3494282,48.8609278],[2.363175,48.8610046],[2.3769218,48.8610797]]}},{"type":"Feature","properties":{"axis":"N","value":5412300,"spacing":100,"datum":"etrs89"},"geometry":{"type":"LineString","coordinates":[[2.2119498,48.8609697],[2.2256962,48.8610629],[2.2394426,48.8611544],[2.2531891,48.8612442],[2.2669357,48.8613324],[2.2806824,48.861419],[2.2944291,48.861504],[2.3081759,48.8615873],[2.3219227,48.8616689],[2.3356696,48.861749],[2.3494166,48.8618274],[2.3631636,48.8619041],[2.3769107,48.8619792]]}},{"type":"Feature","properties":{"axis":"N","value":5412400,"spacing":100,"datum":"etrs89"},"geometry":{"type":"LineString","coordinates":[[2.2119357,48.8618692],[2.2256823,48.8619624],[2.239429,48.8620539],[2.2531757,48.8621437],[2.2669226,48.862232],[2.2806695,48.8623185],[2.2944164,48.8624035],[2.3081635,48.8624868],[2.3219106,48.8625685],[2.3356577,48.8626485],[2.3494049,48.8627269],[2.3631522,48.8628036],[2.3768995,48.8628787]]}},{"type":"Feature","properties":{"axis":"N","value":5412500,"spacing":100,"datum":"etrs89"},"geometry":{"type":"LineString","coordinates":[[2.2119215,48.8627687],[2.2256684,48.8628619],[2.2394154,48.8629534],[2.2531624,48.8630432],[2.2669094,48.8631315],[2.2806566,48.8632181],[2.2944038,48.863303],[2.3081511,48.8633863],[2.3218984,48.863468],[2.3356458,48.863548],[2.3493933,48.8636264],[2.3631408,48.8637032],[2.3768883,48.8637783]]}},{"type":"Feature","properties":{"axis":"N","value":5412600,"spacing":100,"datum":"etrs89"},"geometry":{"type":"LineString","coordinates":[[2.2119074,48.8636682],[2.2256545,48.8637614],[2.2394017,48.8638529],[2.253149,48.8639427],[2.2668963,48.864031],[2.2806437,48.8641176],[2.2943911,48.8642025],[2.3081387,48.8642858],[2.3218863,48.8643675],[2.3356339,48.8644475],[2.3493816,48.8645259],[2.3631294,48.8646027],[2.3768772,48.8646778]]}},{"type":"Feature","properties":{"axis":"N","value":5412700,"spacing":100,"datum":"etrs89"},"geometry":{"type":"LineString","coordinates":[[2.2118933,48.8645677],[2.2256407,48.8646609],[2.2393881,48.8647524],[2.2531356,48.8648423],[2.2668832,48.8649305],[2.2806308,48.8650171],[2.2943785,48.865102],[2.3081263,48.8651853],[2.3218741,48.865267],[2.335622,48.8653471],[2.3493699,48.8654255],[2.3631179,48.8655022],[2.376866,48.8655773]]}},{"type":"Feature","properties":{"axis":"N","value":5412800,"spacing":100,"datum":"etrs89"},"geometry":{"type":"LineString","coordinates":[[2.2118792,48.8654672],[2.2256268,48.8655604],[2.2393745,48.8656519],[2.2531222,48.8657418],[2.26687,48.86583],[2.2806179,48.8659166],[2.2943659,48.8660015],[2.3081139,48.8660849],[2.3218619,48.8661665],[2.3356101,48.8662466],[2.3493583,48.866325],[2.3631065,48.8664017],[2.3768548,48.8664769]]}},{"type":"Feature","properties":{"axis":"N","value":5412900,"spacing":100,"datum":"etrs89"},"geometry":{"type":"LineString","coordinates":[[2.211865,48.8663667],[2.2256129,48.8664599],[2.2393608,48.8665514],[2.2531088,48.8666413],[2.2668569,48.8667295],[2.280605,48.8668161],[2.2943532,48.8669011],[2.3081015,48.8669844],[2.3218498,48.8670661],[2.3355982,48.8671461],[2.3493466,48.8672245],[2.3630951,48.8673013],[2.3768437,48.8673764]]}},{"type":"Feature","properties":{"axis":"N","value":5413100,"spacing":100,"datum":"etrs89"},"geometry":{"type":"LineString","coordinates":[[2.2118368,48.8681657],[2.2255851,48.8682589],[2.2393336,48.8683504],[2.253082,48.8684403],[2.2668306,48.8685285],[2.2805792,48.8686151],[2.2943279,48.8687001],[2.3080767,48.8687834],[2.3218255,48.8688651],[2.3355744,48.8689451],[2.3493233,48.8690236],[2.3630723,48.8691003],[2.3768213,48.8691755]]}},{"type":"Feature","properties":{"axis":"N","value":5413200,"spacing":100,"datum":"etrs89"},"geometry":{"type":"LineString","coordinates":[[2.2118227,48.8690652],[2.2255713,48.8691584],[2.2393199,48.8692499],[2.2530687,48.8693398],[2.2668175,48.869428],[2.2805663,48.8695146],[2.2943153,48.8695996],[2.3080643,48.8696829],[2.3218133,48.8697646],[2.3355624,48.8698447],[2.3493116,48.8699231],[2.3630609,48.8699998],[2.3768102,48.870075]]}},{"type":"Feature","properties":{"axis":"N","value":5413300,"spacing":100,"datum":"etrs89"},"geometry":{"type":"LineString","coordinates":[[2.2118085,48.8699647],[2.2255574,48.8700579],[2.2393063,48.8701494],[2.2530553,48.8702393],[2.2668043,48.8703275],[2.2805534,48.8704141],[2.2943026,48.8704991],[2.3080519,48.8705824],[2.3218012,48.8706641],[2.3355505,48.8707442],[2.3493,48.8708226],[2.3630494,48.8708994],[2.376799,48.8709745]]}},{"type":"Feature","properties":{"axis":"N","value":5413400,"spacing":100,"datum":"etrs89"},"geometry":{"type":"LineString","coordinates":[[2.2117944,48.8708642],[2.2255435,48.8709574],[2.2392926,48.8710489],[2.2530419,48.8711388],[2.2667912,48.871227],[2.2805405,48.8713137],[2.29429,48.8713986],[2.3080394,48.871482],[2.321789,48.8715637],[2.3355386,48.8716437],[2.3492883,48.8717221],[2.363038,48.8717989],[2.3767878,48.871874]]}},{"type":"Feature","properties":{"axis":"N","value":5413500,"spacing":100,"datum":"etrs89"},"geometry":{"type":"LineString","coordinates":[[2.2117803,48.8717637],[2.2255296,48.8718569],[2.239279,48.8719484],[2.2530285,48.8720383],[2.266778,48.8721266],[2.2805276,48.8722132],[2.2942773,48.8722981],[2.308027,48.8723815],[2.3217768,48.8724632],[2.3355267,48.8725432],[2.3492766,48.8726216],[2.3630266,48.8726984],[2.3767766,48.8727736]]}},{"type":"Feature","properties":{"axis":"N","value":5413600,"spacing":100,"datum":"etrs89"},"geometry":{"type":"LineString","coordinates":[[2.2117661,48.8726632],[2.2255157,48.8727564],[2.2392654,48.8728479],[2.2530151,48.8729378],[2.2667649,48.8730261],[2.2805147,48.8731127],[2.2942647,48.8731977],[2.3080146,48.873281],[2.3217647,48.8733627],[2.3355148,48.8734428],[2.349265,48.8735212],[2.3630152,48.873598],[2.3767655,48.8736731]]}},{"type":"Feature","properties":{"axis":"N","value":5413700,"spacing":100,"datum":"etrs89"},"geometry":{"type":"LineString","coordinates":[[2.211752,48.8735627],[2.2255018,48.8736559],[2.2392517,48.8737474],[2.2530017,48.8738373],[2.2667517,48.8739256],[2.2805018,48.8740122],[2.294252,48.8740972],[2.3080022,48.8741805],[2.3217525,48.8742622],[2.3355029,48.8743423],[2.3492533,48.8744207],[2.3630038,48.8744975],[2.3767543,48.8745726]]}},{"type":"Feature","properties":{"axis":"N","value":5413800,"spacing":100,"datum":"etrs89"},"geometry":{"type":"LineString","coordinates":[[2.2117379,48.8744622],[2.2254879,48.8745554],[2.2392381,48.8746469],[2.2529883,48.8747368],[2.2667386,48.8748251],[2.2804889,48.8749117],[2.2942393,48.8749967],[2.3079898,48.87508],[2.3217404,48.8751617],[2.335491,48.8752418],[2.3492416,48.8753202],[2.3629923,48.875397],[2.3767431,48.8754721]]}},{"type":"Feature","properties":{"axis":"N","value":5413900,"spacing":100,"datum":"etrs89"},"geometry":{"type":"LineString","coordinates":[[2.2117237,48.8753617],[2.2254741,48.8754549],[2.2392245,48.8755464],[2.2529749,48.8756363],[2.2667254,48.8757246],[2.280476,48.8758112],[2.2942267,48.8758962],[2.3079774,48.8759795],[2.3217282,48.8760612],[2.335479,48.8761413],[2.34923,48.8762197],[2.3629809,48.8762965],[2.3767319,48.8763717]]}},{"type":"Feature","properties":{"axis":"N","value":5414100,"spacing":100,"datum":"etrs89"},"geometry":{"type":"LineString","coordinates":[[2.2116955,48.8771607],[2.2254463,48.8772539],[2.2391972,48.8773454],[2.2529481,48.8774353],[2.2666991,48.8775236],[2.2804502,48.8776102],[2.2942014,48.8776952],[2.3079526,48.8777786],[2.3217039,48.8778603],[2.3354552,48.8779404],[2.3492066,48.8780188],[2.3629581,48.8780956],[2.3767096,48.8781707]]}},{"type":"Feature","properties":{"axis":"N","value":5414200,"spacing":100,"datum":"etrs89"},"geometry":{"type":"LineString","coordinates":[[2.2116813,48.8780602],[2.2254324,48.8781534],[2.2391835,48.8782449],[2.2529347,48.8783348],[2.266686,48.8784231],[2.2804373,48.8785097],[2.2941887,48.8785947],[2.3079402,48.8786781],[2.3216917,48.8787598],[2.3354433,48.8788399],[2.3491949,48.8789183],[2.3629467,48.8789951],[2.3766984,48.8790703]]}},{"type":"Feature","properties":{"axis":"N","value":5414300,"spacing":100,"datum":"etrs89"},"geometry":{"type":"LineString","coordinates":[[2.2116672,48.8789597],[2.2254185,48.8790529],[2.2391699,48.8791444],[2.2529213,48.8792343],[2.2666728,48.8793226],[2.2804244,48.8794092],[2.2941761,48.8794942],[2.3079278,48.8795776],[2.3216796,48.8796593],[2.3354314,48.8797394],[2.3491833,48.8798178],[2.3629352,48.8798946],[2.3766872,48.8799698]]}},{"type":"Feature","properties":{"axis":"N","value":5414400,"spacing":100,"datum":"etrs89"},"geometry":{"type":"LineString","coordinates":[[2.2116531,48.8798592],[2.2254046,48.8799524],[2.2391562,48.8800439],[2.2529079,48.8801338],[2.2666597,48.8802221],[2.2804115,48.8803088],[2.2941634,48.8803938],[2.3079154,48.8804771],[2.3216674,48.8805588],[2.3354195,48.8806389],[2.3491716,48.8807174],[2.3629238,48.8807942],[2.3766761,48.8808693]]}},{"type":"Feature","properties":{"axis":"N","value":5414500,"spacing":100,"datum":"etrs89"},"geometry":{"type":"LineString","coordinates":[[2.2116389,48.8807587],[2.2253907,48.8808519],[2.2391426,48.8809434],[2.2528945,48.8810333],[2.2666465,48.8811216],[2.2803986,48.8812083],[2.2941508,48.8812933],[2.307903,48.8813766],[2.3216552,48.8814584],[2.3354075,48.8815384],[2.3491599,48.8816169],[2.3629124,48.8816937],[2.3766649,48.8817688]]}},{"type":"Feature","properties":{"axis":"N","value":5414600,"spacing":100,"datum":"etrs89"},"geometry":{"type":"LineString","coordinates":[[2.2116248,48.8816582],[2.2253768,48.8817514],[2.239129,48.8818429],[2.2528811,48.8819328],[2.2666334,48.8820211],[2.2803857,48.8821078],[2.2941381,48.8821928],[2.3078905,48.8822761],[2.3216431,48.8823579],[2.3353956,48.882438],[2.3491483,48.8825164],[2.362901,48.8825932],[2.3766537,48.8826684]]}},{"type":"Feature","properties":{"axis":"N","value":5414700,"spacing":100,"datum":"etrs89"},"geometry":{"type":"LineString","coordinates":[[2.2116106,48.8825576],[2.2253629,48.8826509],[2.2391153,48.8827424],[2.2528677,48.8828324],[2.2666202,48.8829206],[2.2803728,48.8830073],[2.2941254,48.8830923],[2.3078781,48.8831757],[2.3216309,48.8832574],[2.3353837,48.8833375],[2.3491366,48.8834159],[2.3628895,48.8834927],[2.3766425,48.8835679]]}},{"type":"Feature","properties":{"axis":"N","value":5414800,"spacing":100,"datum":"etrs89"},"geometry":{"type":"LineString","coordinates":[[2.2115965,48.8834571],[2.225349,48.8835504],[2.2391017,48.8836419],[2.2528543,48.8837319],[2.2666071,48.8838201],[2.2803599,48.8839068],[2.2941128,48.8839918],[2.3078657,48.8840752],[2.3216187,48.8841569],[2.3353718,48.884237],[2.3491249,48.8843154],[2.3628781,48.8843923],[2.3766313,48.8844674]]}},{"type":"Feature","properties":{"axis":"N","value":5414900,"spacing":100,"datum":"etrs89"},"geometry":{"type":"LineString","coordinates":[[2.2115824,48.8843566],[2.2253352,48.8844499],[2.239088,48.8845414],[2.2528409,48.8846314],[2.2665939,48.8847197],[2.280347,48.8848063],[2.2941001,48.8848913],[2.3078533,48.8849747],[2.3216066,48.8850564],[2.3353599,48.8851365],[2.3491132,48.885215],[2.3628667,48.8852918],[2.3766202,48.8853669]]}},{"type":"Feature","properties":{"axis":"N","value":5415100,"spacing":100,"datum":"etrs89"},"geometry":{"type":"LineString","coordinates":[[2.2115541,48.8861556],[2.2253074,48.8862488],[2.2390607,48.8863404],[2.2528141,48.8864304],[2.2665676,48.8865187],[2.2803212,48.8866053],[2.2940748,48.8866903],[2.3078285,48.8867737],[2.3215822,48.8868555],[2.335336,48.8869355],[2.3490899,48.887014],[2.3628438,48.8870908],[2.3765978,48.887166]]}},{"type":"Feature","properties":{"axis":"N","value":5415200,"spacing":100,"datum":"etrs89"},"geometry":{"type":"LineString","coordinates":[[2.2115399,48.8870551],[2.2252935,48.8871483],[2.2390471,48.8872399],[2.2528007,48.8873299],[2.2665545,48.8874182],[2.2803083,48.8875048],[2.2940621,48.8875898],[2.3078161,48.8876732],[2.3215701,48.887755],[2.3353241,48.8878351],[2.3490782,48.8879135],[2.3628324,48.8879903],[2.3765866,48.8880655]]}},{"type":"Feature","properties":{"axis":"N","value":5415300,"spacing":100,"datum":"etrs89"},"geometry":{"type":"LineString","coordinates":[[2.2115258,48.8879546],[2.2252796,48.8880478],[2.2390334,48.8881394],[2.2527873,48.8882294],[2.2665413,48.8883177],[2.2802954,48.8884043],[2.2940495,48.8884894],[2.3078036,48.8885727],[2.3215579,48.8886545],[2.3353122,48.8887346],[2.3490665,48.888813],[2.362821,48.8888899],[2.3765754,48.8889651]]}},{"type":"Feature","properties":{"axis":"N","value":5415400,"spacing":100,"datum":"etrs89"},"geometry":{"type":"LineString","coordinates":[[2.2115117,48.8888541],[2.2252657,48.8889473],[2.2390198,48.8890389],[2.2527739,48.8891289],[2.2665282,48.8892172],[2.2802824,48.8893038],[2.2940368,48.8893889],[2.3077912,48.8894723],[2.3215457,48.889554],[2.3353003,48.8896341],[2.3490549,48.8897126],[2.3628095,48.8897894],[2.3765643,48.8898646]]}},{"type":"Feature","properties":{"axis":"N","value":5415500,"spacing":100,"datum":"etrs89"},"geometry":{"type":"LineString","coordinates":[[2.2114975,48.8897536],[2.2252518,48.8898468],[2.2390061,48.8899384],[2.2527605,48.8900284],[2.266515,48.8901167],[2.2802695,48.8902034],[2.2940241,48.8902884],[2.3077788,48.8903718],[2.3215335,48.8904535],[2.3352883,48.8905336],[2.3490432,48.8906121],[2.3627981,48.8906889],[2.3765531,48.8907641]]}},{"type":"Feature","properties":{"axis":"N","value":5415600,"spacing":100,"datum":"etrs89"},"geometry":{"type":"LineString","coordinates":[[2.2114834,48.8906531],[2.2252379,48.8907463],[2.2389925,48.8908379],[2.2527471,48.8909279],[2.2665018,48.8910162],[2.2802566,48.8911029],[2.2940115,48.8911879],[2.3077664,48.8912713],[2.3215214,48.891353],[2.3352764,48.8914331],[2.3490315,48.8915116],[2.3627867,48.8915884],[2.3765419,48.8916636]]}},{"type":"Feature","properties":{"axis":"N","value":5415700,"spacing":100,"datum":"etrs89"},"geometry":{"type":"LineString","coordinates":[[2.2114692,48.8915526],[2.225224,48.8916458],[2.2389788,48.8917374],[2.2527337,48.8918274],[2.2664887,48.8919157],[2.2802437,48.8920024],[2.2939988,48.8920874],[2.307754,48.8921708],[2.3215092,48.8922525],[2.3352645,48.8923327],[2.3490198,48.8924111],[2.3627752,48.892488],[2.3765307,48.8925632]]}},{"type":"Feature","properties":{"axis":"N","value":5415800,"spacing":100,"datum":"etrs89"},"geometry":{"type":"LineString","coordinates":[[2.2114551,48.8924521],[2.2252101,48.8925453],[2.2389652,48.8926369],[2.2527203,48.8927269],[2.2664755,48.8928152],[2.2802308,48.8929019],[2.2939861,48.8929869],[2.3077416,48.8930703],[2.321497,48.8931521],[2.3352526,48.8932322],[2.3490082,48.8933107],[2.3627638,48.8933875],[2.3765195,48.8934627]]}},{"type":"Feature","properties":{"axis":"N","value":5415900,"spacing":100,"datum":"etrs89"},"geometry":{"type":"LineString","coordinates":[[2.2114409,48.8933516],[2.2251962,48.8934448],[2.2389515,48.8935364],[2.2527069,48.8936264],[2.2664624,48.8937147],[2.2802179,48.8938014],[2.2939735,48.8938864],[2.3077291,48.8939698],[2.3214849,48.8940516],[2.3352406,48.8941317],[2.3489965,48.8942102],[2.3627524,48.894287],[2.3765083,48.8943622]]}},{"type":"Feature","properties":{"axis":"N","value":5416100,"spacing":100,"datum":"etrs89"},"geometry":{"type":"LineString","coordinates":[[2.2114126,48.8951506],[2.2251684,48.8952438],[2.2389242,48.8953354],[2.2526801,48.8954254],[2.266436,48.8955137],[2.2801921,48.8956004],[2.2939481,48.8956854],[2.3077043,48.8957688],[2.3214605,48.8958506],[2.3352168,48.8959307],[2.3489731,48.8960092],[2.3627295,48.8960861],[2.376486,48.8961613]]}},{"type":"Feature","properties":{"axis":"N","value":5416200,"spacing":100,"datum":"etrs89"},"geometry":{"type":"LineString","coordinates":[[2.2113985,48.8960501],[2.2251545,48.8961433],[2.2389105,48.8962349],[2.2526667,48.8963249],[2.2664229,48.8964132],[2.2801791,48.8964999],[2.2939355,48.896585],[2.3076919,48.8966684],[2.3214483,48.8967501],[2.3352048,48.8968302],[2.3489614,48.8969087],[2.3627181,48.8969856],[2.3764748,48.8970608]]}},{"type":"Feature","properties":{"axis":"N","value":5416300,"spacing":100,"datum":"etrs89"},"geometry":{"type":"LineString","coordinates":[[2.2113843,48.8969495],[2.2251406,48.8970428],[2.2388969,48.8971344],[2.2526533,48.8972244],[2.2664097,48.8973127],[2.2801662,48.8973994],[2.2939228,48.8974845],[2.3076794,48.8975679],[2.3214362,48.8976496],[2.3351929,48.8977298],[2.3489497,48.8978083],[2.3627066,48.8978851],[2.3764636,48.8979603]]}},{"type":"Feature","properties":{"axis":"N","value":5416400,"spacing":100,"datum":"etrs89"},"geometry":{"type":"LineString","coordinates":[[2.2113702,48.897849],[2.2251267,48.8979423],[2.2388832,48.8980339],[2.2526399,48.8981239],[2.2663965,48.8982122],[2.2801533,48.8982989],[2.2939101,48.898384],[2.307667,48.8984674],[2.321424,48.8985492],[2.335181,48.8986293],[2.3489381,48.8987078],[2.3626952,48.8987846],[2.3764524,48.8988598]]}},{"type":"Feature","properties":{"axis":"N","value":5416500,"spacing":100,"datum":"etrs89"},"geometry":{"type":"LineString","coordinates":[[2.211356,48.8987485],[2.2251128,48.8988418],[2.2388696,48.8989334],[2.2526264,48.8990234],[2.2663834,48.8991117],[2.2801404,48.8991984],[2.2938975,48.8992835],[2.3076546,48.8993669],[2.3214118,48.8994487],[2.3351691,48.8995288],[2.3489264,48.8996073],[2.3626838,48.8996841],[2.3764412,48.8997593]]}},{"type":"Feature","properties":{"axis":"N","value":5416600,"spacing":100,"datum":"etrs89"},"geometry":{"type":"LineString","coordinates":[[2.2113419,48.899648],[2.2250989,48.8997413],[2.2388559,48.8998329],[2.252613,48.8999229],[2.2663702,48.9000112],[2.2801275,48.9000979],[2.2938848,48.900183],[2.3076422,48.9002664],[2.3213996,48.9003482],[2.3351571,48.9004283],[2.3489147,48.9005068],[2.3626723,48.9005837],[2.37643,48.9006589]]}},{"type":"Feature","properties":{"axis":"N","value":5416700,"spacing":100,"datum":"etrs89"},"geometry":{"type":"LineString","coordinates":[[2.2113277,48.9005475],[2.225085,48.9006408],[2.2388423,48.9007324],[2.2525996,48.9008224],[2.2663571,48.9009107],[2.2801146,48.9009974],[2.2938721,48.9010825],[2.3076298,48.9011659],[2.3213874,48.9012477],[2.3351452,48.9013278],[2.348903,48.9014063],[2.3626609,48.9014832],[2.3764188,48.9015584]]}},{"type":"Feature","properties":{"axis":"N","value":5416800,"spacing":100,"datum":"etrs89"},"geometry":{"type":"LineString","coordinates":[[2.2113136,48.901447],[2.225071,48.9015403],[2.2388286,48.9016319],[2.2525862,48.9017219],[2.2663439,48.9018102],[2.2801016,48.9018969],[2.2938594,48.901982],[2.3076173,48.9020654],[2.3213753,48.9021472],[2.3351333,48.9022273],[2.3488913,48.9023058],[2.3626494,48.9023827],[2.3764076,48.9024579]]}},{"type":"Feature","properties":{"axis":"N","value":5416900,"spacing":100,"datum":"etrs89"},"geometry":{"type":"LineString","coordinates":[[2.2112994,48.9023465],[2.2250571,48.9024398],[2.2388149,48.9025314],[2.2525728,48.9026214],[2.2663307,48.9027097],[2.2800887,48.9027964],[2.2938468,48.9028815],[2.3076049,48.9029649],[2.3213631,48.9030467],[2.3351213,48.9031269],[2.3488796,48.9032054],[2.362638,48.9032822],[2.3763964,48.9033574]]}},{"type":"Feature","properties":{"axis":"N","value":5417100,"spacing":100,"datum":"etrs89"},"geometry":{"type":"LineString","coordinates":[[2.2112711,48.9041455],[2.2250293,48.9042388],[2.2387876,48.9043304],[2.252546,48.9044204],[2.2663044,48.9045087],[2.2800629,48.9045955],[2.2938214,48.9046805],[2.30758,48.904764],[2.3213387,48.9048457],[2.3350975,48.9049259],[2.3488563,48.9050044],[2.3626151,48.9050813],[2.376374,48.9051565]]}},{"type":"Feature","properties":{"axis":"N","value":5417200,"spacing":100,"datum":"etrs89"},"geometry":{"type":"LineString","coordinates":[[2.211257,48.905045],[2.2250154,48.9051383],[2.2387739,48.9052299],[2.2525325,48.9053199],[2.2662912,48.9054082],[2.28005,48.905495],[2.2938088,48.90558],[2.3075676,48.9056635],[2.3213265,48.9057453],[2.3350855,48.9058254],[2.3488446,48.9059039],[2.3626037,48.9059808],[2.3763629,48.906056]]}},{"type":"Feature","properties":{"axis":"N","value":5417300,"spacing":100,"datum":"etrs89"},"geometry":{"type":"LineString","coordinates":[[2.2112428,48.9059445],[2.2250015,48.9060377],[2.2387603,48.9061294],[2.2525191,48.9062194],[2.266278,48.9063078],[2.280037,48.9063945],[2.2937961,48.9064795],[2.3075552,48.906563],[2.3213144,48.9066448],[2.3350736,48.9067249],[2.3488329,48.9068034],[2.3625922,48.9068803],[2.3763517,48.9069555]]}},{"type":"Feature","properties":{"axis":"N","value":5417400,"spacing":100,"datum":"etrs89"},"geometry":{"type":"LineString","coordinates":[[2.2112286,48.906844],[2.2249876,48.9069372],[2.2387466,48.9070289],[2.2525057,48.9071189],[2.2662649,48.9072073],[2.2800241,48.907294],[2.2937834,48.9073791],[2.3075428,48.9074625],[2.3213022,48.9075443],[2.3350617,48.9076244],[2.3488212,48.907703],[2.3625808,48.9077798],[2.3763405,48.9078551]]}},{"type":"Feature","properties":{"axis":"N","value":5417500,"spacing":100,"datum":"etrs89"},"geometry":{"type":"LineString","coordinates":[[2.2112145,48.9077434],[2.2249737,48.9078367],[2.238733,48.9079284],[2.2524923,48.9080184],[2.2662517,48.9081068],[2.2800112,48.9081935],[2.2937707,48.9082786],[2.3075303,48.908362],[2.32129,48.9084438],[2.3350497,48.908524],[2.3488095,48.9086025],[2.3625694,48.9086793],[2.3763293,48.9087546]]}},{"type":"Feature","properties":{"axis":"N","value":5417600,"spacing":100,"datum":"etrs89"},"geometry":{"type":"LineString","coordinates":[[2.2112003,48.9086429],[2.2249598,48.9087362],[2.2387193,48.9088279],[2.2524789,48.9089179],[2.2662385,48.9090063],[2.2799983,48.909093],[2.293758,48.9091781],[2.3075179,48.9092615],[2.3212778,48.9093433],[2.3350378,48.9094235],[2.3487978,48.909502],[2.3625579,48.9095789],[2.3763181,48.9096541]]}},{"type":"Feature","properties":{"axis":"N","value":5417700,"spacing":100,"datum":"etrs89"},"geometry":{"type":"LineString","coordinates":[[2.2111862,48.9095424],[2.2249459,48.9096357],[2.2387056,48.9097274],[2.2524655,48.9098174],[2.2662254,48.9099058],[2.2799853,48.9099925],[2.2937454,48.9100776],[2.3075055,48.910161],[2.3212656,48.9102428],[2.3350259,48.910323],[2.3487861,48.9104015],[2.3625465,48.9104784],[2.3763069,48.9105536]]}},{"type":"Feature","properties":{"axis":"N","value":5417800,"spacing":100,"datum":"etrs89"},"geometry":{"type":"LineString","coordinates":[[2.211172,48.9104419],[2.2249319,48.9105352],[2.238692,48.9106269],[2.252452,48.9107169],[2.2662122,48.9108053],[2.2799724,48.910892],[2.2937327,48.9109771],[2.307493,48.9110605],[2.3212534,48.9111423],[2.3350139,48.9112225],[2.3487744,48.911301],[2.362535,48.9113779],[2.3762957,48.9114531]]}},{"type":"Feature","properties":{"axis":"N","value":5417900,"spacing":100,"datum":"etrs89"},"geometry":{"type":"LineString","coordinates":[[2.2111578,48.9113414],[2.224918,48.9114347],[2.2386783,48.9115264],[2.2524386,48.9116164],[2.266199,48.9117048],[2.2799595,48.9117915],[2.29372,48.9118766],[2.3074806,48.91196],[2.3212413,48.9120419],[2.335002,48.912122],[2.3487628,48.9122005],[2.3625236,48.9122774],[2.3762845,48.9123527]]}}]}