{"type":"FeatureCollection","features":[{"type":"Feature","properties":{"axis":"E","value":544000,"spacing":1000,"datum":"natrf2022"},"geometry":{"type":"LineString","coordinates":[[-122.4151637,47.5549284],[-122.4150636,47.5639258],[-122.4149634,47.5729232],[-122.4148631,47.5819206],[-122.4147629,47.5909179],[-122.4146625,47.5999153],[-122.4145621,47.6089126],[-122.4144617,47.61791],[-122.4143612,47.6269073],[-122.4142607,47.6359046],[-122.4141601,47.6449018],[-122.4140595,47.6538991],[-122.4139588,47.6628964]]}},{"type":"Feature","properties":{"axis":"E","value":545000,"spacing":1000,"datum":"natrf2022"},"geometry":{"type":"LineString","coordinates":[[-122.4018727,47.5548598],[-122.4017703,47.5638572],[-122.4016678,47.5728546],[-122.4015653,47.581852],[-122.4014627,47.5908493],[-122.4013601,47.5998466],[-122.4012575,47.608844],[-122.4011548,47.6178413],[-122.401052,47.6268385],[-122.4009492,47.6358358],[-122.4008463,47.6448331],[-122.4007434,47.6538303],[-122.4006404,47.6628276]]}},{"type":"Feature","properties":{"axis":"E","value":546000,"spacing":1000,"datum":"natrf2022"},"geometry":{"type":"LineString","coordinates":[[-122.3885818,47.5547897],[-122.3884771,47.5637871],[-122.3883723,47.5727845],[-122.3882675,47.5817818],[-122.3881627,47.5907791],[-122.3880578,47.5997764],[-122.3879529,47.6087737],[-122.3878479,47.617771],[-122.3877428,47.6267683],[-122.3876377,47.6357655],[-122.3875326,47.6447628],[-122.3874274,47.65376],[-122.3873221,47.6627572]]}},{"type":"Feature","properties":{"axis":"E","value":547000,"spacing":1000,"datum":"natrf2022"},"geometry":{"type":"LineString","coordinates":[[-122.3752909,47.5547181],[-122.3751839,47.5637155],[-122.3750769,47.5727128],[-122.3749698,47.5817101],[-122.3748627,47.5907074],[-122.3747555,47.5997047],[-122.3746483,47.608702],[-122.374541,47.6176992],[-122.3744337,47.6266965],[-122.3743263,47.6356937],[-122.3742189,47.6446909],[-122.3741114,47.6536881],[-122.3740038,47.6626853]]}},{"type":"Feature","properties":{"axis":"E","value":548000,"spacing":1000,"datum":"natrf2022"},"geometry":{"type":"LineString","coordinates":[[-122.362,47.554645],[-122.3618908,47.5636423],[-122.3617815,47.5726396],[-122.3616721,47.5816369],[-122.3615627,47.5906342],[-122.3614533,47.5996314],[-122.3613438,47.6086287],[-122.3612342,47.6176259],[-122.3611246,47.6266231],[-122.3610149,47.6356203],[-122.3609052,47.6446175],[-122.3607954,47.6536147],[-122.3606856,47.6626119]]}},{"type":"Feature","properties":{"axis":"E","value":549000,"spacing":1000,"datum":"natrf2022"},"geometry":{"type":"LineString","coordinates":[[-122.3487092,47.5545703],[-122.3485977,47.5635676],[-122.3484861,47.5725648],[-122.3483745,47.5815621],[-122.3482628,47.5905594],[-122.3481511,47.5995566],[-122.3480393,47.6085538],[-122.3479275,47.6175511],[-122.3478156,47.6265482],[-122.3477036,47.6355454],[-122.3475916,47.6445426],[-122.3474796,47.6535398],[-122.3473675,47.6625369]]}},{"type":"Feature","properties":{"axis":"E","value":550000,"spacing":1000,"datum":"natrf2022"},"geometry":{"type":"LineString","coordinates":[[-122.3354185,47.554494],[-122.3353047,47.5634913],[-122.3351909,47.5724885],[-122.335077,47.5814858],[-122.334963,47.590483],[-122.334849,47.5994802],[-122.3347349,47.6084775],[-122.3346208,47.6174746],[-122.3345066,47.6264718],[-122.3343924,47.635469],[-122.3342781,47.6444661],[-122.3341637,47.6534633],[-122.3340493,47.6624604]]}},{"type":"Feature","properties":{"axis":"E","value":551000,"spacing":1000,"datum":"natrf2022"},"geometry":{"type":"LineString","coordinates":[[-122.3221278,47.5544162],[-122.3220117,47.5634135],[-122.3218956,47.5724107],[-122.3217794,47.5814079],[-122.3216632,47.5904051],[-122.3215469,47.5994023],[-122.3214306,47.6083995],[-122.3213142,47.6173967],[-122.3211977,47.6263938],[-122.3210812,47.635391],[-122.3209646,47.6443881],[-122.320848,47.6533852],[-122.3207313,47.6623823]]}},{"type":"Feature","properties":{"axis":"E","value":552000,"spacing":1000,"datum":"natrf2022"},"geometry":{"type":"LineString","coordinates":[[-122.3088372,47.5543369],[-122.3087188,47.5633341],[-122.3086004,47.5723313],[-122.308482,47.5813285],[-122.3083635,47.5903257],[-122.3082449,47.5993229],[-122.3081263,47.60832],[-122.3080076,47.6173172],[-122.3078888,47.6263143],[-122.30777,47.6353114],[-122.3076512,47.6443085],[-122.3075323,47.6533056],[-122.3074133,47.6623027]]}},{"type":"Feature","properties":{"axis":"E","value":553000,"spacing":1000,"datum":"natrf2022"},"geometry":{"type":"LineString","coordinates":[[-122.2955466,47.554256],[-122.295426,47.5632532],[-122.2953053,47.5722504],[-122.2951846,47.5812476],[-122.2950638,47.5902448],[-122.2949429,47.5992419],[-122.294822,47.608239],[-122.2947011,47.6172361],[-122.29458,47.6262332],[-122.294459,47.6352303],[-122.2943378,47.6442274],[-122.2942166,47.6532245],[-122.2940953,47.6622215]]}},{"type":"Feature","properties":{"axis":"E","value":554000,"spacing":1000,"datum":"natrf2022"},"geometry":{"type":"LineString","coordinates":[[-122.2822561,47.5541736],[-122.2821332,47.5631708],[-122.2820103,47.572168],[-122.2818873,47.5811651],[-122.2817642,47.5901623],[-122.2816411,47.5991594],[-122.2815179,47.6081565],[-122.2813946,47.6171536],[-122.2812713,47.6261506],[-122.2811479,47.6351477],[-122.2810245,47.6441447],[-122.280901,47.6531418],[-122.2807775,47.6621388]]}},{"type":"Feature","properties":{"axis":"E","value":555000,"spacing":1000,"datum":"natrf2022"},"geometry":{"type":"LineString","coordinates":[[-122.2689657,47.5540897],[-122.2688405,47.5630868],[-122.2687153,47.572084],[-122.26859,47.5810811],[-122.2684646,47.5900782],[-122.2683392,47.5990753],[-122.2682137,47.6080724],[-122.2680882,47.6170694],[-122.2679626,47.6260665],[-122.267837,47.6350635],[-122.2677113,47.6440605],[-122.2675855,47.6530575],[-122.2674596,47.6620545]]}},{"type":"Feature","properties":{"axis":"E","value":556000,"spacing":1000,"datum":"natrf2022"},"geometry":{"type":"LineString","coordinates":[[-122.2556753,47.5540042],[-122.2555478,47.5630013],[-122.2554203,47.5719984],[-122.2552928,47.5809955],[-122.2551651,47.5899926],[-122.2550374,47.5989897],[-122.2549097,47.6079867],[-122.2547819,47.6169838],[-122.254654,47.6259808],[-122.2545261,47.6349778],[-122.2543981,47.6439748],[-122.25427,47.6529718],[-122.2541419,47.6619687]]}},{"type":"Feature","properties":{"axis":"N","value":5267000,"spacing":1000,"datum":"natrf2022"},"geometry":{"type":"LineString","coordinates":[[-122.4151637,47.5549284],[-122.4018727,47.5548598],[-122.3885818,47.5547897],[-122.3752909,47.5547181],[-122.362,47.554645],[-122.3487092,47.5545703],[-122.3354185,47.554494],[-122.3221278,47.5544162],[-122.3088372,47.5543369],[-122.2955466,47.554256],[-122.2822561,47.5541736],[-122.2689657,47.5540897],[-122.2556753,47.5540042]]}},{"type":"Feature","properties":{"axis":"N","value":5268000,"spacing":1000,"datum":"natrf2022"},"geometry":{"type":"LineString","coordinates":[[-122.4150636,47.5639258],[-122.4017703,47.5638572],[-122.3884771,47.5637871],[-122.3751839,47.5637155],[-122.3618908,47.5636423],[-122.3485977,47.5635676],[-122.3353047,47.5634913],[-122.3220117,47.5634135],[-122.3087188,47.5633341],[-122.295426,47.5632532],[-122.2821332,47.5631708],[-122.2688405,47.5630868],[-122.2555478,47.5630013]]}},{"type":"Feature","properties":{"axis":"N","value":5269000,"spacing":1000,"datum":"natrf2022"},"geometry":{"type":"LineString","coordinates":[[-122.4149634,47.5729232],[-122.4016678,47.5728546],[-122.3883723,47.5727845],[-122.3750769,47.5727128],[-122.3617815,47.5726396],[-122.3484861,47.5725648],[-122.3351909,47.5724885],[-122.3218956,47.5724107],[-122.3086004,47.5723313],[-122.2953053,47.5722504],[-122.2820103,47.572168],[-122.2687153,47.572084],[-122.2554203,47.5719984]]}},{"type":"Feature","properties":{"axis":"N","value":5270000,"spacing":1000,"datum":"natrf2022"},"geometry":{"type":"LineString","coordinates":[[-122.4148631,47.5819206],[-122.4015653,47.581852],[-122.3882675,47.5817818],[-122.3749698,47.5817101],[-122.3616721,47.5816369],[-122.3483745,47.5815621],[-122.335077,47.5814858],[-122.3217794,47.5814079],[-122.308482,47.5813285],[-122.2951846,47.5812476],[-122.2818873,47.5811651],[-122.26859,47.5810811],[-122.2552928,47.5809955]]}},{"type":"Feature","properties":{"axis":"N","value":5271000,"spacing":1000,"datum":"natrf2022"},"geometry":{"type":"LineString","coordinates":[[-122.4147629,47.5909179],[-122.4014627,47.5908493],[-122.3881627,47.5907791],[-122.3748627,47.5907074],[-122.3615627,47.5906342],[-122.3482628,47.5905594],[-122.334963,47.590483],[-122.3216632,47.5904051],[-122.3083635,47.5903257],[-122.2950638,47.5902448],[-122.2817642,47.5901623],[-122.2684646,47.5900782],[-122.2551651,47.5899926]]}},{"type":"Feature","properties":{"axis":"N","value":5272000,"spacing":1000,"datum":"natrf2022"},"geometry":{"type":"LineString","coordinates":[[-122.4146625,47.5999153],[-122.4013601,47.5998466],[-122.3880578,47.5997764],[-122.3747555,47.5997047],[-122.3614533,47.5996314],[-122.3481511,47.5995566],[-122.334849,47.5994802],[-122.3215469,47.5994023],[-122.3082449,47.5993229],[-122.2949429,47.5992419],[-122.2816411,47.5991594],[-122.2683392,47.5990753],[-122.2550374,47.5989897]]}},{"type":"Feature","properties":{"axis":"N","value":5273000,"spacing":1000,"datum":"natrf2022"},"geometry":{"type":"LineString","coordinates":[[-122.4145621,47.6089126],[-122.4012575,47.608844],[-122.3879529,47.6087737],[-122.3746483,47.608702],[-122.3613438,47.6086287],[-122.3480393,47.6085538],[-122.3347349,47.6084775],[-122.3214306,47.6083995],[-122.3081263,47.60832],[-122.294822,47.608239],[-122.2815179,47.6081565],[-122.2682137,47.6080724],[-122.2549097,47.6079867]]}},{"type":"Feature","properties":{"axis":"N","value":5274000,"spacing":1000,"datum":"natrf2022"},"geometry":{"type":"LineString","coordinates":[[-122.4144617,47.61791],[-122.4011548,47.6178413],[-122.3878479,47.617771],[-122.374541,47.6176992],[-122.3612342,47.6176259],[-122.3479275,47.6175511],[-122.3346208,47.6174746],[-122.3213142,47.6173967],[-122.3080076,47.6173172],[-122.2947011,47.6172361],[-122.2813946,47.6171536],[-122.2680882,47.6170694],[-122.2547819,47.6169838]]}},{"type":"Feature","properties":{"axis":"N","value":5275000,"spacing":1000,"datum":"natrf2022"},"geometry":{"type":"LineString","coordinates":[[-122.4143612,47.6269073],[-122.401052,47.6268385],[-122.3877428,47.6267683],[-122.3744337,47.6266965],[-122.3611246,47.6266231],[-122.3478156,47.6265482],[-122.3345066,47.6264718],[-122.3211977,47.6263938],[-122.3078888,47.6263143],[-122.29458,47.6262332],[-122.2812713,47.6261506],[-122.2679626,47.6260665],[-122.254654,47.6259808]]}},{"type":"Feature","properties":{"axis":"N","value":5276000,"spacing":1000,"datum":"natrf2022"},"geometry":{"type":"LineString","coordinates":[[-122.4142607,47.6359046],[-122.4009492,47.6358358],[-122.3876377,47.6357655],[-122.3743263,47.6356937],[-122.3610149,47.6356203],[-122.3477036,47.6355454],[-122.3343924,47.635469],[-122.3210812,47.635391],[-122.30777,47.6353114],[-122.294459,47.6352303],[-122.2811479,47.6351477],[-122.267837,47.6350635],[-122.2545261,47.6349778]]}},{"type":"Feature","properties":{"axis":"N","value":5277000,"spacing":1000,"datum":"natrf2022"},"geometry":{"type":"LineString","coordinates":[[-122.4141601,47.6449018],[-122.4008463,47.6448331],[-122.3875326,47.6447628],[-122.3742189,47.6446909],[-122.3609052,47.6446175],[-122.3475916,47.6445426],[-122.3342781,47.6444661],[-122.3209646,47.6443881],[-122.3076512,47.6443085],[-122.2943378,47.6442274],[-122.2810245,47.6441447],[-122.2677113,47.6440605],[-122.2543981,47.6439748]]}},{"type":"Feature","properties":{"axis":"N","value":5278000,"spacing":1000,"datum":"natrf2022"},"geometry":{"type":"LineString","coordinates":[[-122.4140595,47.6538991],[-122.4007434,47.6538303],[-122.3874274,47.65376],[-122.3741114,47.6536881],[-122.3607954,47.6536147],[-122.3474796,47.6535398],[-122.3341637,47.6534633],[-122.320848,47.6533852],[-122.3075323,47.6533056],[-122.2942166,47.6532245],[-122.280901,47.6531418],[-122.2675855,47.6530575],[-122.25427,47.6529718]]}},{"type":"Feature","properties":{"axis":"N","value":5279000,"spacing":1000,"datum":"natrf2022"},"geometry":{"type":"LineString","coordinates":[[-122.4139588,47.6628964],[-122.4006404,47.6628276],[-122.3873221,47.6627572],[-122.3740038,47.6626853],[-122.3606856,47.6626119],[-122.3473675,47.6625369],[-122.3340493,47.6624604],[-122.3207313,47.6623823],[-122.3074133,47.6623027],[-122.2940953,47.6622215],[-122.2807775,47.6621388],[-122.2674596,47.6620545],[-122.2541419,47.6619687]]}},{"type":"Feature","properties":{"axis":"E","value":544100,"spacing":100,"datum":"natrf2022"},"geometry":{"type":"LineString","coordinates":[[-122.4138346,47.5549216],[-122.4137342,47.563919],[-122.4136338,47.5729164],[-122.4135334,47.5819138],[-122.4134328,47.5909111],[-122.4133323,47.5999085],[-122.4132317,47.6089058],[-122.413131,47.6179032],[-122.4130303,47.6269005],[-122.4129295,47.6358978],[-122.4128287,47.644895],[-122.4127279,47.6538923],[-122.412627,47.6628896]]}},{"type":"Feature","properties":{"axis":"E","value":544200,"spacing":100,"datum":"natrf2022"},"geometry":{"type":"LineString","coordinates":[[-122.4125055,47.5549148],[-122.4124049,47.5639122],[-122.4123043,47.5729096],[-122.4122036,47.581907],[-122.4121028,47.5909043],[-122.412002,47.5999017],[-122.4119012,47.608899],[-122.4118003,47.6178963],[-122.4116994,47.6268936],[-122.4115984,47.6358909],[-122.4114974,47.6448882],[-122.4113963,47.6538855],[-122.4112951,47.6628827]]}},{"type":"Feature","properties":{"axis":"E","value":544300,"spacing":100,"datum":"natrf2022"},"geometry":{"type":"LineString","coordinates":[[-122.4111764,47.554908],[-122.4110756,47.5639054],[-122.4109747,47.5729028],[-122.4108738,47.5819001],[-122.4107728,47.5908975],[-122.4106718,47.5998949],[-122.4105707,47.6088922],[-122.4104696,47.6178895],[-122.4103684,47.6268868],[-122.4102672,47.6358841],[-122.410166,47.6448814],[-122.4100647,47.6538786],[-122.4099633,47.6628759]]}},{"type":"Feature","properties":{"axis":"E","value":544400,"spacing":100,"datum":"natrf2022"},"geometry":{"type":"LineString","coordinates":[[-122.4098473,47.5549011],[-122.4097462,47.5638985],[-122.4096451,47.5728959],[-122.409544,47.5818933],[-122.4094428,47.5908907],[-122.4093416,47.599888],[-122.4092403,47.6088853],[-122.4091389,47.6178827],[-122.4090375,47.62688],[-122.4089361,47.6358773],[-122.4088346,47.6448745],[-122.408733,47.6538718],[-122.4086315,47.662869]]}},{"type":"Feature","properties":{"axis":"E","value":544500,"spacing":100,"datum":"natrf2022"},"geometry":{"type":"LineString","coordinates":[[-122.4085182,47.5548943],[-122.4084169,47.5638917],[-122.4083156,47.5728891],[-122.4082142,47.5818865],[-122.4081128,47.5908838],[-122.4080113,47.5998812],[-122.4079098,47.6088785],[-122.4078082,47.6178758],[-122.4077066,47.6268731],[-122.4076049,47.6358704],[-122.4075032,47.6448677],[-122.4074014,47.6538649],[-122.4072996,47.6628622]]}},{"type":"Feature","properties":{"axis":"E","value":544600,"spacing":100,"datum":"natrf2022"},"geometry":{"type":"LineString","coordinates":[[-122.4071891,47.5548874],[-122.4070876,47.5638848],[-122.406986,47.5728822],[-122.4068844,47.5818796],[-122.4067828,47.5908769],[-122.4066811,47.5998743],[-122.4065793,47.6088716],[-122.4064775,47.6178689],[-122.4063757,47.6268662],[-122.4062738,47.6358635],[-122.4061718,47.6448608],[-122.4060698,47.653858],[-122.4059678,47.6628553]]}},{"type":"Feature","properties":{"axis":"E","value":544700,"spacing":100,"datum":"natrf2022"},"geometry":{"type":"LineString","coordinates":[[-122.40586,47.5548806],[-122.4057583,47.5638779],[-122.4056565,47.5728753],[-122.4055547,47.5818727],[-122.4054528,47.5908701],[-122.4053508,47.5998674],[-122.4052489,47.6088647],[-122.4051468,47.617862],[-122.4050448,47.6268593],[-122.4049426,47.6358566],[-122.4048405,47.6448539],[-122.4047382,47.6538511],[-122.4046359,47.6628484]]}},{"type":"Feature","properties":{"axis":"E","value":544800,"spacing":100,"datum":"natrf2022"},"geometry":{"type":"LineString","coordinates":[[-122.4045309,47.5548737],[-122.4044289,47.5638711],[-122.4043269,47.5728684],[-122.4042249,47.5818658],[-122.4041228,47.5908632],[-122.4040206,47.5998605],[-122.4039184,47.6088578],[-122.4038161,47.6178551],[-122.4037138,47.6268524],[-122.4036115,47.6358497],[-122.4035091,47.644847],[-122.4034066,47.6538442],[-122.4033041,47.6628414]]}},{"type":"Feature","properties":{"axis":"E","value":544900,"spacing":100,"datum":"natrf2022"},"geometry":{"type":"LineString","coordinates":[[-122.4032018,47.5548668],[-122.4030996,47.5638641],[-122.4029974,47.5728615],[-122.4028951,47.5818589],[-122.4027928,47.5908562],[-122.4026904,47.5998536],[-122.4025879,47.6088509],[-122.4024854,47.6178482],[-122.4023829,47.6268455],[-122.4022803,47.6358428],[-122.4021777,47.64484],[-122.402075,47.6538373],[-122.4019723,47.6628345]]}},{"type":"Feature","properties":{"axis":"E","value":545100,"spacing":100,"datum":"natrf2022"},"geometry":{"type":"LineString","coordinates":[[-122.4005436,47.5548529],[-122.400441,47.5638503],[-122.4003383,47.5728477],[-122.4002355,47.581845],[-122.4001327,47.5908424],[-122.4000299,47.5998397],[-122.399927,47.608837],[-122.3998241,47.6178343],[-122.3997211,47.6268316],[-122.399618,47.6358289],[-122.3995149,47.6448261],[-122.3994118,47.6538234],[-122.3993086,47.6628206]]}},{"type":"Feature","properties":{"axis":"E","value":545200,"spacing":100,"datum":"natrf2022"},"geometry":{"type":"LineString","coordinates":[[-122.3992145,47.5548459],[-122.3991116,47.5638433],[-122.3990087,47.5728407],[-122.3989058,47.581838],[-122.3988027,47.5908354],[-122.3986997,47.5998327],[-122.3985965,47.60883],[-122.3984934,47.6178273],[-122.3983902,47.6268246],[-122.3982869,47.6358219],[-122.3981836,47.6448191],[-122.3980802,47.6538164],[-122.3979768,47.6628136]]}},{"type":"Feature","properties":{"axis":"E","value":545300,"spacing":100,"datum":"natrf2022"},"geometry":{"type":"LineString","coordinates":[[-122.3978854,47.554839],[-122.3977823,47.5638363],[-122.3976792,47.5728337],[-122.397576,47.5818311],[-122.3974727,47.5908284],[-122.3973694,47.5998257],[-122.3972661,47.6088231],[-122.3971627,47.6178203],[-122.3970592,47.6268176],[-122.3969557,47.6358149],[-122.3968522,47.6448122],[-122.3967486,47.6538094],[-122.3966449,47.6628066]]}},{"type":"Feature","properties":{"axis":"E","value":545400,"spacing":100,"datum":"natrf2022"},"geometry":{"type":"LineString","coordinates":[[-122.3965563,47.554832],[-122.396453,47.5638294],[-122.3963496,47.5728267],[-122.3962462,47.5818241],[-122.3961427,47.5908214],[-122.3960392,47.5998187],[-122.3959356,47.6088161],[-122.395832,47.6178133],[-122.3957283,47.6268106],[-122.3956246,47.6358079],[-122.3955208,47.6448051],[-122.395417,47.6538024],[-122.3953131,47.6627996]]}},{"type":"Feature","properties":{"axis":"E","value":545500,"spacing":100,"datum":"natrf2022"},"geometry":{"type":"LineString","coordinates":[[-122.3952272,47.554825],[-122.3951237,47.5638224],[-122.3950201,47.5728197],[-122.3949164,47.5818171],[-122.3948127,47.5908144],[-122.394709,47.5998117],[-122.3946052,47.608809],[-122.3945013,47.6178063],[-122.3943974,47.6268036],[-122.3942934,47.6358009],[-122.3941894,47.6447981],[-122.3940854,47.6537954],[-122.3939813,47.6627926]]}},{"type":"Feature","properties":{"axis":"E","value":545600,"spacing":100,"datum":"natrf2022"},"geometry":{"type":"LineString","coordinates":[[-122.3938981,47.554818],[-122.3937943,47.5638153],[-122.3936905,47.5728127],[-122.3935866,47.5818101],[-122.3934827,47.5908074],[-122.3933787,47.5998047],[-122.3932747,47.608802],[-122.3931706,47.6177993],[-122.3930665,47.6267966],[-122.3929623,47.6357938],[-122.3928581,47.6447911],[-122.3927538,47.6537883],[-122.3926494,47.6627855]]}},{"type":"Feature","properties":{"axis":"E","value":545700,"spacing":100,"datum":"natrf2022"},"geometry":{"type":"LineString","coordinates":[[-122.392569,47.5548109],[-122.392465,47.5638083],[-122.392361,47.5728057],[-122.3922569,47.581803],[-122.3921527,47.5908003],[-122.3920485,47.5997977],[-122.3919442,47.608795],[-122.3918399,47.6177923],[-122.3917356,47.6267895],[-122.3916311,47.6357868],[-122.3915267,47.644784],[-122.3914222,47.6537813],[-122.3913176,47.6627785]]}},{"type":"Feature","properties":{"axis":"E","value":545800,"spacing":100,"datum":"natrf2022"},"geometry":{"type":"LineString","coordinates":[[-122.3912399,47.5548039],[-122.3911357,47.5638013],[-122.3910314,47.5727986],[-122.3909271,47.581796],[-122.3908227,47.5907933],[-122.3907183,47.5997906],[-122.3906138,47.6087879],[-122.3905092,47.6177852],[-122.3904046,47.6267825],[-122.3903,47.6357797],[-122.3901953,47.644777],[-122.3900906,47.6537742],[-122.3899858,47.6627714]]}},{"type":"Feature","properties":{"axis":"E","value":545900,"spacing":100,"datum":"natrf2022"},"geometry":{"type":"LineString","coordinates":[[-122.3899108,47.5547968],[-122.3898064,47.5637942],[-122.3897019,47.5727915],[-122.3895973,47.5817889],[-122.3894927,47.5907862],[-122.389388,47.5997835],[-122.3892833,47.6087808],[-122.3891785,47.6177781],[-122.3890737,47.6267754],[-122.3889689,47.6357726],[-122.3888639,47.6447699],[-122.388759,47.6537671],[-122.3886539,47.6627643]]}},{"type":"Feature","properties":{"axis":"E","value":546100,"spacing":100,"datum":"natrf2022"},"geometry":{"type":"LineString","coordinates":[[-122.3872527,47.5547827],[-122.3871477,47.56378],[-122.3870428,47.5727774],[-122.3869378,47.5817747],[-122.3868327,47.590772],[-122.3867276,47.5997693],[-122.3866224,47.6087666],[-122.3865172,47.6177639],[-122.3864119,47.6267612],[-122.3863066,47.6357584],[-122.3862012,47.6447557],[-122.3860958,47.6537529],[-122.3859903,47.6627501]]}},{"type":"Feature","properties":{"axis":"E","value":546200,"spacing":100,"datum":"natrf2022"},"geometry":{"type":"LineString","coordinates":[[-122.3859236,47.5547755],[-122.3858184,47.5637729],[-122.3857132,47.5727703],[-122.385608,47.5817676],[-122.3855027,47.5907649],[-122.3853973,47.5997622],[-122.3852919,47.6087595],[-122.3851865,47.6177568],[-122.385081,47.6267541],[-122.3849754,47.6357513],[-122.3848698,47.6447485],[-122.3847642,47.6537458],[-122.3846585,47.662743]]}},{"type":"Feature","properties":{"axis":"E","value":546300,"spacing":100,"datum":"natrf2022"},"geometry":{"type":"LineString","coordinates":[[-122.3845945,47.5547684],[-122.3844891,47.5637658],[-122.3843837,47.5727631],[-122.3842782,47.5817605],[-122.3841727,47.5907578],[-122.3840671,47.5997551],[-122.3839615,47.6087524],[-122.3838558,47.6177496],[-122.3837501,47.6267469],[-122.3836443,47.6357442],[-122.3835385,47.6447414],[-122.3834326,47.6537386],[-122.3833266,47.6627358]]}},{"type":"Feature","properties":{"axis":"E","value":546400,"spacing":100,"datum":"natrf2022"},"geometry":{"type":"LineString","coordinates":[[-122.3832654,47.5547613],[-122.3831598,47.5637586],[-122.3830541,47.572756],[-122.3829484,47.5817533],[-122.3828427,47.5907506],[-122.3827369,47.5997479],[-122.382631,47.6087452],[-122.3825251,47.6177425],[-122.3824192,47.6267398],[-122.3823131,47.635737],[-122.3822071,47.6447342],[-122.382101,47.6537314],[-122.3819948,47.6627286]]}},{"type":"Feature","properties":{"axis":"E","value":546500,"spacing":100,"datum":"natrf2022"},"geometry":{"type":"LineString","coordinates":[[-122.3819363,47.5547541],[-122.3818305,47.5637515],[-122.3817246,47.5727488],[-122.3816187,47.5817462],[-122.3815127,47.5907435],[-122.3814067,47.5997408],[-122.3813006,47.6087381],[-122.3811944,47.6177353],[-122.3810882,47.6267326],[-122.380982,47.6357298],[-122.3808757,47.6447271],[-122.3807694,47.6537243],[-122.380663,47.6627215]]}},{"type":"Feature","properties":{"axis":"E","value":546600,"spacing":100,"datum":"natrf2022"},"geometry":{"type":"LineString","coordinates":[[-122.3806072,47.554747],[-122.3805012,47.5637443],[-122.3803951,47.5727417],[-122.3802889,47.581739],[-122.3801827,47.5907363],[-122.3800764,47.5997336],[-122.3799701,47.6087309],[-122.3798637,47.6177281],[-122.3797573,47.6267254],[-122.3796509,47.6357226],[-122.3795443,47.6447199],[-122.3794378,47.6537171],[-122.3793311,47.6627143]]}},{"type":"Feature","properties":{"axis":"E","value":546700,"spacing":100,"datum":"natrf2022"},"geometry":{"type":"LineString","coordinates":[[-122.3792781,47.5547398],[-122.3791718,47.5637371],[-122.3790655,47.5727345],[-122.3789591,47.5817318],[-122.3788527,47.5907291],[-122.3787462,47.5997264],[-122.3786397,47.6087237],[-122.3785331,47.6177209],[-122.3784264,47.6267182],[-122.3783197,47.6357154],[-122.378213,47.6447127],[-122.3781062,47.6537099],[-122.3779993,47.6627071]]}},{"type":"Feature","properties":{"axis":"E","value":546800,"spacing":100,"datum":"natrf2022"},"geometry":{"type":"LineString","coordinates":[[-122.377949,47.5547326],[-122.3778425,47.5637299],[-122.377736,47.5727273],[-122.3776294,47.5817246],[-122.3775227,47.5907219],[-122.377416,47.5997192],[-122.3773092,47.6087165],[-122.3772024,47.6177137],[-122.3770955,47.626711],[-122.3769886,47.6357082],[-122.3768816,47.6447054],[-122.3767746,47.6537026],[-122.3766675,47.6626998]]}},{"type":"Feature","properties":{"axis":"E","value":546900,"spacing":100,"datum":"natrf2022"},"geometry":{"type":"LineString","coordinates":[[-122.3766199,47.5547254],[-122.3765132,47.5637227],[-122.3764064,47.57272],[-122.3762996,47.5817174],[-122.3761927,47.5907147],[-122.3760857,47.599712],[-122.3759787,47.6087092],[-122.3758717,47.6177065],[-122.3757646,47.6267037],[-122.3756574,47.635701],[-122.3755502,47.6446982],[-122.375443,47.6536954],[-122.3753357,47.6626926]]}},{"type":"Feature","properties":{"axis":"E","value":547100,"spacing":100,"datum":"natrf2022"},"geometry":{"type":"LineString","coordinates":[[-122.3739618,47.5547109],[-122.3738546,47.5637082],[-122.3737473,47.5727055],[-122.37364,47.5817029],[-122.3735327,47.5907002],[-122.3734253,47.5996974],[-122.3733178,47.6086947],[-122.3732103,47.617692],[-122.3731028,47.6266892],[-122.3729952,47.6356865],[-122.3728875,47.6446837],[-122.3727798,47.6536809],[-122.372672,47.6626781]]}},{"type":"Feature","properties":{"axis":"E","value":547200,"spacing":100,"datum":"natrf2022"},"geometry":{"type":"LineString","coordinates":[[-122.3726327,47.5547036],[-122.3725253,47.563701],[-122.3724178,47.5726983],[-122.3723103,47.5816956],[-122.3722027,47.5906929],[-122.3720951,47.5996902],[-122.3719874,47.6086874],[-122.3718796,47.6176847],[-122.3717719,47.6266819],[-122.371664,47.6356792],[-122.3715561,47.6446764],[-122.3714482,47.6536736],[-122.3713402,47.6626708]]}},{"type":"Feature","properties":{"axis":"E","value":547300,"spacing":100,"datum":"natrf2022"},"geometry":{"type":"LineString","coordinates":[[-122.3713036,47.5546963],[-122.371196,47.5636937],[-122.3710883,47.572691],[-122.3709805,47.5816883],[-122.3708727,47.5906856],[-122.3707648,47.5996829],[-122.3706569,47.6086802],[-122.370549,47.6176774],[-122.370441,47.6266746],[-122.3703329,47.6356719],[-122.3702248,47.6446691],[-122.3701166,47.6536663],[-122.3700084,47.6626635]]}},{"type":"Feature","properties":{"axis":"E","value":547400,"spacing":100,"datum":"natrf2022"},"geometry":{"type":"LineString","coordinates":[[-122.3699745,47.554689],[-122.3698666,47.5636864],[-122.3697587,47.5726837],[-122.3696507,47.581681],[-122.3695427,47.5906783],[-122.3694346,47.5996756],[-122.3693265,47.6086728],[-122.3692183,47.6176701],[-122.36911,47.6266673],[-122.3690018,47.6356646],[-122.3688934,47.6446618],[-122.368785,47.653659],[-122.3686765,47.6626561]]}},{"type":"Feature","properties":{"axis":"E","value":547500,"spacing":100,"datum":"natrf2022"},"geometry":{"type":"LineString","coordinates":[[-122.3686454,47.5546817],[-122.3685373,47.5636791],[-122.3684292,47.5726764],[-122.368321,47.5816737],[-122.3682127,47.590671],[-122.3681044,47.5996683],[-122.367996,47.6086655],[-122.3678876,47.6176628],[-122.3677791,47.62666],[-122.3676706,47.6356572],[-122.367562,47.6446544],[-122.3674534,47.6536516],[-122.3673447,47.6626488]]}},{"type":"Feature","properties":{"axis":"E","value":547600,"spacing":100,"datum":"natrf2022"},"geometry":{"type":"LineString","coordinates":[[-122.3673163,47.5546744],[-122.367208,47.5636717],[-122.3670996,47.5726691],[-122.3669912,47.5816664],[-122.3668827,47.5906637],[-122.3667742,47.5996609],[-122.3666656,47.6086582],[-122.3665569,47.6176554],[-122.3664482,47.6266527],[-122.3663395,47.6356499],[-122.3662307,47.6446471],[-122.3661218,47.6536443],[-122.3660129,47.6626414]]}},{"type":"Feature","properties":{"axis":"E","value":547700,"spacing":100,"datum":"natrf2022"},"geometry":{"type":"LineString","coordinates":[[-122.3659873,47.5546671],[-122.3658787,47.5636644],[-122.3657701,47.5726617],[-122.3656614,47.581659],[-122.3655527,47.5906563],[-122.3654439,47.5996536],[-122.3653351,47.6086508],[-122.3652263,47.6176481],[-122.3651173,47.6266453],[-122.3650083,47.6356425],[-122.3648993,47.6446397],[-122.3647902,47.6536369],[-122.3646811,47.6626341]]}},{"type":"Feature","properties":{"axis":"E","value":547800,"spacing":100,"datum":"natrf2022"},"geometry":{"type":"LineString","coordinates":[[-122.3646582,47.5546597],[-122.3645494,47.563657],[-122.3644406,47.5726544],[-122.3643317,47.5816517],[-122.3642227,47.5906489],[-122.3641137,47.5996462],[-122.3640047,47.6086435],[-122.3638956,47.6176407],[-122.3637864,47.6266379],[-122.3636772,47.6356351],[-122.3635679,47.6446323],[-122.3634586,47.6536295],[-122.3633493,47.6626267]]}},{"type":"Feature","properties":{"axis":"E","value":547900,"spacing":100,"datum":"natrf2022"},"geometry":{"type":"LineString","coordinates":[[-122.3633291,47.5546523],[-122.3632201,47.5636497],[-122.363111,47.572647],[-122.3630019,47.5816443],[-122.3628927,47.5906416],[-122.3627835,47.5996388],[-122.3626742,47.6086361],[-122.3625649,47.6176333],[-122.3624555,47.6266305],[-122.3623461,47.6356278],[-122.3622366,47.644625],[-122.362127,47.6536221],[-122.3620174,47.6626193]]}},{"type":"Feature","properties":{"axis":"E","value":548100,"spacing":100,"datum":"natrf2022"},"geometry":{"type":"LineString","coordinates":[[-122.3606709,47.5546376],[-122.3605615,47.5636349],[-122.3604519,47.5726322],[-122.3603424,47.5816295],[-122.3602327,47.5906268],[-122.3601231,47.599624],[-122.3600133,47.6086213],[-122.3599035,47.6176185],[-122.3597937,47.6266157],[-122.3596838,47.6356129],[-122.3595739,47.6446101],[-122.3594639,47.6536073],[-122.3593538,47.6626045]]}},{"type":"Feature","properties":{"axis":"E","value":548200,"spacing":100,"datum":"natrf2022"},"geometry":{"type":"LineString","coordinates":[[-122.3593419,47.5546301],[-122.3592322,47.5636275],[-122.3591224,47.5726248],[-122.3590126,47.5816221],[-122.3589028,47.5906193],[-122.3587928,47.5996166],[-122.3586829,47.6086138],[-122.3585729,47.6176111],[-122.3584628,47.6266083],[-122.3583527,47.6356055],[-122.3582425,47.6446027],[-122.3581323,47.6535999],[-122.358022,47.662597]]}},{"type":"Feature","properties":{"axis":"E","value":548300,"spacing":100,"datum":"natrf2022"},"geometry":{"type":"LineString","coordinates":[[-122.3580128,47.5546227],[-122.3579029,47.56362],[-122.3577929,47.5726173],[-122.3576828,47.5816146],[-122.3575728,47.5906119],[-122.3574626,47.5996091],[-122.3573524,47.6086064],[-122.3572422,47.6176036],[-122.3571319,47.6266008],[-122.3570215,47.635598],[-122.3569111,47.6445952],[-122.3568007,47.6535924],[-122.3566902,47.6625896]]}},{"type":"Feature","properties":{"axis":"E","value":548400,"spacing":100,"datum":"natrf2022"},"geometry":{"type":"LineString","coordinates":[[-122.3566837,47.5546153],[-122.3565735,47.5636126],[-122.3564633,47.5726099],[-122.3563531,47.5816072],[-122.3562428,47.5906044],[-122.3561324,47.5996017],[-122.356022,47.6085989],[-122.3559115,47.6175962],[-122.355801,47.6265934],[-122.3556904,47.6355906],[-122.3555798,47.6445878],[-122.3554691,47.6535849],[-122.3553583,47.6625821]]}},{"type":"Feature","properties":{"axis":"E","value":548500,"spacing":100,"datum":"natrf2022"},"geometry":{"type":"LineString","coordinates":[[-122.3553546,47.5546078],[-122.3552442,47.5636051],[-122.3551338,47.5726024],[-122.3550233,47.5815997],[-122.3549128,47.590597],[-122.3548022,47.5995942],[-122.3546915,47.6085915],[-122.3545808,47.6175887],[-122.3544701,47.6265859],[-122.3543593,47.6355831],[-122.3542484,47.6445803],[-122.3541375,47.6535774],[-122.3540265,47.6625746]]}},{"type":"Feature","properties":{"axis":"E","value":548600,"spacing":100,"datum":"natrf2022"},"geometry":{"type":"LineString","coordinates":[[-122.3540255,47.5546003],[-122.3539149,47.5635976],[-122.3538043,47.5725949],[-122.3536936,47.5815922],[-122.3535828,47.5905895],[-122.353472,47.5995867],[-122.3533611,47.608584],[-122.3532502,47.6175812],[-122.3531392,47.6265784],[-122.3530281,47.6355756],[-122.3529171,47.6445728],[-122.3528059,47.6535699],[-122.3526947,47.6625671]]}},{"type":"Feature","properties":{"axis":"E","value":548700,"spacing":100,"datum":"natrf2022"},"geometry":{"type":"LineString","coordinates":[[-122.3526965,47.5545928],[-122.3525856,47.5635901],[-122.3524747,47.5725874],[-122.3523638,47.5815847],[-122.3522528,47.590582],[-122.3521418,47.5995792],[-122.3520307,47.6085765],[-122.3519195,47.6175737],[-122.3518083,47.6265709],[-122.351697,47.6355681],[-122.3515857,47.6445652],[-122.3514743,47.6535624],[-122.3513629,47.6625596]]}},{"type":"Feature","properties":{"axis":"E","value":548800,"spacing":100,"datum":"natrf2022"},"geometry":{"type":"LineString","coordinates":[[-122.3513674,47.5545853],[-122.3512563,47.5635826],[-122.3511452,47.5725799],[-122.351034,47.5815772],[-122.3509228,47.5905744],[-122.3508115,47.5995717],[-122.3507002,47.6085689],[-122.3505888,47.6175661],[-122.3504774,47.6265634],[-122.3503659,47.6355605],[-122.3502543,47.6445577],[-122.3501427,47.6535549],[-122.3500311,47.662552]]}},{"type":"Feature","properties":{"axis":"E","value":548900,"spacing":100,"datum":"natrf2022"},"geometry":{"type":"LineString","coordinates":[[-122.3500383,47.5545778],[-122.349927,47.5635751],[-122.3498157,47.5725724],[-122.3497043,47.5815697],[-122.3495928,47.5905669],[-122.3494813,47.5995642],[-122.3493698,47.6085614],[-122.3492581,47.6175586],[-122.3491465,47.6265558],[-122.3490348,47.635553],[-122.348923,47.6445502],[-122.3488112,47.6535473],[-122.3486993,47.6625445]]}},{"type":"Feature","properties":{"axis":"E","value":549100,"spacing":100,"datum":"natrf2022"},"geometry":{"type":"LineString","coordinates":[[-122.3473802,47.5545627],[-122.3472684,47.56356],[-122.3471566,47.5725573],[-122.3470448,47.5815545],[-122.3469329,47.5905518],[-122.3468209,47.599549],[-122.3467089,47.6085463],[-122.3465968,47.6175435],[-122.3464847,47.6265407],[-122.3463725,47.6355379],[-122.3462603,47.644535],[-122.346148,47.6535322],[-122.3460356,47.6625293]]}},{"type":"Feature","properties":{"axis":"E","value":549200,"spacing":100,"datum":"natrf2022"},"geometry":{"type":"LineString","coordinates":[[-122.3460511,47.5545551],[-122.3459391,47.5635524],[-122.3458271,47.5725497],[-122.345715,47.581547],[-122.3456029,47.5905442],[-122.3454907,47.5995415],[-122.3453784,47.6085387],[-122.3452661,47.6175359],[-122.3451538,47.6265331],[-122.3450414,47.6355303],[-122.3449289,47.6445274],[-122.3448164,47.6535246],[-122.3447038,47.6625217]]}},{"type":"Feature","properties":{"axis":"E","value":549300,"spacing":100,"datum":"natrf2022"},"geometry":{"type":"LineString","coordinates":[[-122.344722,47.5545475],[-122.3446098,47.5635448],[-122.3444975,47.5725421],[-122.3443852,47.5815394],[-122.3442729,47.5905366],[-122.3441605,47.5995339],[-122.344048,47.6085311],[-122.3439355,47.6175283],[-122.3438229,47.6265255],[-122.3437102,47.6355227],[-122.3435976,47.6445198],[-122.3434848,47.653517],[-122.343372,47.6625141]]}},{"type":"Feature","properties":{"axis":"E","value":549400,"spacing":100,"datum":"natrf2022"},"geometry":{"type":"LineString","coordinates":[[-122.3433929,47.5545399],[-122.3432805,47.5635372],[-122.343168,47.5725345],[-122.3430555,47.5815318],[-122.3429429,47.590529],[-122.3428303,47.5995262],[-122.3427176,47.6085235],[-122.3426048,47.6175207],[-122.342492,47.6265179],[-122.3423791,47.635515],[-122.3422662,47.6445122],[-122.3421532,47.6535093],[-122.3420402,47.6625065]]}},{"type":"Feature","properties":{"axis":"E","value":549500,"spacing":100,"datum":"natrf2022"},"geometry":{"type":"LineString","coordinates":[[-122.3420639,47.5545323],[-122.3419512,47.5635296],[-122.3418385,47.5725269],[-122.3417257,47.5815241],[-122.3416129,47.5905214],[-122.3415,47.5995186],[-122.3413871,47.6085158],[-122.3412741,47.617513],[-122.3411611,47.6265102],[-122.341048,47.6355074],[-122.3409349,47.6445046],[-122.3408216,47.6535017],[-122.3407084,47.6624988]]}},{"type":"Feature","properties":{"axis":"E","value":549600,"spacing":100,"datum":"natrf2022"},"geometry":{"type":"LineString","coordinates":[[-122.3407348,47.5545247],[-122.3406219,47.563522],[-122.340509,47.5725192],[-122.340396,47.5815165],[-122.3402829,47.5905137],[-122.3401698,47.599511],[-122.3400567,47.6085082],[-122.3399435,47.6175054],[-122.3398302,47.6265026],[-122.3397169,47.6354997],[-122.3396035,47.6444969],[-122.3394901,47.653494],[-122.3393766,47.6624912]]}},{"type":"Feature","properties":{"axis":"E","value":549700,"spacing":100,"datum":"natrf2022"},"geometry":{"type":"LineString","coordinates":[[-122.3394057,47.554517],[-122.3392926,47.5635143],[-122.3391794,47.5725116],[-122.3390662,47.5815089],[-122.3389529,47.5905061],[-122.3388396,47.5995033],[-122.3387262,47.6085005],[-122.3386128,47.6174977],[-122.3384993,47.6264949],[-122.3383857,47.6354921],[-122.3382721,47.6444892],[-122.3381585,47.6534864],[-122.3380448,47.6624835]]}},{"type":"Feature","properties":{"axis":"E","value":549800,"spacing":100,"datum":"natrf2022"},"geometry":{"type":"LineString","coordinates":[[-122.3380766,47.5545094],[-122.3379633,47.5635067],[-122.3378499,47.5725039],[-122.3377365,47.5815012],[-122.337623,47.5904984],[-122.3375094,47.5994956],[-122.3373958,47.6084929],[-122.3372821,47.61749],[-122.3371684,47.6264872],[-122.3370546,47.6354844],[-122.3369408,47.6444815],[-122.3368269,47.6534787],[-122.336713,47.6624758]]}},{"type":"Feature","properties":{"axis":"E","value":549900,"spacing":100,"datum":"natrf2022"},"geometry":{"type":"LineString","coordinates":[[-122.3367476,47.5545017],[-122.336634,47.563499],[-122.3365204,47.5724962],[-122.3364067,47.5814935],[-122.336293,47.5904907],[-122.3361792,47.599488],[-122.3360654,47.6084852],[-122.3359515,47.6174824],[-122.3358375,47.6264795],[-122.3357235,47.6354767],[-122.3356094,47.6444738],[-122.3354953,47.653471],[-122.3353811,47.6624681]]}},{"type":"Feature","properties":{"axis":"E","value":550100,"spacing":100,"datum":"natrf2022"},"geometry":{"type":"LineString","coordinates":[[-122.3340894,47.5544863],[-122.3339754,47.5634836],[-122.3338613,47.5724808],[-122.3337472,47.5814781],[-122.333633,47.5904753],[-122.3335188,47.5994725],[-122.3334045,47.6084697],[-122.3332901,47.6174669],[-122.3331757,47.6264641],[-122.3330613,47.6354612],[-122.3329467,47.6444584],[-122.3328322,47.6534555],[-122.3327175,47.6624526]]}},{"type":"Feature","properties":{"axis":"E","value":550200,"spacing":100,"datum":"natrf2022"},"geometry":{"type":"LineString","coordinates":[[-122.3327604,47.5544786],[-122.3326461,47.5634758],[-122.3325318,47.5724731],[-122.3324174,47.5814703],[-122.332303,47.5904676],[-122.3321886,47.5994648],[-122.332074,47.608462],[-122.3319595,47.6174592],[-122.3318448,47.6264563],[-122.3317301,47.6354535],[-122.3316154,47.6444506],[-122.3315006,47.6534478],[-122.3313857,47.6624449]]}},{"type":"Feature","properties":{"axis":"E","value":550300,"spacing":100,"datum":"natrf2022"},"geometry":{"type":"LineString","coordinates":[[-122.3314313,47.5544708],[-122.3313168,47.5634681],[-122.3312023,47.5724654],[-122.3310877,47.5814626],[-122.3309731,47.5904598],[-122.3308584,47.599457],[-122.3307436,47.6084542],[-122.3306288,47.6174514],[-122.3305139,47.6264486],[-122.330399,47.6354457],[-122.330284,47.6444429],[-122.330169,47.65344],[-122.3300539,47.6624371]]}},{"type":"Feature","properties":{"axis":"E","value":550400,"spacing":100,"datum":"natrf2022"},"geometry":{"type":"LineString","coordinates":[[-122.3301022,47.5544631],[-122.3299875,47.5634603],[-122.3298728,47.5724576],[-122.3297579,47.5814548],[-122.3296431,47.5904521],[-122.3295281,47.5994493],[-122.3294132,47.6084465],[-122.3292981,47.6174436],[-122.329183,47.6264408],[-122.3290679,47.635438],[-122.3289527,47.6444351],[-122.3288374,47.6534322],[-122.3287221,47.6624293]]}},{"type":"Feature","properties":{"axis":"E","value":550500,"spacing":100,"datum":"natrf2022"},"geometry":{"type":"LineString","coordinates":[[-122.3287731,47.5544553],[-122.3286582,47.5634526],[-122.3285432,47.5724498],[-122.3284282,47.5814471],[-122.3283131,47.5904443],[-122.3281979,47.5994415],[-122.3280827,47.6084387],[-122.3279675,47.6174359],[-122.3278521,47.626433],[-122.3277368,47.6354302],[-122.3276213,47.6444273],[-122.3275059,47.6534244],[-122.3273903,47.6624215]]}},{"type":"Feature","properties":{"axis":"E","value":550600,"spacing":100,"datum":"natrf2022"},"geometry":{"type":"LineString","coordinates":[[-122.3274441,47.5544475],[-122.3273289,47.5634448],[-122.3272137,47.572442],[-122.3270984,47.5814393],[-122.3269831,47.5904365],[-122.3268677,47.5994337],[-122.3267523,47.6084309],[-122.3266368,47.6174281],[-122.3265213,47.6264252],[-122.3264057,47.6354224],[-122.32629,47.6444195],[-122.3261743,47.6534166],[-122.3260585,47.6624137]]}},{"type":"Feature","properties":{"axis":"E","value":550700,"spacing":100,"datum":"natrf2022"},"geometry":{"type":"LineString","coordinates":[[-122.326115,47.5544397],[-122.3259996,47.563437],[-122.3258842,47.5724342],[-122.3257687,47.5814315],[-122.3256531,47.5904287],[-122.3255375,47.5994259],[-122.3254219,47.6084231],[-122.3253061,47.6174202],[-122.3251904,47.6264174],[-122.3250745,47.6354145],[-122.3249586,47.6444117],[-122.3248427,47.6534088],[-122.3247267,47.6624059]]}},{"type":"Feature","properties":{"axis":"E","value":550800,"spacing":100,"datum":"natrf2022"},"geometry":{"type":"LineString","coordinates":[[-122.3247859,47.5544319],[-122.3246703,47.5634292],[-122.3245547,47.5724264],[-122.3244389,47.5814236],[-122.3243232,47.5904208],[-122.3242073,47.599418],[-122.3240914,47.6084152],[-122.3239755,47.6174124],[-122.3238595,47.6264096],[-122.3237434,47.6354067],[-122.3236273,47.6444038],[-122.3235111,47.6534009],[-122.3233949,47.662398]]}},{"type":"Feature","properties":{"axis":"E","value":550900,"spacing":100,"datum":"natrf2022"},"geometry":{"type":"LineString","coordinates":[[-122.3234569,47.5544241],[-122.323341,47.5634213],[-122.3232251,47.5724186],[-122.3231092,47.5814158],[-122.3229932,47.590413],[-122.3228771,47.5994102],[-122.322761,47.6084074],[-122.3226448,47.6174046],[-122.3225286,47.6264017],[-122.3224123,47.6353988],[-122.322296,47.644396],[-122.3221795,47.6533931],[-122.3220631,47.6623902]]}},{"type":"Feature","properties":{"axis":"E","value":551100,"spacing":100,"datum":"natrf2022"},"geometry":{"type":"LineString","coordinates":[[-122.3207987,47.5544084],[-122.3206825,47.5634056],[-122.3205661,47.5724028],[-122.3204497,47.5814001],[-122.3203332,47.5903973],[-122.3202167,47.5993945],[-122.3201001,47.6083916],[-122.3199835,47.6173888],[-122.3198668,47.626386],[-122.3197501,47.6353831],[-122.3196333,47.6443802],[-122.3195164,47.6533773],[-122.3193995,47.6623744]]}},{"type":"Feature","properties":{"axis":"E","value":551200,"spacing":100,"datum":"natrf2022"},"geometry":{"type":"LineString","coordinates":[[-122.3194697,47.5544005],[-122.3193532,47.5633977],[-122.3192366,47.572395],[-122.3191199,47.5813922],[-122.3190033,47.5903894],[-122.3188865,47.5993866],[-122.3187697,47.6083837],[-122.3186528,47.6173809],[-122.3185359,47.6263781],[-122.3184189,47.6353752],[-122.3183019,47.6443723],[-122.3181848,47.6533694],[-122.3180677,47.6623665]]}},{"type":"Feature","properties":{"axis":"E","value":551300,"spacing":100,"datum":"natrf2022"},"geometry":{"type":"LineString","coordinates":[[-122.3181406,47.5543926],[-122.3180239,47.5633898],[-122.3179071,47.5723871],[-122.3177902,47.5813843],[-122.3176733,47.5903815],[-122.3175563,47.5993787],[-122.3174393,47.6083758],[-122.3173222,47.617373],[-122.317205,47.6263701],[-122.3170878,47.6353673],[-122.3169706,47.6443644],[-122.3168533,47.6533615],[-122.3167359,47.6623586]]}},{"type":"Feature","properties":{"axis":"E","value":551400,"spacing":100,"datum":"natrf2022"},"geometry":{"type":"LineString","coordinates":[[-122.3168116,47.5543847],[-122.3166946,47.5633819],[-122.3165775,47.5723792],[-122.3164605,47.5813764],[-122.3163433,47.5903736],[-122.3162261,47.5993707],[-122.3161088,47.6083679],[-122.3159915,47.6173651],[-122.3158741,47.6263622],[-122.3157567,47.6353593],[-122.3156392,47.6443565],[-122.3155217,47.6533535],[-122.3154041,47.6623506]]}},{"type":"Feature","properties":{"axis":"E","value":551500,"spacing":100,"datum":"natrf2022"},"geometry":{"type":"LineString","coordinates":[[-122.3154825,47.5543768],[-122.3153653,47.563374],[-122.315248,47.5723712],[-122.3151307,47.5813684],[-122.3150133,47.5903656],[-122.3148959,47.5993628],[-122.3147784,47.60836],[-122.3146609,47.6173571],[-122.3145433,47.6263543],[-122.3144256,47.6353514],[-122.3143079,47.6443485],[-122.3141901,47.6533456],[-122.3140723,47.6623427]]}},{"type":"Feature","properties":{"axis":"E","value":551600,"spacing":100,"datum":"natrf2022"},"geometry":{"type":"LineString","coordinates":[[-122.3141534,47.5543688],[-122.314036,47.5633661],[-122.3139185,47.5723633],[-122.313801,47.5813605],[-122.3136834,47.5903577],[-122.3135657,47.5993549],[-122.313448,47.608352],[-122.3133302,47.6173492],[-122.3132124,47.6263463],[-122.3130945,47.6353434],[-122.3129765,47.6443405],[-122.3128585,47.6533376],[-122.3127405,47.6623347]]}},{"type":"Feature","properties":{"axis":"E","value":551700,"spacing":100,"datum":"natrf2022"},"geometry":{"type":"LineString","coordinates":[[-122.3128244,47.5543609],[-122.3127067,47.5633581],[-122.312589,47.5723553],[-122.3124712,47.5813525],[-122.3123534,47.5903497],[-122.3122355,47.5993469],[-122.3121176,47.6083441],[-122.3119996,47.6173412],[-122.3118815,47.6263383],[-122.3117634,47.6353355],[-122.3116452,47.6443326],[-122.311527,47.6533296],[-122.3114087,47.6623267]]}},{"type":"Feature","properties":{"axis":"E","value":551800,"spacing":100,"datum":"natrf2022"},"geometry":{"type":"LineString","coordinates":[[-122.3114953,47.5543529],[-122.3113774,47.5633501],[-122.3112595,47.5723473],[-122.3111415,47.5813445],[-122.3110234,47.5903417],[-122.3109053,47.5993389],[-122.3107871,47.6083361],[-122.3106689,47.6173332],[-122.3105506,47.6263303],[-122.3104323,47.6353275],[-122.3103139,47.6443246],[-122.3101954,47.6533216],[-122.3100769,47.6623187]]}},{"type":"Feature","properties":{"axis":"E","value":551900,"spacing":100,"datum":"natrf2022"},"geometry":{"type":"LineString","coordinates":[[-122.3101662,47.5543449],[-122.3100481,47.5633421],[-122.30993,47.5723394],[-122.3098117,47.5813366],[-122.3096934,47.5903337],[-122.3095751,47.5993309],[-122.3094567,47.6083281],[-122.3093382,47.6173252],[-122.3092197,47.6263223],[-122.3091012,47.6353194],[-122.3089825,47.6443165],[-122.3088638,47.6533136],[-122.3087451,47.6623107]]}},{"type":"Feature","properties":{"axis":"E","value":552100,"spacing":100,"datum":"natrf2022"},"geometry":{"type":"LineString","coordinates":[[-122.3075081,47.5543289],[-122.3073896,47.5633261],[-122.3072709,47.5723233],[-122.3071522,47.5813205],[-122.3070335,47.5903177],[-122.3069147,47.5993149],[-122.3067958,47.608312],[-122.3066769,47.6173092],[-122.306558,47.6263063],[-122.3064389,47.6353034],[-122.3063198,47.6443005],[-122.3062007,47.6532976],[-122.3060815,47.6622946]]}},{"type":"Feature","properties":{"axis":"E","value":552200,"spacing":100,"datum":"natrf2022"},"geometry":{"type":"LineString","coordinates":[[-122.3061791,47.5543209],[-122.3060603,47.5633181],[-122.3059414,47.5723153],[-122.3058225,47.5813125],[-122.3057035,47.5903097],[-122.3055845,47.5993068],[-122.3054654,47.608304],[-122.3053463,47.6173011],[-122.3052271,47.6262982],[-122.3051078,47.6352953],[-122.3049885,47.6442924],[-122.3048691,47.6532895],[-122.3047497,47.6622866]]}},{"type":"Feature","properties":{"axis":"E","value":552300,"spacing":100,"datum":"natrf2022"},"geometry":{"type":"LineString","coordinates":[[-122.30485,47.5543128],[-122.304731,47.56331],[-122.3046119,47.5723072],[-122.3044928,47.5813044],[-122.3043736,47.5903016],[-122.3042543,47.5992988],[-122.304135,47.6082959],[-122.3040156,47.617293],[-122.3038962,47.6262902],[-122.3037767,47.6352873],[-122.3036572,47.6442843],[-122.3035376,47.6532814],[-122.3034179,47.6622785]]}},{"type":"Feature","properties":{"axis":"E","value":552400,"spacing":100,"datum":"natrf2022"},"geometry":{"type":"LineString","coordinates":[[-122.303521,47.5543047],[-122.3034017,47.563302],[-122.3032824,47.5722992],[-122.303163,47.5812964],[-122.3030436,47.5902935],[-122.3029241,47.5992907],[-122.3028046,47.6082878],[-122.302685,47.617285],[-122.3025653,47.6262821],[-122.3024456,47.6352792],[-122.3023258,47.6442763],[-122.302206,47.6532733],[-122.3020861,47.6622704]]}},{"type":"Feature","properties":{"axis":"E","value":552500,"spacing":100,"datum":"natrf2022"},"geometry":{"type":"LineString","coordinates":[[-122.3021919,47.5542967],[-122.3020724,47.5632939],[-122.3019529,47.5722911],[-122.3018333,47.5812883],[-122.3017136,47.5902854],[-122.3015939,47.5992826],[-122.3014741,47.6082797],[-122.3013543,47.6172769],[-122.3012344,47.626274],[-122.3011145,47.6352711],[-122.3009945,47.6442682],[-122.3008744,47.6532652],[-122.3007543,47.6622623]]}},{"type":"Feature","properties":{"axis":"E","value":552600,"spacing":100,"datum":"natrf2022"},"geometry":{"type":"LineString","coordinates":[[-122.3008628,47.5542886],[-122.3007431,47.5632858],[-122.3006234,47.572283],[-122.3005035,47.5812802],[-122.3003837,47.5902773],[-122.3002637,47.5992745],[-122.3001437,47.6082716],[-122.3000237,47.6172687],[-122.2999036,47.6262659],[-122.2997834,47.635263],[-122.2996632,47.64426],[-122.2995429,47.6532571],[-122.2994225,47.6622542]]}},{"type":"Feature","properties":{"axis":"E","value":552700,"spacing":100,"datum":"natrf2022"},"geometry":{"type":"LineString","coordinates":[[-122.2995338,47.5542805],[-122.2994138,47.5632777],[-122.2992939,47.5722749],[-122.2991738,47.581272],[-122.2990537,47.5902692],[-122.2989335,47.5992664],[-122.2988133,47.6082635],[-122.298693,47.6172606],[-122.2985727,47.6262577],[-122.2984523,47.6352548],[-122.2983318,47.6442519],[-122.2982113,47.653249],[-122.2980907,47.662246]]}},{"type":"Feature","properties":{"axis":"E","value":552800,"spacing":100,"datum":"natrf2022"},"geometry":{"type":"LineString","coordinates":[[-122.2982047,47.5542723],[-122.2980846,47.5632695],[-122.2979643,47.5722667],[-122.2978441,47.5812639],[-122.2977237,47.5902611],[-122.2976033,47.5992582],[-122.2974829,47.6082554],[-122.2973624,47.6172525],[-122.2972418,47.6262496],[-122.2971212,47.6352467],[-122.2970005,47.6442438],[-122.2968797,47.6532408],[-122.2967589,47.6622379]]}},{"type":"Feature","properties":{"axis":"E","value":552900,"spacing":100,"datum":"natrf2022"},"geometry":{"type":"LineString","coordinates":[[-122.2968757,47.5542642],[-122.2967553,47.5632614],[-122.2966348,47.5722586],[-122.2965143,47.5812558],[-122.2963938,47.5902529],[-122.2962731,47.5992501],[-122.2961525,47.6082472],[-122.2960317,47.6172443],[-122.2959109,47.6262414],[-122.2957901,47.6352385],[-122.2956691,47.6442356],[-122.2955482,47.6532326],[-122.2954271,47.6622297]]}},{"type":"Feature","properties":{"axis":"E","value":553100,"spacing":100,"datum":"natrf2022"},"geometry":{"type":"LineString","coordinates":[[-122.2942176,47.5542479],[-122.2940967,47.5632451],[-122.2939758,47.5722423],[-122.2938549,47.5812394],[-122.2937338,47.5902366],[-122.2936128,47.5992337],[-122.2934916,47.6082308],[-122.2933704,47.617228],[-122.2932492,47.6262251],[-122.2931279,47.6352221],[-122.2930065,47.6442192],[-122.292885,47.6532163],[-122.2927636,47.6622133]]}},{"type":"Feature","properties":{"axis":"E","value":553200,"spacing":100,"datum":"natrf2022"},"geometry":{"type":"LineString","coordinates":[[-122.2928885,47.5542397],[-122.2927674,47.5632369],[-122.2926463,47.5722341],[-122.2925251,47.5812312],[-122.2924039,47.5902284],[-122.2922826,47.5992255],[-122.2921612,47.6082226],[-122.2920398,47.6172198],[-122.2919183,47.6262168],[-122.2917967,47.6352139],[-122.2916751,47.644211],[-122.2915535,47.653208],[-122.2914318,47.6622051]]}},{"type":"Feature","properties":{"axis":"E","value":553300,"spacing":100,"datum":"natrf2022"},"geometry":{"type":"LineString","coordinates":[[-122.2915595,47.5542315],[-122.2914382,47.5632287],[-122.2913168,47.5722259],[-122.2911954,47.581223],[-122.2910739,47.5902202],[-122.2909524,47.5992173],[-122.2908308,47.6082144],[-122.2907091,47.6172115],[-122.2905874,47.6262086],[-122.2904656,47.6352057],[-122.2903438,47.6442028],[-122.2902219,47.6531998],[-122.2901,47.6621969]]}},{"type":"Feature","properties":{"axis":"E","value":553400,"spacing":100,"datum":"natrf2022"},"geometry":{"type":"LineString","coordinates":[[-122.2902304,47.5542233],[-122.2901089,47.5632205],[-122.2899873,47.5722176],[-122.2898657,47.5812148],[-122.2897439,47.5902119],[-122.2896222,47.5992091],[-122.2895004,47.6082062],[-122.2893785,47.6172033],[-122.2892565,47.6262004],[-122.2891345,47.6351975],[-122.2890125,47.6441945],[-122.2888904,47.6531916],[-122.2887682,47.6621886]]}},{"type":"Feature","properties":{"axis":"E","value":553500,"spacing":100,"datum":"natrf2022"},"geometry":{"type":"LineString","coordinates":[[-122.2889014,47.554215],[-122.2887796,47.5632122],[-122.2886578,47.5722094],[-122.2885359,47.5812066],[-122.288414,47.5902037],[-122.288292,47.5992008],[-122.2881699,47.6081979],[-122.2880478,47.617195],[-122.2879257,47.6261921],[-122.2878034,47.6351892],[-122.2876811,47.6441863],[-122.2875588,47.6531833],[-122.2874364,47.6621803]]}},{"type":"Feature","properties":{"axis":"E","value":553600,"spacing":100,"datum":"natrf2022"},"geometry":{"type":"LineString","coordinates":[[-122.2875723,47.5542068],[-122.2874503,47.563204],[-122.2873283,47.5722011],[-122.2872062,47.5811983],[-122.287084,47.5901954],[-122.2869618,47.5991926],[-122.2868395,47.6081897],[-122.2867172,47.6171868],[-122.2865948,47.6261839],[-122.2864723,47.6351809],[-122.2863498,47.644178],[-122.2862272,47.653175],[-122.2861046,47.6621721]]}},{"type":"Feature","properties":{"axis":"E","value":553700,"spacing":100,"datum":"natrf2022"},"geometry":{"type":"LineString","coordinates":[[-122.2862433,47.5541985],[-122.286121,47.5631957],[-122.2859988,47.5721929],[-122.2858765,47.58119],[-122.2857541,47.5901872],[-122.2856316,47.5991843],[-122.2855091,47.6081814],[-122.2853865,47.6171785],[-122.2852639,47.6261756],[-122.2851412,47.6351727],[-122.2850185,47.6441697],[-122.2848957,47.6531667],[-122.2847728,47.6621638]]}},{"type":"Feature","properties":{"axis":"E","value":553800,"spacing":100,"datum":"natrf2022"},"geometry":{"type":"LineString","coordinates":[[-122.2849142,47.5541902],[-122.2847918,47.5631874],[-122.2846693,47.5721846],[-122.2845467,47.5811817],[-122.2844241,47.5901789],[-122.2843014,47.599176],[-122.2841787,47.6081731],[-122.2840559,47.6171702],[-122.283933,47.6261673],[-122.2838101,47.6351643],[-122.2836872,47.6441614],[-122.2835641,47.6531584],[-122.283441,47.6621555]]}},{"type":"Feature","properties":{"axis":"E","value":553900,"spacing":100,"datum":"natrf2022"},"geometry":{"type":"LineString","coordinates":[[-122.2835852,47.5541819],[-122.2834625,47.5631791],[-122.2833398,47.5721763],[-122.283217,47.5811734],[-122.2830941,47.5901706],[-122.2829712,47.5991677],[-122.2828483,47.6081648],[-122.2827253,47.6171619],[-122.2826022,47.626159],[-122.282479,47.635156],[-122.2823558,47.6441531],[-122.2822326,47.6531501],[-122.2821092,47.6621471]]}},{"type":"Feature","properties":{"axis":"E","value":554100,"spacing":100,"datum":"natrf2022"},"geometry":{"type":"LineString","coordinates":[[-122.2809271,47.5541653],[-122.2808039,47.5631625],[-122.2806808,47.5721596],[-122.2805575,47.5811568],[-122.2804342,47.5901539],[-122.2803109,47.599151],[-122.2801874,47.6081481],[-122.280064,47.6171452],[-122.2799404,47.6261423],[-122.2798168,47.6351393],[-122.2796932,47.6441364],[-122.2795695,47.6531334],[-122.2794457,47.6621304]]}},{"type":"Feature","properties":{"axis":"E","value":554200,"spacing":100,"datum":"natrf2022"},"geometry":{"type":"LineString","coordinates":[[-122.279598,47.554157],[-122.2794747,47.5631541],[-122.2793513,47.5721513],[-122.2792278,47.5811484],[-122.2791043,47.5901456],[-122.2789807,47.5991427],[-122.278857,47.6081398],[-122.2787333,47.6171369],[-122.2786096,47.6261339],[-122.2784857,47.635131],[-122.2783618,47.644128],[-122.2782379,47.6531251],[-122.2781139,47.6621221]]}},{"type":"Feature","properties":{"axis":"E","value":554300,"spacing":100,"datum":"natrf2022"},"geometry":{"type":"LineString","coordinates":[[-122.278269,47.5541486],[-122.2781454,47.5631458],[-122.2780218,47.5721429],[-122.2778981,47.5811401],[-122.2777743,47.5901372],[-122.2776505,47.5991343],[-122.2775266,47.6081314],[-122.2774027,47.6171285],[-122.2772787,47.6261256],[-122.2771546,47.6351226],[-122.2770305,47.6441196],[-122.2769063,47.6531167],[-122.2767821,47.6621137]]}},{"type":"Feature","properties":{"axis":"E","value":554400,"spacing":100,"datum":"natrf2022"},"geometry":{"type":"LineString","coordinates":[[-122.2769399,47.5541402],[-122.2768161,47.5631374],[-122.2766923,47.5721346],[-122.2765683,47.5811317],[-122.2764444,47.5901288],[-122.2763203,47.5991259],[-122.2761962,47.608123],[-122.276072,47.6171201],[-122.2759478,47.6261172],[-122.2758235,47.6351142],[-122.2756992,47.6441112],[-122.2755748,47.6531083],[-122.2754503,47.6621053]]}},{"type":"Feature","properties":{"axis":"E","value":554500,"spacing":100,"datum":"natrf2022"},"geometry":{"type":"LineString","coordinates":[[-122.2756109,47.5541319],[-122.2754868,47.563129],[-122.2753628,47.5721262],[-122.2752386,47.5811233],[-122.2751144,47.5901204],[-122.2749901,47.5991175],[-122.2748658,47.6081146],[-122.2747414,47.6171117],[-122.274617,47.6261088],[-122.2744924,47.6351058],[-122.2743679,47.6441028],[-122.2742432,47.6530999],[-122.2741185,47.6620969]]}},{"type":"Feature","properties":{"axis":"E","value":554600,"spacing":100,"datum":"natrf2022"},"geometry":{"type":"LineString","coordinates":[[-122.2742818,47.5541235],[-122.2741576,47.5631206],[-122.2740333,47.5721178],[-122.2739089,47.5811149],[-122.2737844,47.590112],[-122.2736599,47.5991091],[-122.2735354,47.6081062],[-122.2734108,47.6171033],[-122.2732861,47.6261003],[-122.2731613,47.6350974],[-122.2730365,47.6440944],[-122.2729117,47.6530914],[-122.2727868,47.6620884]]}},{"type":"Feature","properties":{"axis":"E","value":554700,"spacing":100,"datum":"natrf2022"},"geometry":{"type":"LineString","coordinates":[[-122.2729528,47.554115],[-122.2728283,47.5631122],[-122.2727038,47.5721093],[-122.2725792,47.5811065],[-122.2724545,47.5901036],[-122.2723298,47.5991007],[-122.272205,47.6080978],[-122.2720801,47.6170948],[-122.2719552,47.6260919],[-122.2718303,47.6350889],[-122.2717052,47.644086],[-122.2715801,47.653083],[-122.271455,47.66208]]}},{"type":"Feature","properties":{"axis":"E","value":554800,"spacing":100,"datum":"natrf2022"},"geometry":{"type":"LineString","coordinates":[[-122.2716237,47.5541066],[-122.271499,47.5631038],[-122.2713743,47.5721009],[-122.2712494,47.581098],[-122.2711245,47.5900951],[-122.2709996,47.5990922],[-122.2708746,47.6080893],[-122.2707495,47.6170864],[-122.2706244,47.6260834],[-122.2704992,47.6350805],[-122.2703739,47.6440775],[-122.2702486,47.6530745],[-122.2701232,47.6620715]]}},{"type":"Feature","properties":{"axis":"E","value":554900,"spacing":100,"datum":"natrf2022"},"geometry":{"type":"LineString","coordinates":[[-122.2702947,47.5540982],[-122.2701698,47.5630953],[-122.2700448,47.5720924],[-122.2699197,47.5810896],[-122.2697946,47.5900867],[-122.2696694,47.5990838],[-122.2695442,47.6080809],[-122.2694189,47.6170779],[-122.2692935,47.626075],[-122.2691681,47.635072],[-122.2690426,47.644069],[-122.268917,47.653066],[-122.2687914,47.662063]]}},{"type":"Feature","properties":{"axis":"E","value":555100,"spacing":100,"datum":"natrf2022"},"geometry":{"type":"LineString","coordinates":[[-122.2676366,47.5540812],[-122.2675112,47.5630784],[-122.2673858,47.5720755],[-122.2672603,47.5810726],[-122.2671347,47.5900697],[-122.267009,47.5990668],[-122.2668833,47.6080639],[-122.2667576,47.6170609],[-122.2666318,47.626058],[-122.2665059,47.635055],[-122.2663799,47.644052],[-122.2662539,47.653049],[-122.2661279,47.662046]]}},{"type":"Feature","properties":{"axis":"E","value":555200,"spacing":100,"datum":"natrf2022"},"geometry":{"type":"LineString","coordinates":[[-122.2663076,47.5540727],[-122.266182,47.5630699],[-122.2660563,47.572067],[-122.2659305,47.5810641],[-122.2658047,47.5900612],[-122.2656789,47.5990583],[-122.2655529,47.6080554],[-122.2654269,47.6170524],[-122.2653009,47.6260495],[-122.2651748,47.6350465],[-122.2650486,47.6440435],[-122.2649224,47.6530405],[-122.2647961,47.6620375]]}},{"type":"Feature","properties":{"axis":"E","value":555300,"spacing":100,"datum":"natrf2022"},"geometry":{"type":"LineString","coordinates":[[-122.2649785,47.5540642],[-122.2648527,47.5630614],[-122.2647268,47.5720585],[-122.2646008,47.5810556],[-122.2644748,47.5900527],[-122.2643487,47.5990498],[-122.2642225,47.6080468],[-122.2640963,47.6170439],[-122.26397,47.6260409],[-122.2638437,47.635038],[-122.2637173,47.644035],[-122.2635908,47.653032],[-122.2634643,47.662029]]}},{"type":"Feature","properties":{"axis":"E","value":555400,"spacing":100,"datum":"natrf2022"},"geometry":{"type":"LineString","coordinates":[[-122.2636495,47.5540557],[-122.2635234,47.5630528],[-122.2633973,47.5720499],[-122.2632711,47.5810471],[-122.2631448,47.5900442],[-122.2630185,47.5990412],[-122.2628921,47.6080383],[-122.2627657,47.6170354],[-122.2626392,47.6260324],[-122.2625126,47.6350294],[-122.262386,47.6440264],[-122.2622593,47.6530234],[-122.2621325,47.6620204]]}},{"type":"Feature","properties":{"axis":"E","value":555500,"spacing":100,"datum":"natrf2022"},"geometry":{"type":"LineString","coordinates":[[-122.2623205,47.5540471],[-122.2621942,47.5630443],[-122.2620678,47.5720414],[-122.2619414,47.5810385],[-122.2618149,47.5900356],[-122.2616883,47.5990327],[-122.2615617,47.6080297],[-122.261435,47.6170268],[-122.2613083,47.6260238],[-122.2611815,47.6350208],[-122.2610546,47.6440179],[-122.2609277,47.6530148],[-122.2608007,47.6620118]]}},{"type":"Feature","properties":{"axis":"E","value":555600,"spacing":100,"datum":"natrf2022"},"geometry":{"type":"LineString","coordinates":[[-122.2609914,47.5540386],[-122.2608649,47.5630357],[-122.2607383,47.5720328],[-122.2606116,47.5810299],[-122.2604849,47.590027],[-122.2603581,47.5990241],[-122.2602313,47.6080212],[-122.2601044,47.6170182],[-122.2599774,47.6260153],[-122.2598504,47.6350123],[-122.2597233,47.6440093],[-122.2595962,47.6530063],[-122.259469,47.6620032]]}},{"type":"Feature","properties":{"axis":"E","value":555700,"spacing":100,"datum":"natrf2022"},"geometry":{"type":"LineString","coordinates":[[-122.2596624,47.55403],[-122.2595356,47.5630271],[-122.2594088,47.5720243],[-122.2592819,47.5810214],[-122.259155,47.5900185],[-122.259028,47.5990155],[-122.2589009,47.6080126],[-122.2587738,47.6170096],[-122.2586466,47.6260067],[-122.2585193,47.6350037],[-122.258392,47.6440007],[-122.2582646,47.6529977],[-122.2581372,47.6619946]]}},{"type":"Feature","properties":{"axis":"E","value":555800,"spacing":100,"datum":"natrf2022"},"geometry":{"type":"LineString","coordinates":[[-122.2583333,47.5540214],[-122.2582064,47.5630186],[-122.2580793,47.5720157],[-122.2579522,47.5810128],[-122.257825,47.5900099],[-122.2576978,47.5990069],[-122.2575705,47.608004],[-122.2574431,47.617001],[-122.2573157,47.625998],[-122.2571882,47.6349951],[-122.2570607,47.6439921],[-122.2569331,47.652989],[-122.2568054,47.661986]]}},{"type":"Feature","properties":{"axis":"E","value":555900,"spacing":100,"datum":"natrf2022"},"geometry":{"type":"LineString","coordinates":[[-122.2570043,47.5540128],[-122.2568771,47.56301],[-122.2567498,47.5720071],[-122.2566225,47.5810042],[-122.2564951,47.5900012],[-122.2563676,47.5989983],[-122.2562401,47.6079954],[-122.2561125,47.6169924],[-122.2559849,47.6259894],[-122.2558572,47.6349864],[-122.2557294,47.6439834],[-122.2556015,47.6529804],[-122.2554736,47.6619774]]}},{"type":"Feature","properties":{"axis":"N","value":5267100,"spacing":100,"datum":"natrf2022"},"geometry":{"type":"LineString","coordinates":[[-122.4151537,47.5558281],[-122.4018625,47.5557596],[-122.3885713,47.5556895],[-122.3752802,47.5556179],[-122.3619891,47.5555447],[-122.3486981,47.55547],[-122.3354071,47.5553937],[-122.3221162,47.555316],[-122.3088254,47.5552366],[-122.2955346,47.5551558],[-122.2822438,47.5550734],[-122.2689531,47.5549894],[-122.2556625,47.5549039]]}},{"type":"Feature","properties":{"axis":"N","value":5267200,"spacing":100,"datum":"natrf2022"},"geometry":{"type":"LineString","coordinates":[[-122.4151437,47.5567279],[-122.4018522,47.5566593],[-122.3885608,47.5565892],[-122.3752695,47.5565176],[-122.3619782,47.5564444],[-122.3486869,47.5563697],[-122.3353957,47.5562935],[-122.3221046,47.5562157],[-122.3088135,47.5561364],[-122.2955225,47.5560555],[-122.2822315,47.5559731],[-122.2689406,47.5558891],[-122.2556498,47.5558036]]}},{"type":"Feature","properties":{"axis":"N","value":5267300,"spacing":100,"datum":"natrf2022"},"geometry":{"type":"LineString","coordinates":[[-122.4151337,47.5576276],[-122.401842,47.557559],[-122.3885504,47.557489],[-122.3752588,47.5574173],[-122.3619673,47.5573442],[-122.3486758,47.5572694],[-122.3353844,47.5571932],[-122.322093,47.5571154],[-122.3088017,47.5570361],[-122.2955104,47.5569552],[-122.2822192,47.5568728],[-122.2689281,47.5567888],[-122.255637,47.5567034]]}},{"type":"Feature","properties":{"axis":"N","value":5267400,"spacing":100,"datum":"natrf2022"},"geometry":{"type":"LineString","coordinates":[[-122.4151236,47.5585273],[-122.4018317,47.5584588],[-122.3885399,47.5583887],[-122.3752481,47.5583171],[-122.3619563,47.5582439],[-122.3486646,47.5581692],[-122.335373,47.5580929],[-122.3220814,47.5580151],[-122.3087899,47.5579358],[-122.2954984,47.5578549],[-122.282207,47.5577725],[-122.2689156,47.5576886],[-122.2556243,47.5576031]]}},{"type":"Feature","properties":{"axis":"N","value":5267500,"spacing":100,"datum":"natrf2022"},"geometry":{"type":"LineString","coordinates":[[-122.4151136,47.5594271],[-122.4018215,47.5593585],[-122.3885294,47.5592884],[-122.3752374,47.5592168],[-122.3619454,47.5591436],[-122.3486535,47.5590689],[-122.3353616,47.5589927],[-122.3220698,47.5589149],[-122.308778,47.5588355],[-122.2954863,47.5587546],[-122.2821947,47.5586722],[-122.2689031,47.5585883],[-122.2556116,47.5585028]]}},{"type":"Feature","properties":{"axis":"N","value":5267600,"spacing":100,"datum":"natrf2022"},"geometry":{"type":"LineString","coordinates":[[-122.4151036,47.5603268],[-122.4018113,47.5602583],[-122.3885189,47.5601882],[-122.3752267,47.5601165],[-122.3619345,47.5600434],[-122.3486423,47.5599686],[-122.3353502,47.5598924],[-122.3220582,47.5598146],[-122.3087662,47.5597352],[-122.2954743,47.5596544],[-122.2821824,47.5595719],[-122.2688906,47.559488],[-122.2555988,47.5594025]]}},{"type":"Feature","properties":{"axis":"N","value":5267700,"spacing":100,"datum":"natrf2022"},"geometry":{"type":"LineString","coordinates":[[-122.4150936,47.5612266],[-122.401801,47.561158],[-122.3885085,47.5610879],[-122.375216,47.5610163],[-122.3619236,47.5609431],[-122.3486312,47.5608684],[-122.3353388,47.5607921],[-122.3220466,47.5607143],[-122.3087544,47.560635],[-122.2954622,47.5605541],[-122.2821701,47.5604717],[-122.2688781,47.5603877],[-122.2555861,47.5603022]]}},{"type":"Feature","properties":{"axis":"N","value":5267800,"spacing":100,"datum":"natrf2022"},"geometry":{"type":"LineString","coordinates":[[-122.4150836,47.5621263],[-122.4017908,47.5620577],[-122.388498,47.5619876],[-122.3752053,47.561916],[-122.3619126,47.5618428],[-122.34862,47.5617681],[-122.3353275,47.5616918],[-122.322035,47.561614],[-122.3087425,47.5615347],[-122.2954501,47.5614538],[-122.2821578,47.5613714],[-122.2688655,47.5612874],[-122.2555733,47.5612019]]}},{"type":"Feature","properties":{"axis":"N","value":5267900,"spacing":100,"datum":"natrf2022"},"geometry":{"type":"LineString","coordinates":[[-122.4150736,47.563026],[-122.4017805,47.5629575],[-122.3884875,47.5628874],[-122.3751946,47.5628157],[-122.3619017,47.5627425],[-122.3486089,47.5626678],[-122.3353161,47.5625916],[-122.3220234,47.5625138],[-122.3087307,47.5624344],[-122.2954381,47.5623535],[-122.2821455,47.5622711],[-122.268853,47.5621871],[-122.2555606,47.5621016]]}},{"type":"Feature","properties":{"axis":"N","value":5268100,"spacing":100,"datum":"natrf2022"},"geometry":{"type":"LineString","coordinates":[[-122.4150535,47.5648255],[-122.40176,47.564757],[-122.3884666,47.5646868],[-122.3751732,47.5646152],[-122.3618799,47.564542],[-122.3485866,47.5644673],[-122.3352933,47.564391],[-122.3220001,47.5643132],[-122.308707,47.5642339],[-122.2954139,47.564153],[-122.2821209,47.5640705],[-122.268828,47.5639866],[-122.2555351,47.563901]]}},{"type":"Feature","properties":{"axis":"N","value":5268200,"spacing":100,"datum":"natrf2022"},"geometry":{"type":"LineString","coordinates":[[-122.4150435,47.5657253],[-122.4017498,47.5656567],[-122.3884561,47.5655866],[-122.3751625,47.5655149],[-122.3618689,47.5654417],[-122.3485754,47.565367],[-122.3352819,47.5652907],[-122.3219885,47.5652129],[-122.3086952,47.5651336],[-122.2954019,47.5650527],[-122.2821086,47.5649702],[-122.2688155,47.5648863],[-122.2555223,47.5648008]]}},{"type":"Feature","properties":{"axis":"N","value":5268300,"spacing":100,"datum":"natrf2022"},"geometry":{"type":"LineString","coordinates":[[-122.4150335,47.566625],[-122.4017396,47.5665564],[-122.3884457,47.5664863],[-122.3751518,47.5664147],[-122.361858,47.5663415],[-122.3485642,47.5662667],[-122.3352706,47.5661905],[-122.3219769,47.5661127],[-122.3086833,47.5660333],[-122.2953898,47.5659524],[-122.2820963,47.56587],[-122.2688029,47.565786],[-122.2555096,47.5657005]]}},{"type":"Feature","properties":{"axis":"N","value":5268400,"spacing":100,"datum":"natrf2022"},"geometry":{"type":"LineString","coordinates":[[-122.4150235,47.5675247],[-122.4017293,47.5674562],[-122.3884352,47.5673861],[-122.3751411,47.5673144],[-122.3618471,47.5672412],[-122.3485531,47.5671665],[-122.3352592,47.5670902],[-122.3219653,47.5670124],[-122.3086715,47.566933],[-122.2953777,47.5668521],[-122.282084,47.5667697],[-122.2687904,47.5666857],[-122.2554968,47.5666002]]}},{"type":"Feature","properties":{"axis":"N","value":5268500,"spacing":100,"datum":"natrf2022"},"geometry":{"type":"LineString","coordinates":[[-122.4150135,47.5684245],[-122.4017191,47.5683559],[-122.3884247,47.5682858],[-122.3751304,47.5682141],[-122.3618361,47.5681409],[-122.3485419,47.5680662],[-122.3352478,47.5679899],[-122.3219537,47.5679121],[-122.3086597,47.5678327],[-122.2953657,47.5677518],[-122.2820718,47.5676694],[-122.2687779,47.5675854],[-122.2554841,47.5674999]]}},{"type":"Feature","properties":{"axis":"N","value":5268600,"spacing":100,"datum":"natrf2022"},"geometry":{"type":"LineString","coordinates":[[-122.4150035,47.5693242],[-122.4017088,47.5692556],[-122.3884142,47.5691855],[-122.3751197,47.5691139],[-122.3618252,47.5690407],[-122.3485308,47.5689659],[-122.3352364,47.5688896],[-122.3219421,47.5688118],[-122.3086478,47.5687325],[-122.2953536,47.5686516],[-122.2820595,47.5685691],[-122.2687654,47.5684851],[-122.2554713,47.5683996]]}},{"type":"Feature","properties":{"axis":"N","value":5268700,"spacing":100,"datum":"natrf2022"},"geometry":{"type":"LineString","coordinates":[[-122.4149934,47.570224],[-122.4016986,47.5701554],[-122.3884038,47.5700853],[-122.375109,47.5700136],[-122.3618143,47.5699404],[-122.3485196,47.5698657],[-122.335225,47.5697894],[-122.3219305,47.5697115],[-122.308636,47.5696322],[-122.2953415,47.5695513],[-122.2820472,47.5694688],[-122.2687528,47.5693848],[-122.2554586,47.5692993]]}},{"type":"Feature","properties":{"axis":"N","value":5268800,"spacing":100,"datum":"natrf2022"},"geometry":{"type":"LineString","coordinates":[[-122.4149834,47.5711237],[-122.4016883,47.5710551],[-122.3883933,47.570985],[-122.3750983,47.5709133],[-122.3618033,47.5708401],[-122.3485085,47.5707654],[-122.3352136,47.5706891],[-122.3219189,47.5706113],[-122.3086241,47.5705319],[-122.2953295,47.570451],[-122.2820349,47.5703685],[-122.2687403,47.5702846],[-122.2554458,47.570199]]}},{"type":"Feature","properties":{"axis":"N","value":5268900,"spacing":100,"datum":"natrf2022"},"geometry":{"type":"LineString","coordinates":[[-122.4149734,47.5720234],[-122.4016781,47.5719549],[-122.3883828,47.5718847],[-122.3750876,47.5718131],[-122.3617924,47.5717399],[-122.3484973,47.5716651],[-122.3352022,47.5715888],[-122.3219072,47.571511],[-122.3086123,47.5714316],[-122.2953174,47.5713507],[-122.2820226,47.5712683],[-122.2687278,47.5711843],[-122.2554331,47.5710987]]}},{"type":"Feature","properties":{"axis":"N","value":5269100,"spacing":100,"datum":"natrf2022"},"geometry":{"type":"LineString","coordinates":[[-122.4149534,47.5738229],[-122.4016576,47.5737543],[-122.3883618,47.5736842],[-122.3750662,47.5736125],[-122.3617706,47.5735393],[-122.348475,47.5734646],[-122.3351795,47.5733883],[-122.321884,47.5733104],[-122.3085886,47.5732311],[-122.2952933,47.5731501],[-122.281998,47.5730677],[-122.2687027,47.5729837],[-122.2554076,47.5728982]]}},{"type":"Feature","properties":{"axis":"N","value":5269200,"spacing":100,"datum":"natrf2022"},"geometry":{"type":"LineString","coordinates":[[-122.4149433,47.5747227],[-122.4016473,47.5746541],[-122.3883514,47.5745839],[-122.3750555,47.5745123],[-122.3617596,47.574439],[-122.3484638,47.5743643],[-122.3351681,47.574288],[-122.3218724,47.5742102],[-122.3085768,47.5741308],[-122.2952812,47.5740499],[-122.2819857,47.5739674],[-122.2686902,47.5738834],[-122.2553948,47.5737979]]}},{"type":"Feature","properties":{"axis":"N","value":5269300,"spacing":100,"datum":"natrf2022"},"geometry":{"type":"LineString","coordinates":[[-122.4149333,47.5756224],[-122.4016371,47.5755538],[-122.3883409,47.5754837],[-122.3750448,47.575412],[-122.3617487,47.5753388],[-122.3484527,47.575264],[-122.3351567,47.5751877],[-122.3218608,47.5751099],[-122.3085649,47.5750305],[-122.2952691,47.5749496],[-122.2819734,47.5748671],[-122.2686777,47.5747831],[-122.2553821,47.5746976]]}},{"type":"Feature","properties":{"axis":"N","value":5269400,"spacing":100,"datum":"natrf2022"},"geometry":{"type":"LineString","coordinates":[[-122.4149233,47.5765221],[-122.4016268,47.5764535],[-122.3883304,47.5763834],[-122.3750341,47.5763117],[-122.3617378,47.5762385],[-122.3484415,47.5761637],[-122.3351453,47.5760874],[-122.3218492,47.5760096],[-122.3085531,47.5759302],[-122.295257,47.5758493],[-122.2819611,47.5757668],[-122.2686652,47.5756828],[-122.2553693,47.5755973]]}},{"type":"Feature","properties":{"axis":"N","value":5269500,"spacing":100,"datum":"natrf2022"},"geometry":{"type":"LineString","coordinates":[[-122.4149133,47.5774219],[-122.4016166,47.5773533],[-122.3883199,47.5772831],[-122.3750234,47.5772115],[-122.3617268,47.5771382],[-122.3484303,47.5770635],[-122.3351339,47.5769872],[-122.3218375,47.5769093],[-122.3085412,47.5768299],[-122.295245,47.576749],[-122.2819488,47.5766665],[-122.2686526,47.5765825],[-122.2553566,47.576497]]}},{"type":"Feature","properties":{"axis":"N","value":5269600,"spacing":100,"datum":"natrf2022"},"geometry":{"type":"LineString","coordinates":[[-122.4149032,47.5783216],[-122.4016063,47.578253],[-122.3883095,47.5781829],[-122.3750126,47.5781112],[-122.3617159,47.578038],[-122.3484192,47.5779632],[-122.3351225,47.5778869],[-122.3218259,47.5778091],[-122.3085294,47.5777297],[-122.2952329,47.5776487],[-122.2819365,47.5775663],[-122.2686401,47.5774823],[-122.2553438,47.5773967]]}},{"type":"Feature","properties":{"axis":"N","value":5269700,"spacing":100,"datum":"natrf2022"},"geometry":{"type":"LineString","coordinates":[[-122.4148932,47.5792213],[-122.4015961,47.5791527],[-122.388299,47.5790826],[-122.3750019,47.5790109],[-122.3617049,47.5789377],[-122.348408,47.5788629],[-122.3351111,47.5787866],[-122.3218143,47.5787088],[-122.3085175,47.5786294],[-122.2952208,47.5785485],[-122.2819242,47.578466],[-122.2686276,47.578382],[-122.255331,47.5782964]]}},{"type":"Feature","properties":{"axis":"N","value":5269800,"spacing":100,"datum":"natrf2022"},"geometry":{"type":"LineString","coordinates":[[-122.4148832,47.5801211],[-122.4015858,47.5800525],[-122.3882885,47.5799823],[-122.3749912,47.5799107],[-122.361694,47.5798374],[-122.3483968,47.5797627],[-122.3350997,47.5796863],[-122.3218027,47.5796085],[-122.3085057,47.5795291],[-122.2952087,47.5794482],[-122.2819119,47.5793657],[-122.268615,47.5792817],[-122.2553183,47.5791961]]}},{"type":"Feature","properties":{"axis":"N","value":5269900,"spacing":100,"datum":"natrf2022"},"geometry":{"type":"LineString","coordinates":[[-122.4148732,47.5810208],[-122.4015756,47.5809522],[-122.388278,47.5808821],[-122.3749805,47.5808104],[-122.3616831,47.5807372],[-122.3483857,47.5806624],[-122.3350883,47.5805861],[-122.3217911,47.5805082],[-122.3084938,47.5804288],[-122.2951967,47.5803479],[-122.2818996,47.5802654],[-122.2686025,47.5801814],[-122.2553055,47.5800958]]}},{"type":"Feature","properties":{"axis":"N","value":5270100,"spacing":100,"datum":"natrf2022"},"geometry":{"type":"LineString","coordinates":[[-122.4148531,47.5828203],[-122.4015551,47.5827517],[-122.3882571,47.5826815],[-122.3749591,47.5826098],[-122.3616612,47.5825366],[-122.3483634,47.5824618],[-122.3350656,47.5823855],[-122.3217678,47.5823077],[-122.3084701,47.5822283],[-122.2951725,47.5821473],[-122.281875,47.5820648],[-122.2685774,47.5819808],[-122.25528,47.5818952]]}},{"type":"Feature","properties":{"axis":"N","value":5270200,"spacing":100,"datum":"natrf2022"},"geometry":{"type":"LineString","coordinates":[[-122.4148431,47.58372],[-122.4015448,47.5836514],[-122.3882466,47.5835813],[-122.3749484,47.5835096],[-122.3616503,47.5834363],[-122.3483522,47.5833616],[-122.3350542,47.5832852],[-122.3217562,47.5832074],[-122.3084583,47.583128],[-122.2951604,47.583047],[-122.2818626,47.5829645],[-122.2685649,47.5828805],[-122.2552672,47.582795]]}},{"type":"Feature","properties":{"axis":"N","value":5270300,"spacing":100,"datum":"natrf2022"},"geometry":{"type":"LineString","coordinates":[[-122.4148331,47.5846198],[-122.4015345,47.5845512],[-122.3882361,47.584481],[-122.3749377,47.5844093],[-122.3616393,47.5843361],[-122.348341,47.5842613],[-122.3350428,47.584185],[-122.3217446,47.5841071],[-122.3084464,47.5840277],[-122.2951484,47.5839468],[-122.2818503,47.5838643],[-122.2685524,47.5837802],[-122.2552545,47.5836947]]}},{"type":"Feature","properties":{"axis":"N","value":5270400,"spacing":100,"datum":"natrf2022"},"geometry":{"type":"LineString","coordinates":[[-122.414823,47.5855195],[-122.4015243,47.5854509],[-122.3882256,47.5853807],[-122.374927,47.585309],[-122.3616284,47.5852358],[-122.3483299,47.585161],[-122.3350314,47.5850847],[-122.321733,47.5850068],[-122.3084346,47.5849274],[-122.2951363,47.5848465],[-122.281838,47.584764],[-122.2685398,47.5846799],[-122.2552417,47.5845944]]}},{"type":"Feature","properties":{"axis":"N","value":5270500,"spacing":100,"datum":"natrf2022"},"geometry":{"type":"LineString","coordinates":[[-122.414813,47.5864192],[-122.401514,47.5863506],[-122.3882151,47.5862805],[-122.3749163,47.5862088],[-122.3616174,47.5861355],[-122.3483187,47.5860607],[-122.33502,47.5859844],[-122.3217213,47.5859065],[-122.3084227,47.5858271],[-122.2951242,47.5857462],[-122.2818257,47.5856637],[-122.2685273,47.5855797],[-122.255229,47.5854941]]}},{"type":"Feature","properties":{"axis":"N","value":5270600,"spacing":100,"datum":"natrf2022"},"geometry":{"type":"LineString","coordinates":[[-122.414803,47.587319],[-122.4015038,47.5872504],[-122.3882046,47.5871802],[-122.3749055,47.5871085],[-122.3616065,47.5870353],[-122.3483075,47.5869605],[-122.3350086,47.5868841],[-122.3217097,47.5868063],[-122.3084109,47.5867269],[-122.2951121,47.5866459],[-122.2818134,47.5865634],[-122.2685148,47.5864794],[-122.2552162,47.5863938]]}},{"type":"Feature","properties":{"axis":"N","value":5270700,"spacing":100,"datum":"natrf2022"},"geometry":{"type":"LineString","coordinates":[[-122.4147929,47.5882187],[-122.4014935,47.5881501],[-122.3881942,47.5880799],[-122.3748948,47.5880082],[-122.3615956,47.587935],[-122.3482963,47.5878602],[-122.3349972,47.5877839],[-122.3216981,47.587706],[-122.308399,47.5876266],[-122.2951,47.5875456],[-122.2818011,47.5874631],[-122.2685022,47.5873791],[-122.2552034,47.5872935]]}},{"type":"Feature","properties":{"axis":"N","value":5270800,"spacing":100,"datum":"natrf2022"},"geometry":{"type":"LineString","coordinates":[[-122.4147829,47.5891185],[-122.4014833,47.5890498],[-122.3881837,47.5889797],[-122.3748841,47.588908],[-122.3615846,47.5888347],[-122.3482852,47.5887599],[-122.3349858,47.5886836],[-122.3216865,47.5886057],[-122.3083872,47.5885263],[-122.295088,47.5884453],[-122.2817888,47.5883628],[-122.2684897,47.5882788],[-122.2551907,47.5881932]]}},{"type":"Feature","properties":{"axis":"N","value":5270900,"spacing":100,"datum":"natrf2022"},"geometry":{"type":"LineString","coordinates":[[-122.4147729,47.5900182],[-122.401473,47.5899496],[-122.3881732,47.5898794],[-122.3748734,47.5898077],[-122.3615737,47.5897344],[-122.348274,47.5896596],[-122.3349744,47.5895833],[-122.3216748,47.5895054],[-122.3083753,47.589426],[-122.2950759,47.589345],[-122.2817765,47.5892625],[-122.2684772,47.5891785],[-122.2551779,47.5890929]]}},{"type":"Feature","properties":{"axis":"N","value":5271100,"spacing":100,"datum":"natrf2022"},"geometry":{"type":"LineString","coordinates":[[-122.4147528,47.5918177],[-122.4014525,47.591749],[-122.3881522,47.5916789],[-122.374852,47.5916071],[-122.3615518,47.5915339],[-122.3482517,47.5914591],[-122.3349516,47.5913828],[-122.3216516,47.5913049],[-122.3083516,47.5912254],[-122.2950517,47.5911445],[-122.2817519,47.591062],[-122.2684521,47.5909779],[-122.2551524,47.5908923]]}},{"type":"Feature","properties":{"axis":"N","value":5271200,"spacing":100,"datum":"natrf2022"},"geometry":{"type":"LineString","coordinates":[[-122.4147428,47.5927174],[-122.4014422,47.5926488],[-122.3881417,47.5925786],[-122.3748413,47.5925069],[-122.3615409,47.5924336],[-122.3482405,47.5923588],[-122.3349402,47.5922825],[-122.32164,47.5922046],[-122.3083398,47.5921252],[-122.2950396,47.5920442],[-122.2817396,47.5919617],[-122.2684396,47.5918776],[-122.2551396,47.591792]]}},{"type":"Feature","properties":{"axis":"N","value":5271300,"spacing":100,"datum":"natrf2022"},"geometry":{"type":"LineString","coordinates":[[-122.4147328,47.5936171],[-122.401432,47.5935485],[-122.3881312,47.5934783],[-122.3748305,47.5934066],[-122.3615299,47.5933333],[-122.3482293,47.5932585],[-122.3349288,47.5931822],[-122.3216283,47.5931043],[-122.3083279,47.5930249],[-122.2950276,47.5929439],[-122.2817273,47.5928614],[-122.268427,47.5927773],[-122.2551268,47.5926917]]}},{"type":"Feature","properties":{"axis":"N","value":5271400,"spacing":100,"datum":"natrf2022"},"geometry":{"type":"LineString","coordinates":[[-122.4147227,47.5945169],[-122.4014217,47.5944482],[-122.3881207,47.5943781],[-122.3748198,47.5943063],[-122.361519,47.5942331],[-122.3482182,47.5941583],[-122.3349174,47.5940819],[-122.3216167,47.594004],[-122.3083161,47.5939246],[-122.2950155,47.5938436],[-122.2817149,47.5937611],[-122.2684145,47.593677],[-122.2551141,47.5935914]]}},{"type":"Feature","properties":{"axis":"N","value":5271500,"spacing":100,"datum":"natrf2022"},"geometry":{"type":"LineString","coordinates":[[-122.4147127,47.5954166],[-122.4014114,47.595348],[-122.3881103,47.5952778],[-122.3748091,47.5952061],[-122.361508,47.5951328],[-122.348207,47.595058],[-122.334906,47.5949816],[-122.3216051,47.5949037],[-122.3083042,47.5948243],[-122.2950034,47.5947433],[-122.2817026,47.5946608],[-122.2684019,47.5945768],[-122.2551013,47.5944911]]}},{"type":"Feature","properties":{"axis":"N","value":5271600,"spacing":100,"datum":"natrf2022"},"geometry":{"type":"LineString","coordinates":[[-122.4147027,47.5963163],[-122.4014012,47.5962477],[-122.3880998,47.5961775],[-122.3747984,47.5961058],[-122.3614971,47.5960325],[-122.3481958,47.5959577],[-122.3348946,47.5958814],[-122.3215934,47.5958035],[-122.3082923,47.595724],[-122.2949913,47.595643],[-122.2816903,47.5955605],[-122.2683894,47.5954765],[-122.2550885,47.5953909]]}},{"type":"Feature","properties":{"axis":"N","value":5271700,"spacing":100,"datum":"natrf2022"},"geometry":{"type":"LineString","coordinates":[[-122.4146926,47.5972161],[-122.4013909,47.5971474],[-122.3880893,47.5970773],[-122.3747877,47.5970055],[-122.3614861,47.5969323],[-122.3481846,47.5968574],[-122.3348832,47.5967811],[-122.3215818,47.5967032],[-122.3082805,47.5966237],[-122.2949792,47.5965428],[-122.281678,47.5964602],[-122.2683768,47.5963762],[-122.2550758,47.5962906]]}},{"type":"Feature","properties":{"axis":"N","value":5271800,"spacing":100,"datum":"natrf2022"},"geometry":{"type":"LineString","coordinates":[[-122.4146826,47.5981158],[-122.4013807,47.5980472],[-122.3880788,47.597977],[-122.374777,47.5979053],[-122.3614752,47.597832],[-122.3481735,47.5977572],[-122.3348718,47.5976808],[-122.3215702,47.5976029],[-122.3082686,47.5975235],[-122.2949671,47.5974425],[-122.2816657,47.5973599],[-122.2683643,47.5972759],[-122.255063,47.5971903]]}},{"type":"Feature","properties":{"axis":"N","value":5271900,"spacing":100,"datum":"natrf2022"},"geometry":{"type":"LineString","coordinates":[[-122.4146726,47.5990156],[-122.4013704,47.5989469],[-122.3880683,47.5988767],[-122.3747662,47.598805],[-122.3614642,47.5987317],[-122.3481623,47.5986569],[-122.3348604,47.5985805],[-122.3215585,47.5985026],[-122.3082568,47.5984232],[-122.294955,47.5983422],[-122.2816534,47.5982597],[-122.2683518,47.5981756],[-122.2550502,47.59809]]}},{"type":"Feature","properties":{"axis":"N","value":5272100,"spacing":100,"datum":"natrf2022"},"geometry":{"type":"LineString","coordinates":[[-122.4146525,47.600815],[-122.4013499,47.6007464],[-122.3880473,47.6006762],[-122.3747448,47.6006044],[-122.3614423,47.6005312],[-122.3481399,47.6004563],[-122.3348376,47.60038],[-122.3215353,47.6003021],[-122.308233,47.6002226],[-122.2949309,47.6001416],[-122.2816287,47.6000591],[-122.2683267,47.599975],[-122.2550247,47.5998894]]}},{"type":"Feature","properties":{"axis":"N","value":5272200,"spacing":100,"datum":"natrf2022"},"geometry":{"type":"LineString","coordinates":[[-122.4146424,47.6017148],[-122.4013396,47.6016461],[-122.3880368,47.6015759],[-122.3747341,47.6015042],[-122.3614314,47.6014309],[-122.3481288,47.6013561],[-122.3348262,47.6012797],[-122.3215236,47.6012018],[-122.3082212,47.6011223],[-122.2949188,47.6010413],[-122.2816164,47.6009588],[-122.2683141,47.6008747],[-122.2550119,47.6007891]]}},{"type":"Feature","properties":{"axis":"N","value":5272300,"spacing":100,"datum":"natrf2022"},"geometry":{"type":"LineString","coordinates":[[-122.4146324,47.6026145],[-122.4013293,47.6025458],[-122.3880263,47.6024756],[-122.3747234,47.6024039],[-122.3614204,47.6023306],[-122.3481176,47.6022558],[-122.3348148,47.6021794],[-122.321512,47.6021015],[-122.3082093,47.602022],[-122.2949067,47.601941],[-122.2816041,47.6018585],[-122.2683016,47.6017744],[-122.2549991,47.6016888]]}},{"type":"Feature","properties":{"axis":"N","value":5272400,"spacing":100,"datum":"natrf2022"},"geometry":{"type":"LineString","coordinates":[[-122.4146224,47.6035142],[-122.4013191,47.6034456],[-122.3880158,47.6033754],[-122.3747126,47.6033036],[-122.3614095,47.6032303],[-122.3481064,47.6031555],[-122.3348034,47.6030791],[-122.3215004,47.6030012],[-122.3081975,47.6029218],[-122.2948946,47.6028408],[-122.2815918,47.6027582],[-122.268289,47.6026741],[-122.2549864,47.6025885]]}},{"type":"Feature","properties":{"axis":"N","value":5272500,"spacing":100,"datum":"natrf2022"},"geometry":{"type":"LineString","coordinates":[[-122.4146123,47.604414],[-122.4013088,47.6043453],[-122.3880053,47.6042751],[-122.3747019,47.6042033],[-122.3613985,47.6041301],[-122.3480952,47.6040552],[-122.334792,47.6039789],[-122.3214887,47.6039009],[-122.3081856,47.6038215],[-122.2948825,47.6037405],[-122.2815795,47.6036579],[-122.2682765,47.6035738],[-122.2549736,47.6034882]]}},{"type":"Feature","properties":{"axis":"N","value":5272600,"spacing":100,"datum":"natrf2022"},"geometry":{"type":"LineString","coordinates":[[-122.4146023,47.6053137],[-122.4012985,47.605245],[-122.3879948,47.6051748],[-122.3746912,47.6051031],[-122.3613876,47.6050298],[-122.348084,47.6049549],[-122.3347805,47.6048786],[-122.3214771,47.6048007],[-122.3081737,47.6047212],[-122.2948704,47.6046402],[-122.2815671,47.6045576],[-122.2682639,47.6044735],[-122.2549608,47.6043879]]}},{"type":"Feature","properties":{"axis":"N","value":5272700,"spacing":100,"datum":"natrf2022"},"geometry":{"type":"LineString","coordinates":[[-122.4145923,47.6062134],[-122.4012883,47.6061448],[-122.3879843,47.6060746],[-122.3746805,47.6060028],[-122.3613766,47.6059295],[-122.3480729,47.6058547],[-122.3347691,47.6057783],[-122.3214655,47.6057004],[-122.3081619,47.6056209],[-122.2948583,47.6055399],[-122.2815548,47.6054573],[-122.2682514,47.6053733],[-122.254948,47.6052876]]}},{"type":"Feature","properties":{"axis":"N","value":5272800,"spacing":100,"datum":"natrf2022"},"geometry":{"type":"LineString","coordinates":[[-122.4145822,47.6071132],[-122.401278,47.6070445],[-122.3879738,47.6069743],[-122.3746697,47.6069025],[-122.3613657,47.6068292],[-122.3480617,47.6067544],[-122.3347577,47.606678],[-122.3214538,47.6066001],[-122.30815,47.6065206],[-122.2948462,47.6064396],[-122.2815425,47.6063571],[-122.2682388,47.606273],[-122.2549352,47.6061873]]}},{"type":"Feature","properties":{"axis":"N","value":5272900,"spacing":100,"datum":"natrf2022"},"geometry":{"type":"LineString","coordinates":[[-122.4145722,47.6080129],[-122.4012677,47.6079442],[-122.3879634,47.607874],[-122.374659,47.6078023],[-122.3613547,47.607729],[-122.3480505,47.6076541],[-122.3347463,47.6075777],[-122.3214422,47.6074998],[-122.3081381,47.6074203],[-122.2948341,47.6073393],[-122.2815302,47.6072568],[-122.2682263,47.6071727],[-122.2549225,47.607087]]}},{"type":"Feature","properties":{"axis":"N","value":5273100,"spacing":100,"datum":"natrf2022"},"geometry":{"type":"LineString","coordinates":[[-122.4145521,47.6098124],[-122.4012472,47.6097437],[-122.3879424,47.6096735],[-122.3746376,47.6096017],[-122.3613328,47.6095284],[-122.3480281,47.6094536],[-122.3347235,47.6093772],[-122.3214189,47.6092992],[-122.3081144,47.6092198],[-122.2948099,47.6091387],[-122.2815055,47.6090562],[-122.2682012,47.6089721],[-122.2548969,47.6088864]]}},{"type":"Feature","properties":{"axis":"N","value":5273200,"spacing":100,"datum":"natrf2022"},"geometry":{"type":"LineString","coordinates":[[-122.4145421,47.6107121],[-122.4012369,47.6106434],[-122.3879319,47.6105732],[-122.3746268,47.6105014],[-122.3613219,47.6104281],[-122.348017,47.6103533],[-122.3347121,47.6102769],[-122.3214073,47.610199],[-122.3081025,47.6101195],[-122.2947979,47.6100385],[-122.2814932,47.6099559],[-122.2681886,47.6098718],[-122.2548841,47.6097861]]}},{"type":"Feature","properties":{"axis":"N","value":5273300,"spacing":100,"datum":"natrf2022"},"geometry":{"type":"LineString","coordinates":[[-122.414532,47.6116118],[-122.4012267,47.6115431],[-122.3879214,47.6114729],[-122.3746161,47.6114012],[-122.3613109,47.6113279],[-122.3480058,47.611253],[-122.3347007,47.6111766],[-122.3213957,47.6110987],[-122.3080907,47.6110192],[-122.2947858,47.6109382],[-122.2814809,47.6108556],[-122.2681761,47.6107715],[-122.2548714,47.6106858]]}},{"type":"Feature","properties":{"axis":"N","value":5273400,"spacing":100,"datum":"natrf2022"},"geometry":{"type":"LineString","coordinates":[[-122.414522,47.6125116],[-122.4012164,47.6124429],[-122.3879109,47.6123727],[-122.3746054,47.6123009],[-122.3613,47.6122276],[-122.3479946,47.6121527],[-122.3346893,47.6120763],[-122.321384,47.6119984],[-122.3080788,47.6119189],[-122.2947737,47.6118379],[-122.2814686,47.6117553],[-122.2681635,47.6116712],[-122.2548586,47.6115855]]}},{"type":"Feature","properties":{"axis":"N","value":5273500,"spacing":100,"datum":"natrf2022"},"geometry":{"type":"LineString","coordinates":[[-122.4145119,47.6134113],[-122.4012061,47.6133426],[-122.3879004,47.6132724],[-122.3745947,47.6132006],[-122.361289,47.6131273],[-122.3479834,47.6130524],[-122.3346779,47.612976],[-122.3213724,47.6128981],[-122.3080669,47.6128186],[-122.2947616,47.6127376],[-122.2814562,47.612655],[-122.268151,47.6125709],[-122.2548458,47.6124852]]}},{"type":"Feature","properties":{"axis":"N","value":5273600,"spacing":100,"datum":"natrf2022"},"geometry":{"type":"LineString","coordinates":[[-122.4145019,47.614311],[-122.4011958,47.6142423],[-122.3878899,47.6141721],[-122.3745839,47.6141003],[-122.361278,47.614027],[-122.3479722,47.6139522],[-122.3346664,47.6138758],[-122.3213607,47.6137978],[-122.3080551,47.6137183],[-122.2947495,47.6136373],[-122.2814439,47.6135547],[-122.2681384,47.6134706],[-122.254833,47.613385]]}},{"type":"Feature","properties":{"axis":"N","value":5273700,"spacing":100,"datum":"natrf2022"},"geometry":{"type":"LineString","coordinates":[[-122.4144918,47.6152108],[-122.4011856,47.6151421],[-122.3878794,47.6150718],[-122.3745732,47.6150001],[-122.3612671,47.6149267],[-122.347961,47.6148519],[-122.334655,47.6147755],[-122.3213491,47.6146975],[-122.3080432,47.614618],[-122.2947374,47.614537],[-122.2814316,47.6144544],[-122.2681259,47.6143703],[-122.2548202,47.6142847]]}},{"type":"Feature","properties":{"axis":"N","value":5273800,"spacing":100,"datum":"natrf2022"},"geometry":{"type":"LineString","coordinates":[[-122.4144818,47.6161105],[-122.4011753,47.6160418],[-122.3878689,47.6159716],[-122.3745625,47.6158998],[-122.3612561,47.6158265],[-122.3479499,47.6157516],[-122.3346436,47.6156752],[-122.3213374,47.6155973],[-122.3080313,47.6155178],[-122.2947253,47.6154367],[-122.2814193,47.6153541],[-122.2681133,47.61527],[-122.2548074,47.6151844]]}},{"type":"Feature","properties":{"axis":"N","value":5273900,"spacing":100,"datum":"natrf2022"},"geometry":{"type":"LineString","coordinates":[[-122.4144717,47.6170102],[-122.401165,47.6169415],[-122.3878584,47.6168713],[-122.3745517,47.6167995],[-122.3612452,47.6167262],[-122.3479387,47.6166513],[-122.3346322,47.6165749],[-122.3213258,47.616497],[-122.3080195,47.6164175],[-122.2947132,47.6163364],[-122.2814069,47.6162539],[-122.2681008,47.6161697],[-122.2547947,47.6160841]]}},{"type":"Feature","properties":{"axis":"N","value":5274100,"spacing":100,"datum":"natrf2022"},"geometry":{"type":"LineString","coordinates":[[-122.4144517,47.6188097],[-122.4011445,47.618741],[-122.3878374,47.6186707],[-122.3745303,47.618599],[-122.3612233,47.6185256],[-122.3479163,47.6184508],[-122.3346094,47.6183744],[-122.3213025,47.6182964],[-122.3079957,47.6182169],[-122.294689,47.6181359],[-122.2813823,47.6180533],[-122.2680757,47.6179691],[-122.2547691,47.6178835]]}},{"type":"Feature","properties":{"axis":"N","value":5274200,"spacing":100,"datum":"natrf2022"},"geometry":{"type":"LineString","coordinates":[[-122.4144416,47.6197094],[-122.4011342,47.6196407],[-122.3878269,47.6195705],[-122.3745196,47.6194987],[-122.3612123,47.6194254],[-122.3479051,47.6193505],[-122.334598,47.6192741],[-122.3212909,47.6191961],[-122.3079838,47.6191166],[-122.2946769,47.6190356],[-122.28137,47.618953],[-122.2680631,47.6188688],[-122.2547563,47.6187832]]}},{"type":"Feature","properties":{"axis":"N","value":5274300,"spacing":100,"datum":"natrf2022"},"geometry":{"type":"LineString","coordinates":[[-122.4144316,47.6206091],[-122.4011239,47.6205404],[-122.3878164,47.6204702],[-122.3745088,47.6203984],[-122.3612013,47.6203251],[-122.3478939,47.6202502],[-122.3345865,47.6201738],[-122.3212792,47.6200958],[-122.307972,47.6200163],[-122.2946648,47.6199353],[-122.2813576,47.6198527],[-122.2680505,47.6197686],[-122.2547435,47.6196829]]}},{"type":"Feature","properties":{"axis":"N","value":5274400,"spacing":100,"datum":"natrf2022"},"geometry":{"type":"LineString","coordinates":[[-122.4144215,47.6215089],[-122.4011137,47.6214402],[-122.3878058,47.6213699],[-122.3744981,47.6212981],[-122.3611904,47.6212248],[-122.3478827,47.6211499],[-122.3345751,47.6210735],[-122.3212676,47.6209955],[-122.3079601,47.620916],[-122.2946527,47.620835],[-122.2813453,47.6207524],[-122.268038,47.6206683],[-122.2547307,47.6205826]]}},{"type":"Feature","properties":{"axis":"N","value":5274500,"spacing":100,"datum":"natrf2022"},"geometry":{"type":"LineString","coordinates":[[-122.4144115,47.6224086],[-122.4011034,47.6223399],[-122.3877953,47.6222697],[-122.3744874,47.6221979],[-122.3611794,47.6221245],[-122.3478715,47.6220497],[-122.3345637,47.6219732],[-122.3212559,47.6218953],[-122.3079482,47.6218158],[-122.2946406,47.6217347],[-122.281333,47.6216521],[-122.2680254,47.621568],[-122.2547179,47.6214823]]}},{"type":"Feature","properties":{"axis":"N","value":5274600,"spacing":100,"datum":"natrf2022"},"geometry":{"type":"LineString","coordinates":[[-122.4144014,47.6233083],[-122.4010931,47.6232396],[-122.3877848,47.6231694],[-122.3744766,47.6230976],[-122.3611685,47.6230243],[-122.3478603,47.6229494],[-122.3345523,47.6228729],[-122.3212443,47.622795],[-122.3079363,47.6227155],[-122.2946285,47.6226344],[-122.2813206,47.6225518],[-122.2680129,47.6224677],[-122.2547052,47.622382]]}},{"type":"Feature","properties":{"axis":"N","value":5274700,"spacing":100,"datum":"natrf2022"},"geometry":{"type":"LineString","coordinates":[[-122.4143914,47.6242081],[-122.4010828,47.6241394],[-122.3877743,47.6240691],[-122.3744659,47.6239973],[-122.3611575,47.623924],[-122.3478492,47.6238491],[-122.3345409,47.6237727],[-122.3212326,47.6236947],[-122.3079245,47.6236152],[-122.2946164,47.6235341],[-122.2813083,47.6234515],[-122.2680003,47.6233674],[-122.2546924,47.6232817]]}},{"type":"Feature","properties":{"axis":"N","value":5274800,"spacing":100,"datum":"natrf2022"},"geometry":{"type":"LineString","coordinates":[[-122.4143813,47.6251078],[-122.4010725,47.6250391],[-122.3877638,47.6249688],[-122.3744552,47.624897],[-122.3611465,47.6248237],[-122.347838,47.6247488],[-122.3345295,47.6246724],[-122.321221,47.6245944],[-122.3079126,47.6245149],[-122.2946043,47.6244338],[-122.281296,47.6243512],[-122.2679877,47.6242671],[-122.2546796,47.6241814]]}},{"type":"Feature","properties":{"axis":"N","value":5274900,"spacing":100,"datum":"natrf2022"},"geometry":{"type":"LineString","coordinates":[[-122.4143713,47.6260075],[-122.4010623,47.6259388],[-122.3877533,47.6258686],[-122.3744444,47.6257968],[-122.3611356,47.6257234],[-122.3478268,47.6256485],[-122.334518,47.6255721],[-122.3212093,47.6254941],[-122.3079007,47.6254146],[-122.2945921,47.6253335],[-122.2812836,47.6252509],[-122.2679752,47.6251668],[-122.2546668,47.6250811]]}},{"type":"Feature","properties":{"axis":"N","value":5275100,"spacing":100,"datum":"natrf2022"},"geometry":{"type":"LineString","coordinates":[[-122.4143512,47.627807],[-122.4010417,47.6277383],[-122.3877323,47.627668],[-122.3744229,47.6275962],[-122.3611136,47.6275229],[-122.3478044,47.627448],[-122.3344952,47.6273715],[-122.321186,47.6272936],[-122.307877,47.627214],[-122.2945679,47.627133],[-122.281259,47.6270503],[-122.2679501,47.6269662],[-122.2546412,47.6268805]]}},{"type":"Feature","properties":{"axis":"N","value":5275200,"spacing":100,"datum":"natrf2022"},"geometry":{"type":"LineString","coordinates":[[-122.4143411,47.6287067],[-122.4010314,47.628638],[-122.3877218,47.6285677],[-122.3744122,47.6284959],[-122.3611027,47.6284226],[-122.3477932,47.6283477],[-122.3344838,47.6282712],[-122.3211744,47.6281933],[-122.3078651,47.6281137],[-122.2945558,47.6280327],[-122.2812466,47.6279501],[-122.2679375,47.6278659],[-122.2546284,47.6277802]]}},{"type":"Feature","properties":{"axis":"N","value":5275300,"spacing":100,"datum":"natrf2022"},"geometry":{"type":"LineString","coordinates":[[-122.4143311,47.6296065],[-122.4010212,47.6295377],[-122.3877113,47.6294675],[-122.3744015,47.6293957],[-122.3610917,47.6293223],[-122.347782,47.6292474],[-122.3344723,47.629171],[-122.3211627,47.629093],[-122.3078532,47.6290134],[-122.2945437,47.6289324],[-122.2812343,47.6288498],[-122.2679249,47.6287656],[-122.2546156,47.6286799]]}},{"type":"Feature","properties":{"axis":"N","value":5275400,"spacing":100,"datum":"natrf2022"},"geometry":{"type":"LineString","coordinates":[[-122.414321,47.6305062],[-122.4010109,47.6304375],[-122.3877008,47.6303672],[-122.3743907,47.6302954],[-122.3610807,47.630222],[-122.3477708,47.6301471],[-122.3344609,47.6300707],[-122.3211511,47.6299927],[-122.3078413,47.6299132],[-122.2945316,47.6298321],[-122.281222,47.6297495],[-122.2679124,47.6296653],[-122.2546028,47.6295796]]}},{"type":"Feature","properties":{"axis":"N","value":5275500,"spacing":100,"datum":"natrf2022"},"geometry":{"type":"LineString","coordinates":[[-122.414311,47.6314059],[-122.4010006,47.6313372],[-122.3876903,47.6312669],[-122.37438,47.6311951],[-122.3610698,47.6311217],[-122.3477596,47.6310468],[-122.3344495,47.6309704],[-122.3211394,47.6308924],[-122.3078294,47.6308129],[-122.2945195,47.6307318],[-122.2812096,47.6306492],[-122.2678998,47.630565],[-122.25459,47.6304793]]}},{"type":"Feature","properties":{"axis":"N","value":5275600,"spacing":100,"datum":"natrf2022"},"geometry":{"type":"LineString","coordinates":[[-122.4143009,47.6323056],[-122.4009903,47.6322369],[-122.3876798,47.6321666],[-122.3743693,47.6320948],[-122.3610588,47.6320215],[-122.3477484,47.6319466],[-122.3344381,47.6318701],[-122.3211278,47.6317921],[-122.3078176,47.6317126],[-122.2945074,47.6316315],[-122.2811973,47.6315489],[-122.2678872,47.6314647],[-122.2545772,47.631379]]}},{"type":"Feature","properties":{"axis":"N","value":5275700,"spacing":100,"datum":"natrf2022"},"geometry":{"type":"LineString","coordinates":[[-122.4142909,47.6332054],[-122.40098,47.6331366],[-122.3876692,47.6330664],[-122.3743585,47.6329946],[-122.3610478,47.6329212],[-122.3477372,47.6328463],[-122.3344267,47.6327698],[-122.3211161,47.6326918],[-122.3078057,47.6326123],[-122.2944953,47.6325312],[-122.2811849,47.6324486],[-122.2678747,47.6323644],[-122.2545645,47.6322787]]}},{"type":"Feature","properties":{"axis":"N","value":5275800,"spacing":100,"datum":"natrf2022"},"geometry":{"type":"LineString","coordinates":[[-122.4142808,47.6341051],[-122.4009697,47.6340364],[-122.3876587,47.6339661],[-122.3743478,47.6338943],[-122.3610369,47.6338209],[-122.347726,47.633746],[-122.3344152,47.6336695],[-122.3211045,47.6335915],[-122.3077938,47.633512],[-122.2944832,47.6334309],[-122.2811726,47.6333483],[-122.2678621,47.6332641],[-122.2545517,47.6331784]]}},{"type":"Feature","properties":{"axis":"N","value":5275900,"spacing":100,"datum":"natrf2022"},"geometry":{"type":"LineString","coordinates":[[-122.4142707,47.6350048],[-122.4009595,47.6349361],[-122.3876482,47.6348658],[-122.374337,47.634794],[-122.3610259,47.6347206],[-122.3477148,47.6346457],[-122.3344038,47.6345693],[-122.3210928,47.6344913],[-122.3077819,47.6344117],[-122.2944711,47.6343306],[-122.2811603,47.634248],[-122.2678495,47.6341638],[-122.2545389,47.6340781]]}},{"type":"Feature","properties":{"axis":"N","value":5276100,"spacing":100,"datum":"natrf2022"},"geometry":{"type":"LineString","coordinates":[[-122.4142506,47.6368043],[-122.4009389,47.6367356],[-122.3876272,47.6366653],[-122.3743156,47.6365934],[-122.361004,47.6365201],[-122.3476924,47.6364452],[-122.334381,47.6363687],[-122.3210695,47.6362907],[-122.3077582,47.6362111],[-122.2944468,47.63613],[-122.2811356,47.6360474],[-122.2678244,47.6359632],[-122.2545133,47.6358775]]}},{"type":"Feature","properties":{"axis":"N","value":5276200,"spacing":100,"datum":"natrf2022"},"geometry":{"type":"LineString","coordinates":[[-122.4142406,47.637704],[-122.4009286,47.6376353],[-122.3876167,47.637565],[-122.3743048,47.6374932],[-122.360993,47.6374198],[-122.3476812,47.6373449],[-122.3343695,47.6372684],[-122.3210579,47.6371904],[-122.3077463,47.6371108],[-122.2944347,47.6370297],[-122.2811233,47.6369471],[-122.2678118,47.6368629],[-122.2545005,47.6367772]]}},{"type":"Feature","properties":{"axis":"N","value":5276300,"spacing":100,"datum":"natrf2022"},"geometry":{"type":"LineString","coordinates":[[-122.4142305,47.6386037],[-122.4009183,47.638535],[-122.3876062,47.6384647],[-122.3742941,47.6383929],[-122.360982,47.6383195],[-122.34767,47.6382446],[-122.3343581,47.6381681],[-122.3210462,47.6380901],[-122.3077344,47.6380106],[-122.2944226,47.6379295],[-122.2811109,47.6378468],[-122.2677993,47.6377626],[-122.2544877,47.6376769]]}},{"type":"Feature","properties":{"axis":"N","value":5276400,"spacing":100,"datum":"natrf2022"},"geometry":{"type":"LineString","coordinates":[[-122.4142205,47.6395035],[-122.400908,47.6394347],[-122.3875957,47.6393644],[-122.3742833,47.6392926],[-122.3609711,47.6392192],[-122.3476588,47.6391443],[-122.3343467,47.6390678],[-122.3210346,47.6389898],[-122.3077225,47.6389103],[-122.2944105,47.6388292],[-122.2810986,47.6387465],[-122.2677867,47.6386623],[-122.2544749,47.6385766]]}},{"type":"Feature","properties":{"axis":"N","value":5276500,"spacing":100,"datum":"natrf2022"},"geometry":{"type":"LineString","coordinates":[[-122.4142104,47.6404032],[-122.4008978,47.6403345],[-122.3875851,47.6402642],[-122.3742726,47.6401923],[-122.3609601,47.6401189],[-122.3476476,47.640044],[-122.3343352,47.6399676],[-122.3210229,47.6398895],[-122.3077106,47.63981],[-122.2943984,47.6397289],[-122.2810862,47.6396462],[-122.2677741,47.639562],[-122.2544621,47.6394763]]}},{"type":"Feature","properties":{"axis":"N","value":5276600,"spacing":100,"datum":"natrf2022"},"geometry":{"type":"LineString","coordinates":[[-122.4142004,47.6413029],[-122.4008875,47.6412342],[-122.3875746,47.6411639],[-122.3742618,47.641092],[-122.3609491,47.6410187],[-122.3476364,47.6409437],[-122.3343238,47.6408673],[-122.3210112,47.6407892],[-122.3076987,47.6407097],[-122.2943863,47.6406286],[-122.2810739,47.6405459],[-122.2677615,47.6404617],[-122.2544493,47.640376]]}},{"type":"Feature","properties":{"axis":"N","value":5276700,"spacing":100,"datum":"natrf2022"},"geometry":{"type":"LineString","coordinates":[[-122.4141903,47.6422027],[-122.4008772,47.6421339],[-122.3875641,47.6420636],[-122.3742511,47.6419918],[-122.3609381,47.6419184],[-122.3476252,47.6418435],[-122.3343124,47.641767],[-122.3209996,47.641689],[-122.3076868,47.6416094],[-122.2943742,47.6415283],[-122.2810615,47.6414456],[-122.267749,47.6413614],[-122.2544365,47.6412757]]}},{"type":"Feature","properties":{"axis":"N","value":5276800,"spacing":100,"datum":"natrf2022"},"geometry":{"type":"LineString","coordinates":[[-122.4141802,47.6431024],[-122.4008669,47.6430336],[-122.3875536,47.6429633],[-122.3742404,47.6428915],[-122.3609272,47.6428181],[-122.347614,47.6427432],[-122.334301,47.6426667],[-122.3209879,47.6425887],[-122.307675,47.6425091],[-122.294362,47.642428],[-122.2810492,47.6423453],[-122.2677364,47.6422611],[-122.2544237,47.6421754]]}},{"type":"Feature","properties":{"axis":"N","value":5276900,"spacing":100,"datum":"natrf2022"},"geometry":{"type":"LineString","coordinates":[[-122.4141702,47.6440021],[-122.4008566,47.6439334],[-122.3875431,47.6438631],[-122.3742296,47.6437912],[-122.3609162,47.6437178],[-122.3476028,47.6436429],[-122.3342895,47.6435664],[-122.3209763,47.6434884],[-122.3076631,47.6434088],[-122.2943499,47.6433277],[-122.2810368,47.643245],[-122.2677238,47.6431608],[-122.2544109,47.6430751]]}},{"type":"Feature","properties":{"axis":"N","value":5277100,"spacing":100,"datum":"natrf2022"},"geometry":{"type":"LineString","coordinates":[[-122.4141501,47.6458016],[-122.400836,47.6457328],[-122.387522,47.6456625],[-122.3742081,47.6455907],[-122.3608942,47.6455173],[-122.3475804,47.6454423],[-122.3342667,47.6453658],[-122.3209529,47.6452878],[-122.3076393,47.6452082],[-122.2943257,47.6451271],[-122.2810122,47.6450444],[-122.2676987,47.6449602],[-122.2543853,47.6448745]]}},{"type":"Feature","properties":{"axis":"N","value":5277200,"spacing":100,"datum":"natrf2022"},"geometry":{"type":"LineString","coordinates":[[-122.41414,47.6467013],[-122.4008257,47.6466325],[-122.3875115,47.6465622],[-122.3741974,47.6464904],[-122.3608833,47.646417],[-122.3475692,47.646342],[-122.3342552,47.6462655],[-122.3209413,47.6461875],[-122.3076274,47.6461079],[-122.2943136,47.6460268],[-122.2809998,47.6459442],[-122.2676861,47.6458599],[-122.2543725,47.6457742]]}},{"type":"Feature","properties":{"axis":"N","value":5277300,"spacing":100,"datum":"natrf2022"},"geometry":{"type":"LineString","coordinates":[[-122.4141299,47.647601],[-122.4008154,47.6475323],[-122.387501,47.647462],[-122.3741866,47.6473901],[-122.3608723,47.6473167],[-122.347558,47.6472418],[-122.3342438,47.6471653],[-122.3209296,47.6470872],[-122.3076155,47.6470076],[-122.2943015,47.6469265],[-122.2809875,47.6468439],[-122.2676735,47.6467596],[-122.2543597,47.6466739]]}},{"type":"Feature","properties":{"axis":"N","value":5277400,"spacing":100,"datum":"natrf2022"},"geometry":{"type":"LineString","coordinates":[[-122.4141199,47.6485008],[-122.4008052,47.648432],[-122.3874905,47.6483617],[-122.3741759,47.6482898],[-122.3608613,47.6482164],[-122.3475468,47.6481415],[-122.3342324,47.648065],[-122.320918,47.6479869],[-122.3076036,47.6479074],[-122.2942893,47.6478262],[-122.2809751,47.6477436],[-122.2676609,47.6476593],[-122.2543468,47.6475736]]}},{"type":"Feature","properties":{"axis":"N","value":5277500,"spacing":100,"datum":"natrf2022"},"geometry":{"type":"LineString","coordinates":[[-122.4141098,47.6494005],[-122.4007949,47.6493317],[-122.38748,47.6492614],[-122.3741651,47.6491895],[-122.3608503,47.6491161],[-122.3475356,47.6490412],[-122.3342209,47.6489647],[-122.3209063,47.6488866],[-122.3075917,47.6488071],[-122.2942772,47.6487259],[-122.2809628,47.6486433],[-122.2676484,47.648559],[-122.254334,47.6484733]]}},{"type":"Feature","properties":{"axis":"N","value":5277600,"spacing":100,"datum":"natrf2022"},"geometry":{"type":"LineString","coordinates":[[-122.4140997,47.6503002],[-122.4007846,47.6502314],[-122.3874695,47.6501611],[-122.3741544,47.6500893],[-122.3608394,47.6500159],[-122.3475244,47.6499409],[-122.3342095,47.6498644],[-122.3208946,47.6497864],[-122.3075798,47.6497068],[-122.2942651,47.6496256],[-122.2809504,47.649543],[-122.2676358,47.6494587],[-122.2543212,47.649373]]}},{"type":"Feature","properties":{"axis":"N","value":5277700,"spacing":100,"datum":"natrf2022"},"geometry":{"type":"LineString","coordinates":[[-122.4140897,47.6511999],[-122.4007743,47.6511312],[-122.3874589,47.6510608],[-122.3741436,47.650989],[-122.3608284,47.6509156],[-122.3475132,47.6508406],[-122.3341981,47.6507641],[-122.320883,47.6506861],[-122.3075679,47.6506065],[-122.294253,47.6505253],[-122.2809381,47.6504427],[-122.2676232,47.6503584],[-122.2543084,47.6502727]]}},{"type":"Feature","properties":{"axis":"N","value":5277800,"spacing":100,"datum":"natrf2022"},"geometry":{"type":"LineString","coordinates":[[-122.4140796,47.6520997],[-122.400764,47.6520309],[-122.3874484,47.6519606],[-122.3741329,47.6518887],[-122.3608174,47.6518153],[-122.347502,47.6517403],[-122.3341866,47.6516638],[-122.3208713,47.6515858],[-122.307556,47.6515062],[-122.2942409,47.6514251],[-122.2809257,47.6513424],[-122.2676106,47.6512581],[-122.2542956,47.6511724]]}},{"type":"Feature","properties":{"axis":"N","value":5277900,"spacing":100,"datum":"natrf2022"},"geometry":{"type":"LineString","coordinates":[[-122.4140696,47.6529994],[-122.4007537,47.6529306],[-122.3874379,47.6528603],[-122.3741221,47.6527884],[-122.3608064,47.652715],[-122.3474908,47.65264],[-122.3341752,47.6525635],[-122.3208596,47.6524855],[-122.3075442,47.6524059],[-122.2942287,47.6523248],[-122.2809134,47.6522421],[-122.2675981,47.6521578],[-122.2542828,47.6520721]]}},{"type":"Feature","properties":{"axis":"N","value":5278100,"spacing":100,"datum":"natrf2022"},"geometry":{"type":"LineString","coordinates":[[-122.4140494,47.6547988],[-122.4007331,47.6547301],[-122.3874168,47.6546597],[-122.3741006,47.6545879],[-122.3607845,47.6545144],[-122.3474684,47.6544395],[-122.3341523,47.654363],[-122.3208363,47.6542849],[-122.3075204,47.6542053],[-122.2942045,47.6541242],[-122.2808887,47.6540415],[-122.2675729,47.6539572],[-122.2542572,47.6538715]]}},{"type":"Feature","properties":{"axis":"N","value":5278200,"spacing":100,"datum":"natrf2022"},"geometry":{"type":"LineString","coordinates":[[-122.4140394,47.6556986],[-122.4007228,47.6556298],[-122.3874063,47.6555595],[-122.3740899,47.6554876],[-122.3607735,47.6554142],[-122.3474571,47.6553392],[-122.3341409,47.6552627],[-122.3208246,47.6551846],[-122.3075085,47.655105],[-122.2941924,47.6550239],[-122.2808763,47.6549412],[-122.2675603,47.6548569],[-122.2542444,47.6547712]]}},{"type":"Feature","properties":{"axis":"N","value":5278300,"spacing":100,"datum":"natrf2022"},"geometry":{"type":"LineString","coordinates":[[-122.4140293,47.6565983],[-122.4007125,47.6565295],[-122.3873958,47.6564592],[-122.3740791,47.6563873],[-122.3607625,47.6563139],[-122.3474459,47.6562389],[-122.3341294,47.6561624],[-122.320813,47.6560843],[-122.3074966,47.6560047],[-122.2941802,47.6559236],[-122.280864,47.6558409],[-122.2675477,47.6557566],[-122.2542316,47.6556709]]}},{"type":"Feature","properties":{"axis":"N","value":5278400,"spacing":100,"datum":"natrf2022"},"geometry":{"type":"LineString","coordinates":[[-122.4140192,47.657498],[-122.4007022,47.6574292],[-122.3873853,47.6573589],[-122.3740684,47.657287],[-122.3607515,47.6572136],[-122.3474347,47.6571386],[-122.334118,47.6570621],[-122.3208013,47.656984],[-122.3074847,47.6569044],[-122.2941681,47.6568233],[-122.2808516,47.6567406],[-122.2675351,47.6566563],[-122.2542188,47.6565706]]}},{"type":"Feature","properties":{"axis":"N","value":5278500,"spacing":100,"datum":"natrf2022"},"geometry":{"type":"LineString","coordinates":[[-122.4140092,47.6583977],[-122.4006919,47.658329],[-122.3873747,47.6582586],[-122.3740576,47.6581867],[-122.3607405,47.6581133],[-122.3474235,47.6580383],[-122.3341065,47.6579618],[-122.3207896,47.6578838],[-122.3074728,47.6578041],[-122.294156,47.657723],[-122.2808392,47.6576403],[-122.2675226,47.657556],[-122.2542059,47.6574702]]}},{"type":"Feature","properties":{"axis":"N","value":5278600,"spacing":100,"datum":"natrf2022"},"geometry":{"type":"LineString","coordinates":[[-122.4139991,47.6592975],[-122.4006816,47.6592287],[-122.3873642,47.6591583],[-122.3740469,47.6590865],[-122.3607296,47.659013],[-122.3474123,47.658938],[-122.3340951,47.6588615],[-122.320778,47.6587835],[-122.3074609,47.6587038],[-122.2941439,47.6586227],[-122.2808269,47.65854],[-122.26751,47.6584557],[-122.2541931,47.6583699]]}},{"type":"Feature","properties":{"axis":"N","value":5278700,"spacing":100,"datum":"natrf2022"},"geometry":{"type":"LineString","coordinates":[[-122.413989,47.6601972],[-122.4006713,47.6601284],[-122.3873537,47.6600581],[-122.3740361,47.6599862],[-122.3607186,47.6599127],[-122.3474011,47.6598378],[-122.3340837,47.6597612],[-122.3207663,47.6596832],[-122.307449,47.6596036],[-122.2941317,47.6595224],[-122.2808145,47.6594397],[-122.2674974,47.6593554],[-122.2541803,47.6592696]]}},{"type":"Feature","properties":{"axis":"N","value":5278800,"spacing":100,"datum":"natrf2022"},"geometry":{"type":"LineString","coordinates":[[-122.413979,47.6610969],[-122.400661,47.6610281],[-122.3873432,47.6609578],[-122.3740254,47.6608859],[-122.3607076,47.6608125],[-122.3473899,47.6607375],[-122.3340722,47.6606609],[-122.3207546,47.6605829],[-122.3074371,47.6605033],[-122.2941196,47.6604221],[-122.2808022,47.6603394],[-122.2674848,47.6602551],[-122.2541675,47.6601693]]}},{"type":"Feature","properties":{"axis":"N","value":5278900,"spacing":100,"datum":"natrf2022"},"geometry":{"type":"LineString","coordinates":[[-122.4139689,47.6619966],[-122.4006507,47.6619278],[-122.3873326,47.6618575],[-122.3740146,47.6617856],[-122.3606966,47.6617122],[-122.3473787,47.6616372],[-122.3340608,47.6615607],[-122.320743,47.6614826],[-122.3074252,47.661403],[-122.2941075,47.6613218],[-122.2807898,47.6612391],[-122.2674722,47.6611548],[-122.2541547,47.661069]]}}]}