{"type":"FeatureCollection","features":[{"type":"Feature","properties":{"axis":"E","value":2490000,"spacing":1000,"datum":"vicgrid2020"},"geometry":{"type":"LineString","coordinates":[[144.8863369,-37.8740304],[144.8863505,-37.8650206],[144.886364,-37.8560107],[144.8863776,-37.8470008],[144.8863912,-37.8379909],[144.8864047,-37.8289809],[144.8864183,-37.8199709],[144.8864318,-37.8109609],[144.8864454,-37.8019508],[144.8864589,-37.7929407],[144.8864725,-37.7839306],[144.886486,-37.7749205],[144.8864995,-37.7659103],[144.8865131,-37.7569]]}},{"type":"Feature","properties":{"axis":"E","value":2491000,"spacing":1000,"datum":"vicgrid2020"},"geometry":{"type":"LineString","coordinates":[[144.8977032,-37.8740406],[144.8977154,-37.8650308],[144.8977276,-37.8560209],[144.8977398,-37.847011],[144.897752,-37.8380011],[144.8977642,-37.8289912],[144.8977764,-37.8199812],[144.8977886,-37.8109711],[144.8978008,-37.8019611],[144.897813,-37.792951],[144.8978252,-37.7839408],[144.8978374,-37.7749307],[144.8978496,-37.7659205],[144.8978617,-37.7569102]]}},{"type":"Feature","properties":{"axis":"E","value":2492000,"spacing":1000,"datum":"vicgrid2020"},"geometry":{"type":"LineString","coordinates":[[144.9090695,-37.8740498],[144.9090804,-37.8650399],[144.9090912,-37.8560301],[144.9091021,-37.8470202],[144.9091129,-37.8380103],[144.9091238,-37.8290003],[144.9091346,-37.8199903],[144.9091454,-37.8109803],[144.9091563,-37.8019702],[144.9091671,-37.7929601],[144.9091779,-37.78395],[144.9091888,-37.7749398],[144.9091996,-37.7659296],[144.9092104,-37.7569194]]}},{"type":"Feature","properties":{"axis":"E","value":2493000,"spacing":1000,"datum":"vicgrid2020"},"geometry":{"type":"LineString","coordinates":[[144.9204358,-37.8740578],[144.9204453,-37.865048],[144.9204548,-37.8560381],[144.9204643,-37.8470283],[144.9204738,-37.8380183],[144.9204833,-37.8290084],[144.9204928,-37.8199984],[144.9205023,-37.8109883],[144.9205117,-37.8019783],[144.9205212,-37.7929681],[144.9205307,-37.783958],[144.9205402,-37.7749478],[144.9205496,-37.7659376],[144.9205591,-37.7569274]]}},{"type":"Feature","properties":{"axis":"E","value":2494000,"spacing":1000,"datum":"vicgrid2020"},"geometry":{"type":"LineString","coordinates":[[144.9318021,-37.8740648],[144.9318103,-37.865055],[144.9318184,-37.8560451],[144.9318265,-37.8470352],[144.9318347,-37.8380253],[144.9318428,-37.8290153],[144.9318509,-37.8200053],[144.9318591,-37.8109953],[144.9318672,-37.8019852],[144.9318753,-37.7929751],[144.9318835,-37.783965],[144.9318916,-37.7749548],[144.9318997,-37.7659446],[144.9319078,-37.7569344]]}},{"type":"Feature","properties":{"axis":"E","value":2495000,"spacing":1000,"datum":"vicgrid2020"},"geometry":{"type":"LineString","coordinates":[[144.9431684,-37.8740707],[144.9431752,-37.8650609],[144.943182,-37.8560511],[144.9431888,-37.8470412],[144.9431956,-37.8380312],[144.9432023,-37.8290213],[144.9432091,-37.8200113],[144.9432159,-37.8110012],[144.9432227,-37.8019911],[144.9432294,-37.792981],[144.9432362,-37.7839709],[144.943243,-37.7749607],[144.9432497,-37.7659505],[144.9432565,-37.7569403]]}},{"type":"Feature","properties":{"axis":"E","value":2496000,"spacing":1000,"datum":"vicgrid2020"},"geometry":{"type":"LineString","coordinates":[[144.9545347,-37.8740756],[144.9545402,-37.8650658],[144.9545456,-37.8560559],[144.954551,-37.847046],[144.9545564,-37.8380361],[144.9545619,-37.8290261],[144.9545673,-37.8200161],[144.9545727,-37.8110061],[144.9545781,-37.801996],[144.9545835,-37.7929859],[144.954589,-37.7839757],[144.9545944,-37.7749656],[144.9545998,-37.7659554],[144.9546052,-37.7569451]]}},{"type":"Feature","properties":{"axis":"E","value":2497000,"spacing":1000,"datum":"vicgrid2020"},"geometry":{"type":"LineString","coordinates":[[144.9659011,-37.8740794],[144.9659051,-37.8650695],[144.9659092,-37.8560597],[144.9659133,-37.8470498],[144.9659173,-37.8380398],[144.9659214,-37.8290299],[144.9659255,-37.8200199],[144.9659295,-37.8110098],[144.9659336,-37.8019997],[144.9659377,-37.7929896],[144.9659417,-37.7839795],[144.9659458,-37.7749693],[144.9659498,-37.7659591],[144.9659539,-37.7569489]]}},{"type":"Feature","properties":{"axis":"E","value":2498000,"spacing":1000,"datum":"vicgrid2020"},"geometry":{"type":"LineString","coordinates":[[144.9772674,-37.874082],[144.9772701,-37.8650722],[144.9772728,-37.8560623],[144.9772755,-37.8470524],[144.9772782,-37.8380425],[144.9772809,-37.8290325],[144.9772836,-37.8200225],[144.9772864,-37.8110125],[144.9772891,-37.8020024],[144.9772918,-37.7929923],[144.9772945,-37.7839822],[144.9772972,-37.774972],[144.9772999,-37.7659618],[144.9773026,-37.7569516]]}},{"type":"Feature","properties":{"axis":"E","value":2499000,"spacing":1000,"datum":"vicgrid2020"},"geometry":{"type":"LineString","coordinates":[[144.9886337,-37.8740837],[144.988635,-37.8650738],[144.9886364,-37.856064],[144.9886378,-37.8470541],[144.9886391,-37.8380441],[144.9886405,-37.8290342],[144.9886418,-37.8200242],[144.9886432,-37.8110141],[144.9886445,-37.802004],[144.9886459,-37.7929939],[144.9886472,-37.7839838],[144.9886486,-37.7749736],[144.9886499,-37.7659634],[144.9886513,-37.7569532]]}},{"type":"Feature","properties":{"axis":"E","value":2500000,"spacing":1000,"datum":"vicgrid2020"},"geometry":{"type":"LineString","coordinates":[[145.0,-37.8740842],[145.0,-37.8650744],[145.0,-37.8560645],[145.0,-37.8470546],[145.0,-37.8380447],[145.0,-37.8290347],[145.0,-37.8200247],[145.0,-37.8110147],[145.0,-37.8020046],[145.0,-37.7929945],[145.0,-37.7839843],[145.0,-37.7749742],[145.0,-37.765964],[145.0,-37.7569537]]}},{"type":"Feature","properties":{"axis":"E","value":2501000,"spacing":1000,"datum":"vicgrid2020"},"geometry":{"type":"LineString","coordinates":[[145.0113663,-37.8740837],[145.011365,-37.8650738],[145.0113636,-37.856064],[145.0113622,-37.8470541],[145.0113609,-37.8380441],[145.0113595,-37.8290342],[145.0113582,-37.8200242],[145.0113568,-37.8110141],[145.0113555,-37.802004],[145.0113541,-37.7929939],[145.0113528,-37.7839838],[145.0113514,-37.7749736],[145.0113501,-37.7659634],[145.0113487,-37.7569532]]}},{"type":"Feature","properties":{"axis":"E","value":2502000,"spacing":1000,"datum":"vicgrid2020"},"geometry":{"type":"LineString","coordinates":[[145.0227326,-37.874082],[145.0227299,-37.8650722],[145.0227272,-37.8560623],[145.0227245,-37.8470524],[145.0227218,-37.8380425],[145.0227191,-37.8290325],[145.0227164,-37.8200225],[145.0227136,-37.8110125],[145.0227109,-37.8020024],[145.0227082,-37.7929923],[145.0227055,-37.7839822],[145.0227028,-37.774972],[145.0227001,-37.7659618],[145.0226974,-37.7569516]]}},{"type":"Feature","properties":{"axis":"E","value":2503000,"spacing":1000,"datum":"vicgrid2020"},"geometry":{"type":"LineString","coordinates":[[145.0340989,-37.8740794],[145.0340949,-37.8650695],[145.0340908,-37.8560597],[145.0340867,-37.8470498],[145.0340827,-37.8380398],[145.0340786,-37.8290299],[145.0340745,-37.8200199],[145.0340705,-37.8110098],[145.0340664,-37.8019997],[145.0340623,-37.7929896],[145.0340583,-37.7839795],[145.0340542,-37.7749693],[145.0340502,-37.7659591],[145.0340461,-37.7569489]]}},{"type":"Feature","properties":{"axis":"N","value":2403000,"spacing":1000,"datum":"vicgrid2020"},"geometry":{"type":"LineString","coordinates":[[144.8863369,-37.8740304],[144.8977032,-37.8740406],[144.9090695,-37.8740498],[144.9204358,-37.8740578],[144.9318021,-37.8740648],[144.9431684,-37.8740707],[144.9545347,-37.8740756],[144.9659011,-37.8740794],[144.9772674,-37.874082],[144.9886337,-37.8740837],[145.0,-37.8740842],[145.0113663,-37.8740837],[145.0227326,-37.874082],[145.0340989,-37.8740794]]}},{"type":"Feature","properties":{"axis":"N","value":2404000,"spacing":1000,"datum":"vicgrid2020"},"geometry":{"type":"LineString","coordinates":[[144.8863505,-37.8650206],[144.8977154,-37.8650308],[144.9090804,-37.8650399],[144.9204453,-37.865048],[144.9318103,-37.865055],[144.9431752,-37.8650609],[144.9545402,-37.8650658],[144.9659051,-37.8650695],[144.9772701,-37.8650722],[144.988635,-37.8650738],[145.0,-37.8650744],[145.011365,-37.8650738],[145.0227299,-37.8650722],[145.0340949,-37.8650695]]}},{"type":"Feature","properties":{"axis":"N","value":2405000,"spacing":1000,"datum":"vicgrid2020"},"geometry":{"type":"LineString","coordinates":[[144.886364,-37.8560107],[144.8977276,-37.8560209],[144.9090912,-37.8560301],[144.9204548,-37.8560381],[144.9318184,-37.8560451],[144.943182,-37.8560511],[144.9545456,-37.8560559],[144.9659092,-37.8560597],[144.9772728,-37.8560623],[144.9886364,-37.856064],[145.0,-37.8560645],[145.0113636,-37.856064],[145.0227272,-37.8560623],[145.0340908,-37.8560597]]}},{"type":"Feature","properties":{"axis":"N","value":2406000,"spacing":1000,"datum":"vicgrid2020"},"geometry":{"type":"LineString","coordinates":[[144.8863776,-37.8470008],[144.8977398,-37.847011],[144.9091021,-37.8470202],[144.9204643,-37.8470283],[144.9318265,-37.8470352],[144.9431888,-37.8470412],[144.954551,-37.847046],[144.9659133,-37.8470498],[144.9772755,-37.8470524],[144.9886378,-37.8470541],[145.0,-37.8470546],[145.0113622,-37.8470541],[145.0227245,-37.8470524],[145.0340867,-37.8470498]]}},{"type":"Feature","properties":{"axis":"N","value":2407000,"spacing":1000,"datum":"vicgrid2020"},"geometry":{"type":"LineString","coordinates":[[144.8863912,-37.8379909],[144.897752,-37.8380011],[144.9091129,-37.8380103],[144.9204738,-37.8380183],[144.9318347,-37.8380253],[144.9431956,-37.8380312],[144.9545564,-37.8380361],[144.9659173,-37.8380398],[144.9772782,-37.8380425],[144.9886391,-37.8380441],[145.0,-37.8380447],[145.0113609,-37.8380441],[145.0227218,-37.8380425],[145.0340827,-37.8380398]]}},{"type":"Feature","properties":{"axis":"N","value":2408000,"spacing":1000,"datum":"vicgrid2020"},"geometry":{"type":"LineString","coordinates":[[144.8864047,-37.8289809],[144.8977642,-37.8289912],[144.9091238,-37.8290003],[144.9204833,-37.8290084],[144.9318428,-37.8290153],[144.9432023,-37.8290213],[144.9545619,-37.8290261],[144.9659214,-37.8290299],[144.9772809,-37.8290325],[144.9886405,-37.8290342],[145.0,-37.8290347],[145.0113595,-37.8290342],[145.0227191,-37.8290325],[145.0340786,-37.8290299]]}},{"type":"Feature","properties":{"axis":"N","value":2409000,"spacing":1000,"datum":"vicgrid2020"},"geometry":{"type":"LineString","coordinates":[[144.8864183,-37.8199709],[144.8977764,-37.8199812],[144.9091346,-37.8199903],[144.9204928,-37.8199984],[144.9318509,-37.8200053],[144.9432091,-37.8200113],[144.9545673,-37.8200161],[144.9659255,-37.8200199],[144.9772836,-37.8200225],[144.9886418,-37.8200242],[145.0,-37.8200247],[145.0113582,-37.8200242],[145.0227164,-37.8200225],[145.0340745,-37.8200199]]}},{"type":"Feature","properties":{"axis":"N","value":2410000,"spacing":1000,"datum":"vicgrid2020"},"geometry":{"type":"LineString","coordinates":[[144.8864318,-37.8109609],[144.8977886,-37.8109711],[144.9091454,-37.8109803],[144.9205023,-37.8109883],[144.9318591,-37.8109953],[144.9432159,-37.8110012],[144.9545727,-37.8110061],[144.9659295,-37.8110098],[144.9772864,-37.8110125],[144.9886432,-37.8110141],[145.0,-37.8110147],[145.0113568,-37.8110141],[145.0227136,-37.8110125],[145.0340705,-37.8110098]]}},{"type":"Feature","properties":{"axis":"N","value":2411000,"spacing":1000,"datum":"vicgrid2020"},"geometry":{"type":"LineString","coordinates":[[144.8864454,-37.8019508],[144.8978008,-37.8019611],[144.9091563,-37.8019702],[144.9205117,-37.8019783],[144.9318672,-37.8019852],[144.9432227,-37.8019911],[144.9545781,-37.801996],[144.9659336,-37.8019997],[144.9772891,-37.8020024],[144.9886445,-37.802004],[145.0,-37.8020046],[145.0113555,-37.802004],[145.0227109,-37.8020024],[145.0340664,-37.8019997]]}},{"type":"Feature","properties":{"axis":"N","value":2412000,"spacing":1000,"datum":"vicgrid2020"},"geometry":{"type":"LineString","coordinates":[[144.8864589,-37.7929407],[144.897813,-37.792951],[144.9091671,-37.7929601],[144.9205212,-37.7929681],[144.9318753,-37.7929751],[144.9432294,-37.792981],[144.9545835,-37.7929859],[144.9659377,-37.7929896],[144.9772918,-37.7929923],[144.9886459,-37.7929939],[145.0,-37.7929945],[145.0113541,-37.7929939],[145.0227082,-37.7929923],[145.0340623,-37.7929896]]}},{"type":"Feature","properties":{"axis":"N","value":2413000,"spacing":1000,"datum":"vicgrid2020"},"geometry":{"type":"LineString","coordinates":[[144.8864725,-37.7839306],[144.8978252,-37.7839408],[144.9091779,-37.78395],[144.9205307,-37.783958],[144.9318835,-37.783965],[144.9432362,-37.7839709],[144.954589,-37.7839757],[144.9659417,-37.7839795],[144.9772945,-37.7839822],[144.9886472,-37.7839838],[145.0,-37.7839843],[145.0113528,-37.7839838],[145.0227055,-37.7839822],[145.0340583,-37.7839795]]}},{"type":"Feature","properties":{"axis":"N","value":2414000,"spacing":1000,"datum":"vicgrid2020"},"geometry":{"type":"LineString","coordinates":[[144.886486,-37.7749205],[144.8978374,-37.7749307],[144.9091888,-37.7749398],[144.9205402,-37.7749478],[144.9318916,-37.7749548],[144.943243,-37.7749607],[144.9545944,-37.7749656],[144.9659458,-37.7749693],[144.9772972,-37.774972],[144.9886486,-37.7749736],[145.0,-37.7749742],[145.0113514,-37.7749736],[145.0227028,-37.774972],[145.0340542,-37.7749693]]}},{"type":"Feature","properties":{"axis":"N","value":2415000,"spacing":1000,"datum":"vicgrid2020"},"geometry":{"type":"LineString","coordinates":[[144.8864995,-37.7659103],[144.8978496,-37.7659205],[144.9091996,-37.7659296],[144.9205496,-37.7659376],[144.9318997,-37.7659446],[144.9432497,-37.7659505],[144.9545998,-37.7659554],[144.9659498,-37.7659591],[144.9772999,-37.7659618],[144.9886499,-37.7659634],[145.0,-37.765964],[145.0113501,-37.7659634],[145.0227001,-37.7659618],[145.0340502,-37.7659591]]}},{"type":"Feature","properties":{"axis":"N","value":2416000,"spacing":1000,"datum":"vicgrid2020"},"geometry":{"type":"LineString","coordinates":[[144.8865131,-37.7569],[144.8978617,-37.7569102],[144.9092104,-37.7569194],[144.9205591,-37.7569274],[144.9319078,-37.7569344],[144.9432565,-37.7569403],[144.9546052,-37.7569451],[144.9659539,-37.7569489],[144.9773026,-37.7569516],[144.9886513,-37.7569532],[145.0,-37.7569537],[145.0113487,-37.7569532],[145.0226974,-37.7569516],[145.0340461,-37.7569489]]}},{"type":"Feature","properties":{"axis":"E","value":2490700,"spacing":100,"datum":"vicgrid2020"},"geometry":{"type":"LineString","coordinates":[[144.8943022,-37.8677308],[144.8943149,-37.8586459],[144.8943276,-37.8495609],[144.8943403,-37.8404759],[144.894353,-37.8313909],[144.8943657,-37.8223058],[144.8943784,-37.8132207],[144.8943911,-37.8041355],[144.8944038,-37.7950504],[144.8944165,-37.7859652],[144.8944292,-37.7768799],[144.8944419,-37.7677946],[144.8944546,-37.7587093]]}},{"type":"Feature","properties":{"axis":"E","value":2490800,"spacing":100,"datum":"vicgrid2020"},"geometry":{"type":"LineString","coordinates":[[144.8954387,-37.8677318],[144.8954513,-37.8586469],[144.8954639,-37.8495619],[144.8954764,-37.8404769],[144.895489,-37.8313919],[144.8955016,-37.8223068],[144.8955142,-37.8132217],[144.8955267,-37.8041365],[144.8955393,-37.7950514],[144.8955518,-37.7859662],[144.8955644,-37.7768809],[144.895577,-37.7677956],[144.8955895,-37.7587103]]}},{"type":"Feature","properties":{"axis":"E","value":2490900,"spacing":100,"datum":"vicgrid2020"},"geometry":{"type":"LineString","coordinates":[[144.8965752,-37.8677328],[144.8965877,-37.8586478],[144.8966001,-37.8495629],[144.8966126,-37.8404779],[144.896625,-37.8313928],[144.8966374,-37.8223078],[144.8966499,-37.8132227],[144.8966623,-37.8041375],[144.8966747,-37.7950523],[144.8966872,-37.7859671],[144.8966996,-37.7768819],[144.896712,-37.7677966],[144.8967244,-37.7587113]]}},{"type":"Feature","properties":{"axis":"E","value":2491100,"spacing":100,"datum":"vicgrid2020"},"geometry":{"type":"LineString","coordinates":[[144.8988483,-37.8677347],[144.8988605,-37.8586498],[144.8988726,-37.8495648],[144.8988848,-37.8404798],[144.898897,-37.8313948],[144.8989091,-37.8223097],[144.8989213,-37.8132246],[144.8989335,-37.8041395],[144.8989456,-37.7950543],[144.8989578,-37.7859691],[144.8989699,-37.7768838],[144.8989821,-37.7677985],[144.8989942,-37.7587132]]}},{"type":"Feature","properties":{"axis":"E","value":2491200,"spacing":100,"datum":"vicgrid2020"},"geometry":{"type":"LineString","coordinates":[[144.8999848,-37.8677357],[144.8999969,-37.8586507],[144.9000089,-37.8495658],[144.9000209,-37.8404808],[144.900033,-37.8313957],[144.900045,-37.8223107],[144.900057,-37.8132255],[144.900069,-37.8041404],[144.9000811,-37.7950552],[144.9000931,-37.78597],[144.9001051,-37.7768848],[144.9001171,-37.7677995],[144.9001291,-37.7587142]]}},{"type":"Feature","properties":{"axis":"E","value":2491300,"spacing":100,"datum":"vicgrid2020"},"geometry":{"type":"LineString","coordinates":[[144.9011214,-37.8677366],[144.9011333,-37.8586517],[144.9011452,-37.8495667],[144.9011571,-37.8404817],[144.901169,-37.8313967],[144.9011808,-37.8223116],[144.9011927,-37.8132265],[144.9012046,-37.8041413],[144.9012165,-37.7950562],[144.9012284,-37.785971],[144.9012402,-37.7768857],[144.9012521,-37.7678004],[144.901264,-37.7587151]]}},{"type":"Feature","properties":{"axis":"E","value":2491400,"spacing":100,"datum":"vicgrid2020"},"geometry":{"type":"LineString","coordinates":[[144.9022579,-37.8677375],[144.9022697,-37.8586526],[144.9022814,-37.8495676],[144.9022932,-37.8404826],[144.9023049,-37.8313976],[144.9023167,-37.8223125],[144.9023284,-37.8132274],[144.9023402,-37.8041423],[144.9023519,-37.7950571],[144.9023637,-37.7859719],[144.9023754,-37.7768866],[144.9023872,-37.7678014],[144.9023989,-37.7587161]]}},{"type":"Feature","properties":{"axis":"E","value":2491500,"spacing":100,"datum":"vicgrid2020"},"geometry":{"type":"LineString","coordinates":[[144.9033944,-37.8677385],[144.9034061,-37.8586535],[144.9034177,-37.8495686],[144.9034293,-37.8404836],[144.9034409,-37.8313985],[144.9034525,-37.8223134],[144.9034642,-37.8132283],[144.9034758,-37.8041432],[144.9034874,-37.795058],[144.903499,-37.7859728],[144.9035106,-37.7768876],[144.9035222,-37.7678023],[144.9035338,-37.758717]]}},{"type":"Feature","properties":{"axis":"E","value":2491600,"spacing":100,"datum":"vicgrid2020"},"geometry":{"type":"LineString","coordinates":[[144.904531,-37.8677394],[144.9045425,-37.8586544],[144.9045539,-37.8495695],[144.9045654,-37.8404845],[144.9045769,-37.8313994],[144.9045884,-37.8223144],[144.9045999,-37.8132292],[144.9046113,-37.8041441],[144.9046228,-37.7950589],[144.9046343,-37.7859737],[144.9046458,-37.7768885],[144.9046572,-37.7678032],[144.9046687,-37.7587179]]}},{"type":"Feature","properties":{"axis":"E","value":2491700,"spacing":100,"datum":"vicgrid2020"},"geometry":{"type":"LineString","coordinates":[[144.9056675,-37.8677403],[144.9056789,-37.8586553],[144.9056902,-37.8495704],[144.9057016,-37.8404854],[144.9057129,-37.8314003],[144.9057242,-37.8223153],[144.9057356,-37.8132301],[144.9057469,-37.804145],[144.9057583,-37.7950598],[144.9057696,-37.7859746],[144.9057809,-37.7768894],[144.9057923,-37.7678041],[144.9058036,-37.7587188]]}},{"type":"Feature","properties":{"axis":"E","value":2491800,"spacing":100,"datum":"vicgrid2020"},"geometry":{"type":"LineString","coordinates":[[144.906804,-37.8677412],[144.9068153,-37.8586562],[144.9068265,-37.8495713],[144.9068377,-37.8404862],[144.9068489,-37.8314012],[144.9068601,-37.8223161],[144.9068713,-37.813231],[144.9068825,-37.8041459],[144.9068937,-37.7950607],[144.9069049,-37.7859755],[144.9069161,-37.7768903],[144.9069273,-37.767805],[144.9069385,-37.7587197]]}},{"type":"Feature","properties":{"axis":"E","value":2491900,"spacing":100,"datum":"vicgrid2020"},"geometry":{"type":"LineString","coordinates":[[144.9079406,-37.867742],[144.9079517,-37.8586571],[144.9079627,-37.8495721],[144.9079738,-37.8404871],[144.9079849,-37.8314021],[144.907996,-37.822317],[144.908007,-37.8132319],[144.9080181,-37.8041468],[144.9080291,-37.7950616],[144.9080402,-37.7859764],[144.9080513,-37.7768911],[144.9080623,-37.7678059],[144.9080734,-37.7587205]]}},{"type":"Feature","properties":{"axis":"E","value":2492100,"spacing":100,"datum":"vicgrid2020"},"geometry":{"type":"LineString","coordinates":[[144.9102136,-37.8677438],[144.9102245,-37.8586588],[144.9102353,-37.8495738],[144.9102461,-37.8404888],[144.9102569,-37.8314038],[144.9102677,-37.8223187],[144.9102784,-37.8132336],[144.9102892,-37.8041485],[144.9103,-37.7950633],[144.9103108,-37.7859781],[144.9103216,-37.7768928],[144.9103324,-37.7678076],[144.9103432,-37.7587223]]}},{"type":"Feature","properties":{"axis":"E","value":2492200,"spacing":100,"datum":"vicgrid2020"},"geometry":{"type":"LineString","coordinates":[[144.9113502,-37.8677446],[144.9113609,-37.8586597],[144.9113715,-37.8495747],[144.9113822,-37.8404897],[144.9113928,-37.8314047],[144.9114035,-37.8223196],[144.9114142,-37.8132345],[144.9114248,-37.8041493],[144.9114355,-37.7950641],[144.9114461,-37.7859789],[144.9114568,-37.7768937],[144.9114674,-37.7678084],[144.9114781,-37.7587231]]}},{"type":"Feature","properties":{"axis":"E","value":2492300,"spacing":100,"datum":"vicgrid2020"},"geometry":{"type":"LineString","coordinates":[[144.9124867,-37.8677454],[144.9124973,-37.8586605],[144.9125078,-37.8495755],[144.9125183,-37.8404905],[144.9125288,-37.8314055],[144.9125394,-37.8223204],[144.9125499,-37.8132353],[144.9125604,-37.8041502],[144.9125709,-37.795065],[144.9125814,-37.7859798],[144.9125919,-37.7768945],[144.9126024,-37.7678092],[144.912613,-37.7587239]]}},{"type":"Feature","properties":{"axis":"E","value":2492400,"spacing":100,"datum":"vicgrid2020"},"geometry":{"type":"LineString","coordinates":[[144.9136233,-37.8677463],[144.9136336,-37.8586613],[144.913644,-37.8495763],[144.9136544,-37.8404913],[144.9136648,-37.8314063],[144.9136752,-37.8223212],[144.9136856,-37.8132361],[144.913696,-37.804151],[144.9137064,-37.7950658],[144.9137167,-37.7859806],[144.9137271,-37.7768953],[144.9137375,-37.7678101],[144.9137478,-37.7587248]]}},{"type":"Feature","properties":{"axis":"E","value":2492500,"spacing":100,"datum":"vicgrid2020"},"geometry":{"type":"LineString","coordinates":[[144.9147598,-37.8677471],[144.91477,-37.8586621],[144.9147803,-37.8495772],[144.9147906,-37.8404922],[144.9148008,-37.8314071],[144.9148111,-37.822322],[144.9148213,-37.8132369],[144.9148316,-37.8041518],[144.9148418,-37.7950666],[144.914852,-37.7859814],[144.9148623,-37.7768962],[144.9148725,-37.7678109],[144.9148827,-37.7587256]]}},{"type":"Feature","properties":{"axis":"E","value":2492600,"spacing":100,"datum":"vicgrid2020"},"geometry":{"type":"LineString","coordinates":[[144.9158963,-37.8677479],[144.9159064,-37.8586629],[144.9159166,-37.849578],[144.9159267,-37.840493],[144.9159368,-37.8314079],[144.9159469,-37.8223228],[144.915957,-37.8132377],[144.9159671,-37.8041526],[144.9159772,-37.7950674],[144.9159873,-37.7859822],[144.9159974,-37.776897],[144.9160075,-37.7678117],[144.9160176,-37.7587264]]}},{"type":"Feature","properties":{"axis":"E","value":2492700,"spacing":100,"datum":"vicgrid2020"},"geometry":{"type":"LineString","coordinates":[[144.9170329,-37.8677487],[144.9170428,-37.8586637],[144.9170528,-37.8495788],[144.9170628,-37.8404937],[144.9170728,-37.8314087],[144.9170828,-37.8223236],[144.9170927,-37.8132385],[144.9171027,-37.8041534],[144.9171127,-37.7950682],[144.9171226,-37.785983],[144.9171326,-37.7768977],[144.9171426,-37.7678125],[144.9171525,-37.7587272]]}},{"type":"Feature","properties":{"axis":"E","value":2492800,"spacing":100,"datum":"vicgrid2020"},"geometry":{"type":"LineString","coordinates":[[144.9181694,-37.8677494],[144.9181792,-37.8586645],[144.9181891,-37.8495795],[144.9181989,-37.8404945],[144.9182088,-37.8314095],[144.9182186,-37.8223244],[144.9182285,-37.8132393],[144.9182383,-37.8041542],[144.9182481,-37.795069],[144.918258,-37.7859838],[144.9182678,-37.7768985],[144.9182776,-37.7678132],[144.9182874,-37.7587279]]}},{"type":"Feature","properties":{"axis":"E","value":2492900,"spacing":100,"datum":"vicgrid2020"},"geometry":{"type":"LineString","coordinates":[[144.9193059,-37.8677502],[144.9193156,-37.8586653],[144.9193254,-37.8495803],[144.9193351,-37.8404953],[144.9193448,-37.8314103],[144.9193545,-37.8223252],[144.9193642,-37.8132401],[144.9193739,-37.8041549],[144.9193836,-37.7950698],[144.9193933,-37.7859845],[144.919403,-37.7768993],[144.9194126,-37.767814],[144.9194223,-37.7587287]]}},{"type":"Feature","properties":{"axis":"E","value":2493100,"spacing":100,"datum":"vicgrid2020"},"geometry":{"type":"LineString","coordinates":[[144.921579,-37.8677517],[144.9215884,-37.8586668],[144.9215979,-37.8495818],[144.9216073,-37.8404968],[144.9216167,-37.8314118],[144.9216262,-37.8223267],[144.9216356,-37.8132416],[144.921645,-37.8041564],[144.9216545,-37.7950713],[144.9216639,-37.785986],[144.9216733,-37.7769008],[144.9216827,-37.7678155],[144.9216921,-37.7587302]]}},{"type":"Feature","properties":{"axis":"E","value":2493200,"spacing":100,"datum":"vicgrid2020"},"geometry":{"type":"LineString","coordinates":[[144.9227155,-37.8677524],[144.9227248,-37.8586675],[144.9227341,-37.8495825],[144.9227434,-37.8404975],[144.9227527,-37.8314125],[144.922762,-37.8223274],[144.9227713,-37.8132423],[144.9227806,-37.8041572],[144.9227899,-37.795072],[144.9227992,-37.7859868],[144.9228085,-37.7769015],[144.9228177,-37.7678163],[144.922827,-37.7587309]]}},{"type":"Feature","properties":{"axis":"E","value":2493300,"spacing":100,"datum":"vicgrid2020"},"geometry":{"type":"LineString","coordinates":[[144.9238521,-37.8677532],[144.9238612,-37.8586682],[144.9238704,-37.8495833],[144.9238796,-37.8404983],[144.9238887,-37.8314132],[144.9238979,-37.8223282],[144.923907,-37.813243],[144.9239162,-37.8041579],[144.9239253,-37.7950727],[144.9239345,-37.7859875],[144.9239436,-37.7769023],[144.9239528,-37.767817],[144.9239619,-37.7587317]]}},{"type":"Feature","properties":{"axis":"E","value":2493400,"spacing":100,"datum":"vicgrid2020"},"geometry":{"type":"LineString","coordinates":[[144.9249886,-37.8677539],[144.9249976,-37.858669],[144.9250067,-37.849584],[144.9250157,-37.840499],[144.9250247,-37.8314139],[144.9250337,-37.8223289],[144.9250427,-37.8132438],[144.9250518,-37.8041586],[144.9250608,-37.7950734],[144.9250698,-37.7859882],[144.9250788,-37.776903],[144.9250878,-37.7678177],[144.9250968,-37.7587324]]}},{"type":"Feature","properties":{"axis":"E","value":2493500,"spacing":100,"datum":"vicgrid2020"},"geometry":{"type":"LineString","coordinates":[[144.9261251,-37.8677546],[144.926134,-37.8586697],[144.9261429,-37.8495847],[144.9261518,-37.8404997],[144.9261607,-37.8314146],[144.9261696,-37.8223296],[144.9261785,-37.8132445],[144.9261873,-37.8041593],[144.9261962,-37.7950741],[144.9262051,-37.7859889],[144.926214,-37.7769037],[144.9262228,-37.7678184],[144.9262317,-37.7587331]]}},{"type":"Feature","properties":{"axis":"E","value":2493600,"spacing":100,"datum":"vicgrid2020"},"geometry":{"type":"LineString","coordinates":[[144.9272617,-37.8677553],[144.9272704,-37.8586704],[144.9272792,-37.8495854],[144.9272879,-37.8405004],[144.9272967,-37.8314153],[144.9273054,-37.8223303],[144.9273142,-37.8132452],[144.9273229,-37.80416],[144.9273317,-37.7950748],[144.9273404,-37.7859896],[144.9273491,-37.7769044],[144.9273579,-37.7678191],[144.9273666,-37.7587338]]}},{"type":"Feature","properties":{"axis":"E","value":2493700,"spacing":100,"datum":"vicgrid2020"},"geometry":{"type":"LineString","coordinates":[[144.9283982,-37.867756],[144.9284068,-37.858671],[144.9284155,-37.8495861],[144.9284241,-37.8405011],[144.9284327,-37.831416],[144.9284413,-37.8223309],[144.9284499,-37.8132458],[144.9284585,-37.8041607],[144.9284671,-37.7950755],[144.9284757,-37.7859903],[144.9284843,-37.7769051],[144.9284929,-37.7678198],[144.9285015,-37.7587345]]}},{"type":"Feature","properties":{"axis":"E","value":2493800,"spacing":100,"datum":"vicgrid2020"},"geometry":{"type":"LineString","coordinates":[[144.9295348,-37.8677566],[144.9295432,-37.8586717],[144.9295517,-37.8495867],[144.9295602,-37.8405017],[144.9295687,-37.8314167],[144.9295771,-37.8223316],[144.9295856,-37.8132465],[144.9295941,-37.8041614],[144.9296025,-37.7950762],[144.929611,-37.785991],[144.9296195,-37.7769057],[144.9296279,-37.7678204],[144.9296364,-37.7587351]]}},{"type":"Feature","properties":{"axis":"E","value":2493900,"spacing":100,"datum":"vicgrid2020"},"geometry":{"type":"LineString","coordinates":[[144.9306713,-37.8677573],[144.9306796,-37.8586724],[144.930688,-37.8495874],[144.9306963,-37.8405024],[144.9307047,-37.8314174],[144.930713,-37.8223323],[144.9307213,-37.8132472],[144.9307297,-37.804162],[144.930738,-37.7950768],[144.9307463,-37.7859916],[144.9307546,-37.7769064],[144.930763,-37.7678211],[144.9307713,-37.7587358]]}},{"type":"Feature","properties":{"axis":"E","value":2494100,"spacing":100,"datum":"vicgrid2020"},"geometry":{"type":"LineString","coordinates":[[144.9329444,-37.8677586],[144.9329524,-37.8586737],[144.9329605,-37.8495887],[144.9329686,-37.8405037],[144.9329766,-37.8314186],[144.9329847,-37.8223336],[144.9329928,-37.8132485],[144.9330008,-37.8041633],[144.9330089,-37.7950781],[144.9330169,-37.7859929],[144.933025,-37.7769077],[144.933033,-37.7678224],[144.9330411,-37.7587371]]}},{"type":"Feature","properties":{"axis":"E","value":2494200,"spacing":100,"datum":"vicgrid2020"},"geometry":{"type":"LineString","coordinates":[[144.9340809,-37.8677592],[144.9340888,-37.8586743],[144.9340968,-37.8495893],[144.9341047,-37.8405043],[144.9341126,-37.8314193],[144.9341205,-37.8223342],[144.9341285,-37.8132491],[144.9341364,-37.8041639],[144.9341443,-37.7950788],[144.9341522,-37.7859936],[144.9341602,-37.7769083],[144.9341681,-37.767823],[144.934176,-37.7587377]]}},{"type":"Feature","properties":{"axis":"E","value":2494300,"spacing":100,"datum":"vicgrid2020"},"geometry":{"type":"LineString","coordinates":[[144.9352174,-37.8677598],[144.9352252,-37.8586749],[144.935233,-37.8495899],[144.9352408,-37.8405049],[144.9352486,-37.8314199],[144.9352564,-37.8223348],[144.9352642,-37.8132497],[144.935272,-37.8041646],[144.9352798,-37.7950794],[144.9352875,-37.7859942],[144.9352953,-37.7769089],[144.9353031,-37.7678236],[144.9353109,-37.7587383]]}},{"type":"Feature","properties":{"axis":"E","value":2494400,"spacing":100,"datum":"vicgrid2020"},"geometry":{"type":"LineString","coordinates":[[144.936354,-37.8677604],[144.9363616,-37.8586755],[144.9363693,-37.8495905],[144.9363769,-37.8405055],[144.9363846,-37.8314205],[144.9363923,-37.8223354],[144.9363999,-37.8132503],[144.9364076,-37.8041652],[144.9364152,-37.79508],[144.9364228,-37.7859948],[144.9364305,-37.7769095],[144.9364381,-37.7678242],[144.9364458,-37.7587389]]}},{"type":"Feature","properties":{"axis":"E","value":2494500,"spacing":100,"datum":"vicgrid2020"},"geometry":{"type":"LineString","coordinates":[[144.9374905,-37.867761],[144.937498,-37.8586761],[144.9375055,-37.8495911],[144.9375131,-37.8405061],[144.9375206,-37.8314211],[144.9375281,-37.822336],[144.9375356,-37.8132509],[144.9375431,-37.8041658],[144.9375506,-37.7950806],[144.9375582,-37.7859954],[144.9375657,-37.7769101],[144.9375732,-37.7678248],[144.9375807,-37.7587395]]}},{"type":"Feature","properties":{"axis":"E","value":2494600,"spacing":100,"datum":"vicgrid2020"},"geometry":{"type":"LineString","coordinates":[[144.938627,-37.8677616],[144.9386344,-37.8586767],[144.9386418,-37.8495917],[144.9386492,-37.8405067],[144.9386566,-37.8314217],[144.938664,-37.8223366],[144.9386713,-37.8132515],[144.9386787,-37.8041663],[144.9386861,-37.7950812],[144.9386935,-37.785996],[144.9387008,-37.7769107],[144.9387082,-37.7678254],[144.9387156,-37.7587401]]}},{"type":"Feature","properties":{"axis":"E","value":2494700,"spacing":100,"datum":"vicgrid2020"},"geometry":{"type":"LineString","coordinates":[[144.9397636,-37.8677622],[144.9397708,-37.8586773],[144.9397781,-37.8495923],[144.9397853,-37.8405073],[144.9397926,-37.8314223],[144.9397998,-37.8223372],[144.9398071,-37.8132521],[144.9398143,-37.8041669],[144.9398215,-37.7950817],[144.9398288,-37.7859965],[144.939836,-37.7769113],[144.9398432,-37.767826],[144.9398505,-37.7587407]]}},{"type":"Feature","properties":{"axis":"E","value":2494800,"spacing":100,"datum":"vicgrid2020"},"geometry":{"type":"LineString","coordinates":[[144.9409001,-37.8677628],[144.9409072,-37.8586778],[144.9409143,-37.8495929],[144.9409214,-37.8405079],[144.9409286,-37.8314228],[144.9409357,-37.8223377],[144.9409428,-37.8132526],[144.9409499,-37.8041675],[144.940957,-37.7950823],[144.9409641,-37.7859971],[144.9409712,-37.7769118],[144.9409783,-37.7678266],[144.9409854,-37.7587413]]}},{"type":"Feature","properties":{"axis":"E","value":2494900,"spacing":100,"datum":"vicgrid2020"},"geometry":{"type":"LineString","coordinates":[[144.9420366,-37.8677633],[144.9420436,-37.8586784],[144.9420506,-37.8495934],[144.9420576,-37.8405084],[144.9420645,-37.8314234],[144.9420715,-37.8223383],[144.9420785,-37.8132532],[144.9420854,-37.804168],[144.9420924,-37.7950829],[144.9420994,-37.7859976],[144.9421063,-37.7769124],[144.9421133,-37.7678271],[144.9421203,-37.7587418]]}},{"type":"Feature","properties":{"axis":"E","value":2495100,"spacing":100,"datum":"vicgrid2020"},"geometry":{"type":"LineString","coordinates":[[144.9443097,-37.8677644],[144.9443164,-37.8586795],[144.9443231,-37.8495945],[144.9443298,-37.8405095],[144.9443365,-37.8314244],[144.9443432,-37.8223394],[144.9443499,-37.8132543],[144.9443566,-37.8041691],[144.9443633,-37.7950839],[144.94437,-37.7859987],[144.9443767,-37.7769135],[144.9443834,-37.7678282],[144.9443901,-37.7587429]]}},{"type":"Feature","properties":{"axis":"E","value":2495200,"spacing":100,"datum":"vicgrid2020"},"geometry":{"type":"LineString","coordinates":[[144.9454463,-37.8677649],[144.9454528,-37.85868],[144.9454594,-37.849595],[144.945466,-37.84051],[144.9454725,-37.831425],[144.9454791,-37.8223399],[144.9454856,-37.8132548],[144.9454922,-37.8041696],[144.9454987,-37.7950845],[144.9455053,-37.7859992],[144.9455118,-37.776914],[144.9455184,-37.7678287],[144.9455249,-37.7587434]]}},{"type":"Feature","properties":{"axis":"E","value":2495300,"spacing":100,"datum":"vicgrid2020"},"geometry":{"type":"LineString","coordinates":[[144.9465828,-37.8677654],[144.9465892,-37.8586805],[144.9465956,-37.8495955],[144.9466021,-37.8405105],[144.9466085,-37.8314255],[144.9466149,-37.8223404],[144.9466213,-37.8132553],[144.9466278,-37.8041701],[144.9466342,-37.795085],[144.9466406,-37.7859998],[144.946647,-37.7769145],[144.9466534,-37.7678292],[144.9466598,-37.7587439]]}},{"type":"Feature","properties":{"axis":"E","value":2495400,"spacing":100,"datum":"vicgrid2020"},"geometry":{"type":"LineString","coordinates":[[144.9477193,-37.8677659],[144.9477256,-37.858681],[144.9477319,-37.849596],[144.9477382,-37.840511],[144.9477445,-37.831426],[144.9477508,-37.8223409],[144.9477571,-37.8132558],[144.9477633,-37.8041706],[144.9477696,-37.7950855],[144.9477759,-37.7860003],[144.9477822,-37.776915],[144.9477885,-37.7678297],[144.9477947,-37.7587444]]}},{"type":"Feature","properties":{"axis":"E","value":2495500,"spacing":100,"datum":"vicgrid2020"},"geometry":{"type":"LineString","coordinates":[[144.9488559,-37.8677664],[144.948862,-37.8586815],[144.9488682,-37.8495965],[144.9488743,-37.8405115],[144.9488805,-37.8314265],[144.9488866,-37.8223414],[144.9488928,-37.8132563],[144.9488989,-37.8041711],[144.9489051,-37.795086],[144.9489112,-37.7860007],[144.9489174,-37.7769155],[144.9489235,-37.7678302],[144.9489296,-37.7587449]]}},{"type":"Feature","properties":{"axis":"E","value":2495600,"spacing":100,"datum":"vicgrid2020"},"geometry":{"type":"LineString","coordinates":[[144.9499924,-37.8677669],[144.9499984,-37.858682],[144.9500044,-37.849597],[144.9500105,-37.840512],[144.9500165,-37.8314269],[144.9500225,-37.8223419],[144.9500285,-37.8132568],[144.9500345,-37.8041716],[144.9500405,-37.7950864],[144.9500465,-37.7860012],[144.9500525,-37.776916],[144.9500585,-37.7678307],[144.9500645,-37.7587454]]}},{"type":"Feature","properties":{"axis":"E","value":2495700,"spacing":100,"datum":"vicgrid2020"},"geometry":{"type":"LineString","coordinates":[[144.9511289,-37.8677674],[144.9511348,-37.8586824],[144.9511407,-37.8495975],[144.9511466,-37.8405125],[144.9511525,-37.8314274],[144.9511583,-37.8223423],[144.9511642,-37.8132572],[144.9511701,-37.8041721],[144.951176,-37.7950869],[144.9511818,-37.7860017],[144.9511877,-37.7769164],[144.9511936,-37.7678312],[144.9511994,-37.7587458]]}},{"type":"Feature","properties":{"axis":"E","value":2495800,"spacing":100,"datum":"vicgrid2020"},"geometry":{"type":"LineString","coordinates":[[144.9522655,-37.8677678],[144.9522712,-37.8586829],[144.952277,-37.8495979],[144.9522827,-37.8405129],[144.9522884,-37.8314279],[144.9522942,-37.8223428],[144.9522999,-37.8132577],[144.9523057,-37.8041725],[144.9523114,-37.7950874],[144.9523171,-37.7860021],[144.9523229,-37.7769169],[144.9523286,-37.7678316],[144.9523343,-37.7587463]]}},{"type":"Feature","properties":{"axis":"E","value":2495900,"spacing":100,"datum":"vicgrid2020"},"geometry":{"type":"LineString","coordinates":[[144.953402,-37.8677683],[144.9534076,-37.8586833],[144.9534132,-37.8495984],[144.9534188,-37.8405134],[144.9534244,-37.8314283],[144.95343,-37.8223432],[144.9534356,-37.8132581],[144.9534412,-37.804173],[144.9534468,-37.7950878],[144.9534524,-37.7860026],[144.953458,-37.7769173],[144.9534636,-37.7678321],[144.9534692,-37.7587467]]}},{"type":"Feature","properties":{"axis":"E","value":2496100,"spacing":100,"datum":"vicgrid2020"},"geometry":{"type":"LineString","coordinates":[[144.9556751,-37.8677691],[144.9556804,-37.8586842],[144.9556858,-37.8495992],[144.9556911,-37.8405142],[144.9556964,-37.8314292],[144.9557017,-37.8223441],[144.9557071,-37.813259],[144.9557124,-37.8041738],[144.9557177,-37.7950887],[144.9557231,-37.7860035],[144.9557284,-37.7769182],[144.9557337,-37.7678329],[144.955739,-37.7587476]]}},{"type":"Feature","properties":{"axis":"E","value":2496200,"spacing":100,"datum":"vicgrid2020"},"geometry":{"type":"LineString","coordinates":[[144.9568116,-37.8677695],[144.9568168,-37.8586846],[144.956822,-37.8495996],[144.9568272,-37.8405146],[144.9568324,-37.8314296],[144.9568376,-37.8223445],[144.9568428,-37.8132594],[144.956848,-37.8041743],[144.9568532,-37.7950891],[144.9568584,-37.7860039],[144.9568635,-37.7769186],[144.9568687,-37.7678333],[144.9568739,-37.758748]]}},{"type":"Feature","properties":{"axis":"E","value":2496300,"spacing":100,"datum":"vicgrid2020"},"geometry":{"type":"LineString","coordinates":[[144.9579482,-37.86777],[144.9579532,-37.858685],[144.9579583,-37.8496],[144.9579633,-37.840515],[144.9579684,-37.83143],[144.9579734,-37.8223449],[144.9579785,-37.8132598],[144.9579836,-37.8041747],[144.9579886,-37.7950895],[144.9579937,-37.7860043],[144.9579987,-37.776919],[144.9580038,-37.7678337],[144.9580088,-37.7587484]]}},{"type":"Feature","properties":{"axis":"E","value":2496400,"spacing":100,"datum":"vicgrid2020"},"geometry":{"type":"LineString","coordinates":[[144.9590847,-37.8677703],[144.9590896,-37.8586854],[144.9590945,-37.8496004],[144.9590995,-37.8405154],[144.9591044,-37.8314304],[144.9591093,-37.8223453],[144.9591142,-37.8132602],[144.9591191,-37.8041751],[144.9591241,-37.7950899],[144.959129,-37.7860047],[144.9591339,-37.7769194],[144.9591388,-37.7678341],[144.9591437,-37.7587488]]}},{"type":"Feature","properties":{"axis":"E","value":2496500,"spacing":100,"datum":"vicgrid2020"},"geometry":{"type":"LineString","coordinates":[[144.9602212,-37.8677707],[144.960226,-37.8586858],[144.9602308,-37.8496008],[144.9602356,-37.8405158],[144.9602404,-37.8314308],[144.9602452,-37.8223457],[144.9602499,-37.8132606],[144.9602547,-37.8041754],[144.9602595,-37.7950903],[144.9602643,-37.786005],[144.9602691,-37.7769198],[144.9602738,-37.7678345],[144.9602786,-37.7587492]]}},{"type":"Feature","properties":{"axis":"E","value":2496600,"spacing":100,"datum":"vicgrid2020"},"geometry":{"type":"LineString","coordinates":[[144.9613578,-37.8677711],[144.9613624,-37.8586862],[144.9613671,-37.8496012],[144.9613717,-37.8405162],[144.9613764,-37.8314311],[144.961381,-37.8223461],[144.9613857,-37.813261],[144.9613903,-37.8041758],[144.9613949,-37.7950906],[144.9613996,-37.7860054],[144.9614042,-37.7769202],[144.9614089,-37.7678349],[144.9614135,-37.7587496]]}},{"type":"Feature","properties":{"axis":"E","value":2496700,"spacing":100,"datum":"vicgrid2020"},"geometry":{"type":"LineString","coordinates":[[144.9624943,-37.8677715],[144.9624988,-37.8586865],[144.9625033,-37.8496016],[144.9625078,-37.8405165],[144.9625123,-37.8314315],[144.9625169,-37.8223464],[144.9625214,-37.8132613],[144.9625259,-37.8041762],[144.9625304,-37.795091],[144.9625349,-37.7860058],[144.9625394,-37.7769205],[144.9625439,-37.7678352],[144.9625484,-37.7587499]]}},{"type":"Feature","properties":{"axis":"E","value":2496800,"spacing":100,"datum":"vicgrid2020"},"geometry":{"type":"LineString","coordinates":[[144.9636308,-37.8677718],[144.9636352,-37.8586869],[144.9636396,-37.8496019],[144.963644,-37.8405169],[144.9636483,-37.8314319],[144.9636527,-37.8223468],[144.9636571,-37.8132617],[144.9636615,-37.8041765],[144.9636658,-37.7950913],[144.9636702,-37.7860061],[144.9636746,-37.7769209],[144.9636789,-37.7678356],[144.9636833,-37.7587503]]}},{"type":"Feature","properties":{"axis":"E","value":2496900,"spacing":100,"datum":"vicgrid2020"},"geometry":{"type":"LineString","coordinates":[[144.9647674,-37.8677721],[144.9647716,-37.8586872],[144.9647759,-37.8496022],[144.9647801,-37.8405172],[144.9647843,-37.8314322],[144.9647886,-37.8223471],[144.9647928,-37.813262],[144.964797,-37.8041769],[144.9648013,-37.7950917],[144.9648055,-37.7860065],[144.9648097,-37.7769212],[144.964814,-37.7678359],[144.9648182,-37.7587506]]}},{"type":"Feature","properties":{"axis":"E","value":2497100,"spacing":100,"datum":"vicgrid2020"},"geometry":{"type":"LineString","coordinates":[[144.9670404,-37.8677728],[144.9670444,-37.8586879],[144.9670484,-37.8496029],[144.9670523,-37.8405179],[144.9670563,-37.8314328],[144.9670603,-37.8223478],[144.9670642,-37.8132626],[144.9670682,-37.8041775],[144.9670722,-37.7950923],[144.9670761,-37.7860071],[144.9670801,-37.7769219],[144.967084,-37.7678366],[144.967088,-37.7587513]]}},{"type":"Feature","properties":{"axis":"E","value":2497200,"spacing":100,"datum":"vicgrid2020"},"geometry":{"type":"LineString","coordinates":[[144.968177,-37.8677731],[144.9681808,-37.8586882],[144.9681846,-37.8496032],[144.9681885,-37.8405182],[144.9681923,-37.8314331],[144.9681961,-37.8223481],[144.9681999,-37.813263],[144.9682038,-37.8041778],[144.9682076,-37.7950926],[144.9682114,-37.7860074],[144.9682152,-37.7769222],[144.9682191,-37.7678369],[144.9682229,-37.7587516]]}},{"type":"Feature","properties":{"axis":"E","value":2497300,"spacing":100,"datum":"vicgrid2020"},"geometry":{"type":"LineString","coordinates":[[144.9693135,-37.8677734],[144.9693172,-37.8586885],[144.9693209,-37.8496035],[144.9693246,-37.8405185],[144.9693283,-37.8314334],[144.969332,-37.8223484],[144.9693357,-37.8132632],[144.9693394,-37.8041781],[144.969343,-37.7950929],[144.9693467,-37.7860077],[144.9693504,-37.7769225],[144.9693541,-37.7678372],[144.9693578,-37.7587519]]}},{"type":"Feature","properties":{"axis":"E","value":2497400,"spacing":100,"datum":"vicgrid2020"},"geometry":{"type":"LineString","coordinates":[[144.9704501,-37.8677737],[144.9704536,-37.8586887],[144.9704572,-37.8496038],[144.9704607,-37.8405188],[144.9704643,-37.8314337],[144.9704678,-37.8223486],[144.9704714,-37.8132635],[144.9704749,-37.8041784],[144.9704785,-37.7950932],[144.970482,-37.786008],[144.9704856,-37.7769227],[144.9704891,-37.7678375],[144.9704927,-37.7587521]]}},{"type":"Feature","properties":{"axis":"E","value":2497500,"spacing":100,"datum":"vicgrid2020"},"geometry":{"type":"LineString","coordinates":[[144.9715866,-37.867774],[144.97159,-37.858689],[144.9715934,-37.849604],[144.9715968,-37.840519],[144.9716003,-37.831434],[144.9716037,-37.8223489],[144.9716071,-37.8132638],[144.9716105,-37.8041787],[144.9716139,-37.7950935],[144.9716173,-37.7860083],[144.9716208,-37.776923],[144.9716242,-37.7678377],[144.9716276,-37.7587524]]}},{"type":"Feature","properties":{"axis":"E","value":2497600,"spacing":100,"datum":"vicgrid2020"},"geometry":{"type":"LineString","coordinates":[[144.9727231,-37.8677742],[144.9727264,-37.8586893],[144.9727297,-37.8496043],[144.972733,-37.8405193],[144.9727363,-37.8314343],[144.9727395,-37.8223492],[144.9727428,-37.8132641],[144.9727461,-37.8041789],[144.9727494,-37.7950937],[144.9727526,-37.7860085],[144.9727559,-37.7769233],[144.9727592,-37.767838],[144.9727625,-37.7587527]]}},{"type":"Feature","properties":{"axis":"E","value":2497700,"spacing":100,"datum":"vicgrid2020"},"geometry":{"type":"LineString","coordinates":[[144.9738597,-37.8677745],[144.9738628,-37.8586895],[144.973866,-37.8496046],[144.9738691,-37.8405196],[144.9738722,-37.8314345],[144.9738754,-37.8223494],[144.9738785,-37.8132643],[144.9738817,-37.8041792],[144.9738848,-37.795094],[144.973888,-37.7860088],[144.9738911,-37.7769235],[144.9738942,-37.7678383],[144.9738974,-37.7587529]]}},{"type":"Feature","properties":{"axis":"E","value":2497800,"spacing":100,"datum":"vicgrid2020"},"geometry":{"type":"LineString","coordinates":[[144.9749962,-37.8677747],[144.9749992,-37.8586898],[144.9750022,-37.8496048],[144.9750052,-37.8405198],[144.9750082,-37.8314348],[144.9750112,-37.8223497],[144.9750142,-37.8132646],[144.9750173,-37.8041794],[144.9750203,-37.7950942],[144.9750233,-37.786009],[144.9750263,-37.7769238],[144.9750293,-37.7678385],[144.9750323,-37.7587532]]}},{"type":"Feature","properties":{"axis":"E","value":2497900,"spacing":100,"datum":"vicgrid2020"},"geometry":{"type":"LineString","coordinates":[[144.9761327,-37.8677749],[144.9761356,-37.85869],[144.9761385,-37.849605],[144.9761414,-37.84052],[144.9761442,-37.831435],[144.9761471,-37.8223499],[144.97615,-37.8132648],[144.9761528,-37.8041796],[144.9761557,-37.7950945],[144.9761586,-37.7860093],[144.9761614,-37.776924],[144.9761643,-37.7678387],[144.9761672,-37.7587534]]}},{"type":"Feature","properties":{"axis":"E","value":2498100,"spacing":100,"datum":"vicgrid2020"},"geometry":{"type":"LineString","coordinates":[[144.9784058,-37.8677754],[144.9784084,-37.8586904],[144.978411,-37.8496055],[144.9784136,-37.8405205],[144.9784162,-37.8314354],[144.9784188,-37.8223503],[144.9784214,-37.8132652],[144.978424,-37.8041801],[144.9784266,-37.7950949],[144.9784292,-37.7860097],[144.9784318,-37.7769244],[144.9784344,-37.7678392],[144.978437,-37.7587538]]}},{"type":"Feature","properties":{"axis":"E","value":2498200,"spacing":100,"datum":"vicgrid2020"},"geometry":{"type":"LineString","coordinates":[[144.9795423,-37.8677756],[144.9795448,-37.8586906],[144.9795473,-37.8496057],[144.9795497,-37.8405207],[144.9795522,-37.8314356],[144.9795546,-37.8223505],[144.9795571,-37.8132654],[144.9795596,-37.8041803],[144.979562,-37.7950951],[144.9795645,-37.7860099],[144.9795669,-37.7769246],[144.9795694,-37.7678394],[144.9795719,-37.758754]]}},{"type":"Feature","properties":{"axis":"E","value":2498300,"spacing":100,"datum":"vicgrid2020"},"geometry":{"type":"LineString","coordinates":[[144.9806789,-37.8677758],[144.9806812,-37.8586908],[144.9806835,-37.8496059],[144.9806859,-37.8405208],[144.9806882,-37.8314358],[144.9806905,-37.8223507],[144.9806928,-37.8132656],[144.9806951,-37.8041805],[144.9806975,-37.7950953],[144.9806998,-37.7860101],[144.9807021,-37.7769248],[144.9807044,-37.7678395],[144.9807068,-37.7587542]]}},{"type":"Feature","properties":{"axis":"E","value":2498400,"spacing":100,"datum":"vicgrid2020"},"geometry":{"type":"LineString","coordinates":[[144.9818154,-37.8677759],[144.9818176,-37.858691],[144.9818198,-37.849606],[144.981822,-37.840521],[144.9818242,-37.831436],[144.9818264,-37.8223509],[144.9818285,-37.8132658],[144.9818307,-37.8041806],[144.9818329,-37.7950955],[144.9818351,-37.7860102],[144.9818373,-37.776925],[144.9818395,-37.7678397],[144.9818416,-37.7587544]]}},{"type":"Feature","properties":{"axis":"E","value":2498500,"spacing":100,"datum":"vicgrid2020"},"geometry":{"type":"LineString","coordinates":[[144.982952,-37.8677761],[144.982954,-37.8586912],[144.9829561,-37.8496062],[144.9829581,-37.8405212],[144.9829602,-37.8314361],[144.9829622,-37.8223511],[144.9829643,-37.813266],[144.9829663,-37.8041808],[144.9829684,-37.7950956],[144.9829704,-37.7860104],[144.9829725,-37.7769252],[144.9829745,-37.7678399],[144.9829765,-37.7587546]]}},{"type":"Feature","properties":{"axis":"E","value":2498600,"spacing":100,"datum":"vicgrid2020"},"geometry":{"type":"LineString","coordinates":[[144.9840885,-37.8677763],[144.9840904,-37.8586913],[144.9840923,-37.8496064],[144.9840942,-37.8405213],[144.9840961,-37.8314363],[144.9840981,-37.8223512],[144.9841,-37.8132661],[144.9841019,-37.804181],[144.9841038,-37.7950958],[144.9841057,-37.7860106],[144.9841076,-37.7769253],[144.9841095,-37.76784],[144.9841114,-37.7587547]]}},{"type":"Feature","properties":{"axis":"E","value":2498700,"spacing":100,"datum":"vicgrid2020"},"geometry":{"type":"LineString","coordinates":[[144.985225,-37.8677764],[144.9852268,-37.8586915],[144.9852286,-37.8496065],[144.9852304,-37.8405215],[144.9852321,-37.8314364],[144.9852339,-37.8223514],[144.9852357,-37.8132663],[144.9852375,-37.8041811],[144.9852392,-37.7950959],[144.985241,-37.7860107],[144.9852428,-37.7769255],[144.9852446,-37.7678402],[144.9852463,-37.7587549]]}},{"type":"Feature","properties":{"axis":"E","value":2498800,"spacing":100,"datum":"vicgrid2020"},"geometry":{"type":"LineString","coordinates":[[144.9863616,-37.8677765],[144.9863632,-37.8586916],[144.9863648,-37.8496066],[144.9863665,-37.8405216],[144.9863681,-37.8314366],[144.9863698,-37.8223515],[144.9863714,-37.8132664],[144.986373,-37.8041812],[144.9863747,-37.7950961],[144.9863763,-37.7860108],[144.986378,-37.7769256],[144.9863796,-37.7678403],[144.9863812,-37.758755]]}},{"type":"Feature","properties":{"axis":"E","value":2498900,"spacing":100,"datum":"vicgrid2020"},"geometry":{"type":"LineString","coordinates":[[144.9874981,-37.8677767],[144.9874996,-37.8586917],[144.9875011,-37.8496068],[144.9875026,-37.8405217],[144.9875041,-37.8314367],[144.9875056,-37.8223516],[144.9875071,-37.8132665],[144.9875086,-37.8041814],[144.9875101,-37.7950962],[144.9875116,-37.786011],[144.9875131,-37.7769257],[144.9875146,-37.7678404],[144.9875161,-37.7587551]]}},{"type":"Feature","properties":{"axis":"E","value":2499100,"spacing":100,"datum":"vicgrid2020"},"geometry":{"type":"LineString","coordinates":[[144.9897712,-37.8677769],[144.9897724,-37.8586919],[144.9897736,-37.849607],[144.9897749,-37.840522],[144.9897761,-37.8314369],[144.9897773,-37.8223518],[144.9897786,-37.8132667],[144.9897798,-37.8041816],[144.989781,-37.7950964],[144.9897822,-37.7860112],[144.9897835,-37.7769259],[144.9897847,-37.7678407],[144.9897859,-37.7587553]]}},{"type":"Feature","properties":{"axis":"E","value":2499200,"spacing":100,"datum":"vicgrid2020"},"geometry":{"type":"LineString","coordinates":[[144.9909077,-37.867777],[144.9909088,-37.858692],[144.9909099,-37.8496071],[144.990911,-37.8405221],[144.9909121,-37.831437],[144.9909132,-37.8223519],[144.9909143,-37.8132668],[144.9909154,-37.8041817],[144.9909165,-37.7950965],[144.9909175,-37.7860113],[144.9909186,-37.776926],[144.9909197,-37.7678407],[144.9909208,-37.7587554]]}},{"type":"Feature","properties":{"axis":"E","value":2499300,"spacing":100,"datum":"vicgrid2020"},"geometry":{"type":"LineString","coordinates":[[144.9920442,-37.8677771],[144.9920452,-37.8586921],[144.9920462,-37.8496071],[144.9920471,-37.8405221],[144.9920481,-37.8314371],[144.992049,-37.822352],[144.99205,-37.8132669],[144.9920509,-37.8041818],[144.9920519,-37.7950966],[144.9920529,-37.7860114],[144.9920538,-37.7769261],[144.9920548,-37.7678408],[144.9920557,-37.7587555]]}},{"type":"Feature","properties":{"axis":"E","value":2499400,"spacing":100,"datum":"vicgrid2020"},"geometry":{"type":"LineString","coordinates":[[144.9931808,-37.8677771],[144.9931816,-37.8586922],[144.9931824,-37.8496072],[144.9931832,-37.8405222],[144.9931841,-37.8314372],[144.9931849,-37.8223521],[144.9931857,-37.813267],[144.9931865,-37.8041818],[144.9931873,-37.7950966],[144.9931882,-37.7860114],[144.993189,-37.7769262],[144.9931898,-37.7678409],[144.9931906,-37.7587556]]}},{"type":"Feature","properties":{"axis":"E","value":2499500,"spacing":100,"datum":"vicgrid2020"},"geometry":{"type":"LineString","coordinates":[[144.9943173,-37.8677772],[144.994318,-37.8586922],[144.9943187,-37.8496073],[144.9943194,-37.8405223],[144.9943201,-37.8314372],[144.9943207,-37.8223521],[144.9943214,-37.813267],[144.9943221,-37.8041819],[144.9943228,-37.7950967],[144.9943235,-37.7860115],[144.9943242,-37.7769262],[144.9943248,-37.767841],[144.9943255,-37.7587556]]}},{"type":"Feature","properties":{"axis":"E","value":2499600,"spacing":100,"datum":"vicgrid2020"},"geometry":{"type":"LineString","coordinates":[[144.9954539,-37.8677772],[144.9954544,-37.8586923],[144.9954549,-37.8496073],[144.9954555,-37.8405223],[144.995456,-37.8314373],[144.9954566,-37.8223522],[144.9954571,-37.8132671],[144.9954577,-37.8041819],[144.9954582,-37.7950968],[144.9954588,-37.7860115],[144.9954593,-37.7769263],[144.9954599,-37.767841],[144.9954604,-37.7587557]]}},{"type":"Feature","properties":{"axis":"E","value":2499700,"spacing":100,"datum":"vicgrid2020"},"geometry":{"type":"LineString","coordinates":[[144.9965904,-37.8677773],[144.9965908,-37.8586923],[144.9965912,-37.8496074],[144.9965916,-37.8405224],[144.996592,-37.8314373],[144.9965924,-37.8223522],[144.9965929,-37.8132671],[144.9965933,-37.804182],[144.9965937,-37.7950968],[144.9965941,-37.7860116],[144.9965945,-37.7769263],[144.9965949,-37.767841],[144.9965953,-37.7587557]]}},{"type":"Feature","properties":{"axis":"E","value":2499800,"spacing":100,"datum":"vicgrid2020"},"geometry":{"type":"LineString","coordinates":[[144.9977269,-37.8677773],[144.9977272,-37.8586924],[144.9977275,-37.8496074],[144.9977277,-37.8405224],[144.997728,-37.8314373],[144.9977283,-37.8223523],[144.9977286,-37.8132671],[144.9977288,-37.804182],[144.9977291,-37.7950968],[144.9977294,-37.7860116],[144.9977297,-37.7769264],[144.9977299,-37.7678411],[144.9977302,-37.7587558]]}},{"type":"Feature","properties":{"axis":"E","value":2499900,"spacing":100,"datum":"vicgrid2020"},"geometry":{"type":"LineString","coordinates":[[144.9988635,-37.8677773],[144.9988636,-37.8586924],[144.9988637,-37.8496074],[144.9988639,-37.8405224],[144.998864,-37.8314374],[144.9988641,-37.8223523],[144.9988643,-37.8132672],[144.9988644,-37.804182],[144.9988646,-37.7950968],[144.9988647,-37.7860116],[144.9988648,-37.7769264],[144.998865,-37.7678411],[144.9988651,-37.7587558]]}},{"type":"Feature","properties":{"axis":"E","value":2500100,"spacing":100,"datum":"vicgrid2020"},"geometry":{"type":"LineString","coordinates":[[145.0011365,-37.8677773],[145.0011364,-37.8586924],[145.0011363,-37.8496074],[145.0011361,-37.8405224],[145.001136,-37.8314374],[145.0011359,-37.8223523],[145.0011357,-37.8132672],[145.0011356,-37.804182],[145.0011354,-37.7950968],[145.0011353,-37.7860116],[145.0011352,-37.7769264],[145.001135,-37.7678411],[145.0011349,-37.7587558]]}},{"type":"Feature","properties":{"axis":"E","value":2500200,"spacing":100,"datum":"vicgrid2020"},"geometry":{"type":"LineString","coordinates":[[145.0022731,-37.8677773],[145.0022728,-37.8586924],[145.0022725,-37.8496074],[145.0022723,-37.8405224],[145.002272,-37.8314373],[145.0022717,-37.8223523],[145.0022714,-37.8132671],[145.0022712,-37.804182],[145.0022709,-37.7950968],[145.0022706,-37.7860116],[145.0022703,-37.7769264],[145.0022701,-37.7678411],[145.0022698,-37.7587558]]}},{"type":"Feature","properties":{"axis":"E","value":2500300,"spacing":100,"datum":"vicgrid2020"},"geometry":{"type":"LineString","coordinates":[[145.0034096,-37.8677773],[145.0034092,-37.8586923],[145.0034088,-37.8496074],[145.0034084,-37.8405224],[145.003408,-37.8314373],[145.0034076,-37.8223522],[145.0034071,-37.8132671],[145.0034067,-37.804182],[145.0034063,-37.7950968],[145.0034059,-37.7860116],[145.0034055,-37.7769263],[145.0034051,-37.767841],[145.0034047,-37.7587557]]}},{"type":"Feature","properties":{"axis":"E","value":2500400,"spacing":100,"datum":"vicgrid2020"},"geometry":{"type":"LineString","coordinates":[[145.0045461,-37.8677772],[145.0045456,-37.8586923],[145.0045451,-37.8496073],[145.0045445,-37.8405223],[145.004544,-37.8314373],[145.0045434,-37.8223522],[145.0045429,-37.8132671],[145.0045423,-37.8041819],[145.0045418,-37.7950968],[145.0045412,-37.7860115],[145.0045407,-37.7769263],[145.0045401,-37.767841],[145.0045396,-37.7587557]]}},{"type":"Feature","properties":{"axis":"E","value":2500500,"spacing":100,"datum":"vicgrid2020"},"geometry":{"type":"LineString","coordinates":[[145.0056827,-37.8677772],[145.005682,-37.8586922],[145.0056813,-37.8496073],[145.0056806,-37.8405223],[145.0056799,-37.8314372],[145.0056793,-37.8223521],[145.0056786,-37.813267],[145.0056779,-37.8041819],[145.0056772,-37.7950967],[145.0056765,-37.7860115],[145.0056758,-37.7769262],[145.0056752,-37.767841],[145.0056745,-37.7587556]]}},{"type":"Feature","properties":{"axis":"E","value":2500600,"spacing":100,"datum":"vicgrid2020"},"geometry":{"type":"LineString","coordinates":[[145.0068192,-37.8677771],[145.0068184,-37.8586922],[145.0068176,-37.8496072],[145.0068168,-37.8405222],[145.0068159,-37.8314372],[145.0068151,-37.8223521],[145.0068143,-37.813267],[145.0068135,-37.8041818],[145.0068127,-37.7950966],[145.0068118,-37.7860114],[145.006811,-37.7769262],[145.0068102,-37.7678409],[145.0068094,-37.7587556]]}},{"type":"Feature","properties":{"axis":"E","value":2500700,"spacing":100,"datum":"vicgrid2020"},"geometry":{"type":"LineString","coordinates":[[145.0079558,-37.8677771],[145.0079548,-37.8586921],[145.0079538,-37.8496071],[145.0079529,-37.8405221],[145.0079519,-37.8314371],[145.007951,-37.822352],[145.00795,-37.8132669],[145.0079491,-37.8041818],[145.0079481,-37.7950966],[145.0079471,-37.7860114],[145.0079462,-37.7769261],[145.0079452,-37.7678408],[145.0079443,-37.7587555]]}},{"type":"Feature","properties":{"axis":"E","value":2500800,"spacing":100,"datum":"vicgrid2020"},"geometry":{"type":"LineString","coordinates":[[145.0090923,-37.867777],[145.0090912,-37.858692],[145.0090901,-37.8496071],[145.009089,-37.8405221],[145.0090879,-37.831437],[145.0090868,-37.8223519],[145.0090857,-37.8132668],[145.0090846,-37.8041817],[145.0090835,-37.7950965],[145.0090825,-37.7860113],[145.0090814,-37.776926],[145.0090803,-37.7678407],[145.0090792,-37.7587554]]}},{"type":"Feature","properties":{"axis":"E","value":2500900,"spacing":100,"datum":"vicgrid2020"},"geometry":{"type":"LineString","coordinates":[[145.0102288,-37.8677769],[145.0102276,-37.8586919],[145.0102264,-37.849607],[145.0102251,-37.840522],[145.0102239,-37.8314369],[145.0102227,-37.8223518],[145.0102214,-37.8132667],[145.0102202,-37.8041816],[145.010219,-37.7950964],[145.0102178,-37.7860112],[145.0102165,-37.7769259],[145.0102153,-37.7678407],[145.0102141,-37.7587553]]}},{"type":"Feature","properties":{"axis":"E","value":2501100,"spacing":100,"datum":"vicgrid2020"},"geometry":{"type":"LineString","coordinates":[[145.0125019,-37.8677767],[145.0125004,-37.8586917],[145.0124989,-37.8496068],[145.0124974,-37.8405217],[145.0124959,-37.8314367],[145.0124944,-37.8223516],[145.0124929,-37.8132665],[145.0124914,-37.8041814],[145.0124899,-37.7950962],[145.0124884,-37.786011],[145.0124869,-37.7769257],[145.0124854,-37.7678404],[145.0124839,-37.7587551]]}},{"type":"Feature","properties":{"axis":"E","value":2501200,"spacing":100,"datum":"vicgrid2020"},"geometry":{"type":"LineString","coordinates":[[145.0136384,-37.8677765],[145.0136368,-37.8586916],[145.0136352,-37.8496066],[145.0136335,-37.8405216],[145.0136319,-37.8314366],[145.0136302,-37.8223515],[145.0136286,-37.8132664],[145.013627,-37.8041812],[145.0136253,-37.7950961],[145.0136237,-37.7860108],[145.013622,-37.7769256],[145.0136204,-37.7678403],[145.0136188,-37.758755]]}},{"type":"Feature","properties":{"axis":"E","value":2501300,"spacing":100,"datum":"vicgrid2020"},"geometry":{"type":"LineString","coordinates":[[145.014775,-37.8677764],[145.0147732,-37.8586915],[145.0147714,-37.8496065],[145.0147696,-37.8405215],[145.0147679,-37.8314364],[145.0147661,-37.8223514],[145.0147643,-37.8132663],[145.0147625,-37.8041811],[145.0147608,-37.7950959],[145.014759,-37.7860107],[145.0147572,-37.7769255],[145.0147554,-37.7678402],[145.0147537,-37.7587549]]}},{"type":"Feature","properties":{"axis":"E","value":2501400,"spacing":100,"datum":"vicgrid2020"},"geometry":{"type":"LineString","coordinates":[[145.0159115,-37.8677763],[145.0159096,-37.8586913],[145.0159077,-37.8496064],[145.0159058,-37.8405213],[145.0159039,-37.8314363],[145.0159019,-37.8223512],[145.0159,-37.8132661],[145.0158981,-37.804181],[145.0158962,-37.7950958],[145.0158943,-37.7860106],[145.0158924,-37.7769253],[145.0158905,-37.76784],[145.0158886,-37.7587547]]}},{"type":"Feature","properties":{"axis":"E","value":2501500,"spacing":100,"datum":"vicgrid2020"},"geometry":{"type":"LineString","coordinates":[[145.017048,-37.8677761],[145.017046,-37.8586912],[145.0170439,-37.8496062],[145.0170419,-37.8405212],[145.0170398,-37.8314361],[145.0170378,-37.8223511],[145.0170357,-37.813266],[145.0170337,-37.8041808],[145.0170316,-37.7950956],[145.0170296,-37.7860104],[145.0170275,-37.7769252],[145.0170255,-37.7678399],[145.0170235,-37.7587546]]}},{"type":"Feature","properties":{"axis":"E","value":2501600,"spacing":100,"datum":"vicgrid2020"},"geometry":{"type":"LineString","coordinates":[[145.0181846,-37.8677759],[145.0181824,-37.858691],[145.0181802,-37.849606],[145.018178,-37.840521],[145.0181758,-37.831436],[145.0181736,-37.8223509],[145.0181715,-37.8132658],[145.0181693,-37.8041806],[145.0181671,-37.7950955],[145.0181649,-37.7860102],[145.0181627,-37.776925],[145.0181605,-37.7678397],[145.0181584,-37.7587544]]}},{"type":"Feature","properties":{"axis":"E","value":2501700,"spacing":100,"datum":"vicgrid2020"},"geometry":{"type":"LineString","coordinates":[[145.0193211,-37.8677758],[145.0193188,-37.8586908],[145.0193165,-37.8496059],[145.0193141,-37.8405208],[145.0193118,-37.8314358],[145.0193095,-37.8223507],[145.0193072,-37.8132656],[145.0193049,-37.8041805],[145.0193025,-37.7950953],[145.0193002,-37.7860101],[145.0192979,-37.7769248],[145.0192956,-37.7678395],[145.0192932,-37.7587542]]}},{"type":"Feature","properties":{"axis":"E","value":2501800,"spacing":100,"datum":"vicgrid2020"},"geometry":{"type":"LineString","coordinates":[[145.0204577,-37.8677756],[145.0204552,-37.8586906],[145.0204527,-37.8496057],[145.0204503,-37.8405207],[145.0204478,-37.8314356],[145.0204454,-37.8223505],[145.0204429,-37.8132654],[145.0204404,-37.8041803],[145.020438,-37.7950951],[145.0204355,-37.7860099],[145.0204331,-37.7769246],[145.0204306,-37.7678394],[145.0204281,-37.758754]]}},{"type":"Feature","properties":{"axis":"E","value":2501900,"spacing":100,"datum":"vicgrid2020"},"geometry":{"type":"LineString","coordinates":[[145.0215942,-37.8677754],[145.0215916,-37.8586904],[145.021589,-37.8496055],[145.0215864,-37.8405205],[145.0215838,-37.8314354],[145.0215812,-37.8223503],[145.0215786,-37.8132652],[145.021576,-37.8041801],[145.0215734,-37.7950949],[145.0215708,-37.7860097],[145.0215682,-37.7769244],[145.0215656,-37.7678392],[145.021563,-37.7587538]]}},{"type":"Feature","properties":{"axis":"E","value":2502100,"spacing":100,"datum":"vicgrid2020"},"geometry":{"type":"LineString","coordinates":[[145.0238673,-37.8677749],[145.0238644,-37.85869],[145.0238615,-37.849605],[145.0238586,-37.84052],[145.0238558,-37.831435],[145.0238529,-37.8223499],[145.02385,-37.8132648],[145.0238472,-37.8041796],[145.0238443,-37.7950945],[145.0238414,-37.7860093],[145.0238386,-37.776924],[145.0238357,-37.7678387],[145.0238328,-37.7587534]]}},{"type":"Feature","properties":{"axis":"E","value":2502200,"spacing":100,"datum":"vicgrid2020"},"geometry":{"type":"LineString","coordinates":[[145.0250038,-37.8677747],[145.0250008,-37.8586898],[145.0249978,-37.8496048],[145.0249948,-37.8405198],[145.0249918,-37.8314348],[145.0249888,-37.8223497],[145.0249858,-37.8132646],[145.0249827,-37.8041794],[145.0249797,-37.7950942],[145.0249767,-37.786009],[145.0249737,-37.7769238],[145.0249707,-37.7678385],[145.0249677,-37.7587532]]}},{"type":"Feature","properties":{"axis":"E","value":2502300,"spacing":100,"datum":"vicgrid2020"},"geometry":{"type":"LineString","coordinates":[[145.0261403,-37.8677745],[145.0261372,-37.8586895],[145.026134,-37.8496046],[145.0261309,-37.8405196],[145.0261278,-37.8314345],[145.0261246,-37.8223494],[145.0261215,-37.8132643],[145.0261183,-37.8041792],[145.0261152,-37.795094],[145.026112,-37.7860088],[145.0261089,-37.7769235],[145.0261058,-37.7678383],[145.0261026,-37.7587529]]}},{"type":"Feature","properties":{"axis":"E","value":2502400,"spacing":100,"datum":"vicgrid2020"},"geometry":{"type":"LineString","coordinates":[[145.0272769,-37.8677742],[145.0272736,-37.8586893],[145.0272703,-37.8496043],[145.027267,-37.8405193],[145.0272637,-37.8314343],[145.0272605,-37.8223492],[145.0272572,-37.8132641],[145.0272539,-37.8041789],[145.0272506,-37.7950937],[145.0272474,-37.7860085],[145.0272441,-37.7769233],[145.0272408,-37.767838],[145.0272375,-37.7587527]]}},{"type":"Feature","properties":{"axis":"E","value":2502500,"spacing":100,"datum":"vicgrid2020"},"geometry":{"type":"LineString","coordinates":[[145.0284134,-37.867774],[145.02841,-37.858689],[145.0284066,-37.849604],[145.0284032,-37.840519],[145.0283997,-37.831434],[145.0283963,-37.8223489],[145.0283929,-37.8132638],[145.0283895,-37.8041787],[145.0283861,-37.7950935],[145.0283827,-37.7860083],[145.0283792,-37.776923],[145.0283758,-37.7678377],[145.0283724,-37.7587524]]}},{"type":"Feature","properties":{"axis":"E","value":2502600,"spacing":100,"datum":"vicgrid2020"},"geometry":{"type":"LineString","coordinates":[[145.0295499,-37.8677737],[145.0295464,-37.8586887],[145.0295428,-37.8496038],[145.0295393,-37.8405188],[145.0295357,-37.8314337],[145.0295322,-37.8223486],[145.0295286,-37.8132635],[145.0295251,-37.8041784],[145.0295215,-37.7950932],[145.029518,-37.786008],[145.0295144,-37.7769227],[145.0295109,-37.7678375],[145.0295073,-37.7587521]]}},{"type":"Feature","properties":{"axis":"E","value":2502700,"spacing":100,"datum":"vicgrid2020"},"geometry":{"type":"LineString","coordinates":[[145.0306865,-37.8677734],[145.0306828,-37.8586885],[145.0306791,-37.8496035],[145.0306754,-37.8405185],[145.0306717,-37.8314334],[145.030668,-37.8223484],[145.0306643,-37.8132632],[145.0306606,-37.8041781],[145.030657,-37.7950929],[145.0306533,-37.7860077],[145.0306496,-37.7769225],[145.0306459,-37.7678372],[145.0306422,-37.7587519]]}},{"type":"Feature","properties":{"axis":"E","value":2502800,"spacing":100,"datum":"vicgrid2020"},"geometry":{"type":"LineString","coordinates":[[145.031823,-37.8677731],[145.0318192,-37.8586882],[145.0318154,-37.8496032],[145.0318115,-37.8405182],[145.0318077,-37.8314331],[145.0318039,-37.8223481],[145.0318001,-37.813263],[145.0317962,-37.8041778],[145.0317924,-37.7950926],[145.0317886,-37.7860074],[145.0317848,-37.7769222],[145.0317809,-37.7678369],[145.0317771,-37.7587516]]}},{"type":"Feature","properties":{"axis":"N","value":2403700,"spacing":100,"datum":"vicgrid2020"},"geometry":{"type":"LineString","coordinates":[[144.8943022,-37.8677308],[144.9057622,-37.8677403],[144.9172223,-37.8677488],[144.9286824,-37.8677561],[144.9401424,-37.8677624],[144.9516025,-37.8677676],[144.9630626,-37.8677716],[144.9745226,-37.8677746],[144.9859827,-37.8677765],[144.9974428,-37.8677773],[145.0089029,-37.867777],[145.0203629,-37.8677756],[145.031823,-37.8677731]]}},{"type":"Feature","properties":{"axis":"N","value":2403800,"spacing":100,"datum":"vicgrid2020"},"geometry":{"type":"LineString","coordinates":[[144.8943034,-37.8668298],[144.9057633,-37.8668394],[144.9172233,-37.8668478],[144.9286832,-37.8668552],[144.9401431,-37.8668614],[144.9516031,-37.8668666],[144.963063,-37.8668707],[144.9745229,-37.8668736],[144.9859829,-37.8668755],[144.9974428,-37.8668763],[145.0089028,-37.866876],[145.0203627,-37.8668746],[145.0318226,-37.8668721]]}},{"type":"Feature","properties":{"axis":"N","value":2403900,"spacing":100,"datum":"vicgrid2020"},"geometry":{"type":"LineString","coordinates":[[144.8943047,-37.8659288],[144.9057645,-37.8659384],[144.9172243,-37.8659468],[144.9286841,-37.8659542],[144.9401439,-37.8659604],[144.9516036,-37.8659656],[144.9630634,-37.8659697],[144.9745232,-37.8659726],[144.9859831,-37.8659745],[144.9974429,-37.8659753],[145.0089027,-37.865975],[145.0203625,-37.8659736],[145.0318223,-37.8659711]]}},{"type":"Feature","properties":{"axis":"N","value":2404100,"spacing":100,"datum":"vicgrid2020"},"geometry":{"type":"LineString","coordinates":[[144.8943072,-37.8641269],[144.9057667,-37.8641364],[144.9172262,-37.8641449],[144.9286858,-37.8641522],[144.9401453,-37.8641585],[144.9516048,-37.8641636],[144.9630643,-37.8641677],[144.9745239,-37.8641707],[144.9859834,-37.8641726],[144.9974429,-37.8641734],[145.0089024,-37.864173],[145.020362,-37.8641717],[145.0318215,-37.8641692]]}},{"type":"Feature","properties":{"axis":"N","value":2404200,"spacing":100,"datum":"vicgrid2020"},"geometry":{"type":"LineString","coordinates":[[144.8943085,-37.8632259],[144.9057678,-37.8632354],[144.9172272,-37.8632439],[144.9286866,-37.8632512],[144.940146,-37.8632575],[144.9516054,-37.8632626],[144.9630648,-37.8632667],[144.9745242,-37.8632697],[144.9859836,-37.8632716],[144.9974429,-37.8632724],[145.0089023,-37.8632721],[145.0203617,-37.8632707],[145.0318211,-37.8632682]]}},{"type":"Feature","properties":{"axis":"N","value":2404300,"spacing":100,"datum":"vicgrid2020"},"geometry":{"type":"LineString","coordinates":[[144.8943097,-37.8623249],[144.905769,-37.8623344],[144.9172282,-37.8623429],[144.9286875,-37.8623502],[144.9401467,-37.8623565],[144.951606,-37.8623617],[144.9630652,-37.8623657],[144.9745245,-37.8623687],[144.9859837,-37.8623706],[144.997443,-37.8623714],[145.0089022,-37.8623711],[145.0203615,-37.8623697],[145.0318207,-37.8623672]]}},{"type":"Feature","properties":{"axis":"N","value":2404400,"spacing":100,"datum":"vicgrid2020"},"geometry":{"type":"LineString","coordinates":[[144.894311,-37.8614239],[144.9057701,-37.8614334],[144.9172292,-37.8614419],[144.9286883,-37.8614492],[144.9401474,-37.8614555],[144.9516065,-37.8614607],[144.9630657,-37.8614647],[144.9745248,-37.8614677],[144.9859839,-37.8614696],[144.997443,-37.8614704],[145.0089021,-37.8614701],[145.0203612,-37.8614687],[145.0318204,-37.8614662]]}},{"type":"Feature","properties":{"axis":"N","value":2404500,"spacing":100,"datum":"vicgrid2020"},"geometry":{"type":"LineString","coordinates":[[144.8943122,-37.8605229],[144.9057712,-37.8605325],[144.9172302,-37.8605409],[144.9286892,-37.8605483],[144.9401481,-37.8605545],[144.9516071,-37.8605597],[144.9630661,-37.8605638],[144.9745251,-37.8605667],[144.9859841,-37.8605686],[144.997443,-37.8605694],[145.008902,-37.8605691],[145.020361,-37.8605677],[145.03182,-37.8605652]]}},{"type":"Feature","properties":{"axis":"N","value":2404600,"spacing":100,"datum":"vicgrid2020"},"geometry":{"type":"LineString","coordinates":[[144.8943135,-37.8596219],[144.9057723,-37.8596315],[144.9172312,-37.8596399],[144.92869,-37.8596473],[144.9401489,-37.8596535],[144.9516077,-37.8596587],[144.9630665,-37.8596628],[144.9745254,-37.8596657],[144.9859842,-37.8596676],[144.9974431,-37.8596684],[145.0089019,-37.8596681],[145.0203608,-37.8596667],[145.0318196,-37.8596642]]}},{"type":"Feature","properties":{"axis":"N","value":2404700,"spacing":100,"datum":"vicgrid2020"},"geometry":{"type":"LineString","coordinates":[[144.8943148,-37.858721],[144.9057735,-37.8587305],[144.9172322,-37.8587389],[144.9286909,-37.8587463],[144.9401496,-37.8587525],[144.9516083,-37.8587577],[144.963067,-37.8587618],[144.9745257,-37.8587648],[144.9859844,-37.8587666],[144.9974431,-37.8587674],[145.0089018,-37.8587671],[145.0203605,-37.8587657],[145.0318192,-37.8587632]]}},{"type":"Feature","properties":{"axis":"N","value":2404800,"spacing":100,"datum":"vicgrid2020"},"geometry":{"type":"LineString","coordinates":[[144.894316,-37.85782],[144.9057746,-37.8578295],[144.9172332,-37.8578379],[144.9286917,-37.8578453],[144.9401503,-37.8578516],[144.9516088,-37.8578567],[144.9630674,-37.8578608],[144.974526,-37.8578638],[144.9859846,-37.8578657],[144.9974431,-37.8578664],[145.0089017,-37.8578661],[145.0203603,-37.8578647],[145.0318188,-37.8578623]]}},{"type":"Feature","properties":{"axis":"N","value":2404900,"spacing":100,"datum":"vicgrid2020"},"geometry":{"type":"LineString","coordinates":[[144.8943173,-37.856919],[144.9057757,-37.8569285],[144.9172341,-37.856937],[144.9286926,-37.8569443],[144.940151,-37.8569506],[144.9516094,-37.8569557],[144.9630679,-37.8569598],[144.9745263,-37.8569628],[144.9859847,-37.8569647],[144.9974432,-37.8569655],[145.0089016,-37.8569652],[145.02036,-37.8569638],[145.0318185,-37.8569613]]}},{"type":"Feature","properties":{"axis":"N","value":2405100,"spacing":100,"datum":"vicgrid2020"},"geometry":{"type":"LineString","coordinates":[[144.8943198,-37.855117],[144.905778,-37.8551265],[144.9172361,-37.855135],[144.9286943,-37.8551423],[144.9401524,-37.8551486],[144.9516106,-37.8551538],[144.9630687,-37.8551578],[144.9745269,-37.8551608],[144.9859851,-37.8551627],[144.9974432,-37.8551635],[145.0089014,-37.8551632],[145.0203595,-37.8551618],[145.0318177,-37.8551593]]}},{"type":"Feature","properties":{"axis":"N","value":2405200,"spacing":100,"datum":"vicgrid2020"},"geometry":{"type":"LineString","coordinates":[[144.8943211,-37.854216],[144.9057791,-37.8542256],[144.9172371,-37.854234],[144.9286951,-37.8542413],[144.9401531,-37.8542476],[144.9516112,-37.8542528],[144.9630692,-37.8542568],[144.9745272,-37.8542598],[144.9859852,-37.8542617],[144.9974433,-37.8542625],[145.0089013,-37.8542622],[145.0203593,-37.8542608],[145.0318173,-37.8542583]]}},{"type":"Feature","properties":{"axis":"N","value":2405300,"spacing":100,"datum":"vicgrid2020"},"geometry":{"type":"LineString","coordinates":[[144.8943223,-37.853315],[144.9057802,-37.8533246],[144.9172381,-37.853333],[144.928696,-37.8533404],[144.9401539,-37.8533466],[144.9516117,-37.8533518],[144.9630696,-37.8533559],[144.9745275,-37.8533588],[144.9859854,-37.8533607],[144.9974433,-37.8533615],[145.0089012,-37.8533612],[145.0203591,-37.8533598],[145.0318169,-37.8533573]]}},{"type":"Feature","properties":{"axis":"N","value":2405400,"spacing":100,"datum":"vicgrid2020"},"geometry":{"type":"LineString","coordinates":[[144.8943236,-37.852414],[144.9057813,-37.8524236],[144.9172391,-37.852432],[144.9286968,-37.8524394],[144.9401546,-37.8524456],[144.9516123,-37.8524508],[144.9630701,-37.8524549],[144.9745278,-37.8524578],[144.9859856,-37.8524597],[144.9974433,-37.8524605],[145.0089011,-37.8524602],[145.0203588,-37.8524588],[145.0318166,-37.8524563]]}},{"type":"Feature","properties":{"axis":"N","value":2405500,"spacing":100,"datum":"vicgrid2020"},"geometry":{"type":"LineString","coordinates":[[144.8943249,-37.851513],[144.9057825,-37.8515226],[144.9172401,-37.851531],[144.9286977,-37.8515384],[144.9401553,-37.8515446],[144.9516129,-37.8515498],[144.9630705,-37.8515539],[144.9745281,-37.8515569],[144.9859857,-37.8515587],[144.9974433,-37.8515595],[145.008901,-37.8515592],[145.0203586,-37.8515578],[145.0318162,-37.8515553]]}},{"type":"Feature","properties":{"axis":"N","value":2405600,"spacing":100,"datum":"vicgrid2020"},"geometry":{"type":"LineString","coordinates":[[144.8943261,-37.8506121],[144.9057836,-37.8506216],[144.9172411,-37.85063],[144.9286985,-37.8506374],[144.940156,-37.8506436],[144.9516135,-37.8506488],[144.9630709,-37.8506529],[144.9745284,-37.8506559],[144.9859859,-37.8506577],[144.9974434,-37.8506585],[145.0089008,-37.8506582],[145.0203583,-37.8506568],[145.0318158,-37.8506543]]}},{"type":"Feature","properties":{"axis":"N","value":2405700,"spacing":100,"datum":"vicgrid2020"},"geometry":{"type":"LineString","coordinates":[[144.8943274,-37.8497111],[144.9057847,-37.8497206],[144.917242,-37.849729],[144.9286994,-37.8497364],[144.9401567,-37.8497427],[144.951614,-37.8497478],[144.9630714,-37.8497519],[144.9745287,-37.8497549],[144.9859861,-37.8497568],[144.9974434,-37.8497575],[145.0089007,-37.8497572],[145.0203581,-37.8497558],[145.0318154,-37.8497534]]}},{"type":"Feature","properties":{"axis":"N","value":2405800,"spacing":100,"datum":"vicgrid2020"},"geometry":{"type":"LineString","coordinates":[[144.8943286,-37.8488101],[144.9057858,-37.8488196],[144.917243,-37.8488281],[144.9287002,-37.8488354],[144.9401574,-37.8488417],[144.9516146,-37.8488468],[144.9630718,-37.8488509],[144.974529,-37.8488539],[144.9859862,-37.8488558],[144.9974434,-37.8488566],[145.0089006,-37.8488563],[145.0203578,-37.8488549],[145.031815,-37.8488524]]}},{"type":"Feature","properties":{"axis":"N","value":2405900,"spacing":100,"datum":"vicgrid2020"},"geometry":{"type":"LineString","coordinates":[[144.8943299,-37.8479091],[144.905787,-37.8479186],[144.917244,-37.8479271],[144.9287011,-37.8479344],[144.9401581,-37.8479407],[144.9516152,-37.8479458],[144.9630723,-37.8479499],[144.9745293,-37.8479529],[144.9859864,-37.8479548],[144.9974435,-37.8479556],[145.0089005,-37.8479553],[145.0203576,-37.8479539],[145.0318147,-37.8479514]]}},{"type":"Feature","properties":{"axis":"N","value":2406100,"spacing":100,"datum":"vicgrid2020"},"geometry":{"type":"LineString","coordinates":[[144.8943324,-37.8461071],[144.9057892,-37.8461166],[144.917246,-37.8461251],[144.9287028,-37.8461324],[144.9401596,-37.8461387],[144.9516164,-37.8461439],[144.9630731,-37.8461479],[144.9745299,-37.8461509],[144.9859867,-37.8461528],[144.9974435,-37.8461536],[145.0089003,-37.8461533],[145.0203571,-37.8461519],[145.0318139,-37.8461494]]}},{"type":"Feature","properties":{"axis":"N","value":2406200,"spacing":100,"datum":"vicgrid2020"},"geometry":{"type":"LineString","coordinates":[[144.8943337,-37.8452061],[144.9057903,-37.8452156],[144.917247,-37.8452241],[144.9287036,-37.8452314],[144.9401603,-37.8452377],[144.9516169,-37.8452429],[144.9630736,-37.8452469],[144.9745302,-37.8452499],[144.9859869,-37.8452518],[144.9974436,-37.8452526],[145.0089002,-37.8452523],[145.0203569,-37.8452509],[145.0318135,-37.8452484]]}},{"type":"Feature","properties":{"axis":"N","value":2406300,"spacing":100,"datum":"vicgrid2020"},"geometry":{"type":"LineString","coordinates":[[144.894335,-37.8443051],[144.9057915,-37.8443147],[144.917248,-37.8443231],[144.9287045,-37.8443305],[144.940161,-37.8443367],[144.9516175,-37.8443419],[144.963074,-37.8443459],[144.9745305,-37.8443489],[144.9859871,-37.8443508],[144.9974436,-37.8443516],[145.0089001,-37.8443513],[145.0203566,-37.8443499],[145.0318131,-37.8443474]]}},{"type":"Feature","properties":{"axis":"N","value":2406400,"spacing":100,"datum":"vicgrid2020"},"geometry":{"type":"LineString","coordinates":[[144.8943362,-37.8434041],[144.9057926,-37.8434137],[144.917249,-37.8434221],[144.9287053,-37.8434295],[144.9401617,-37.8434357],[144.9516181,-37.8434409],[144.9630745,-37.8434449],[144.9745309,-37.8434479],[144.9859872,-37.8434498],[144.9974436,-37.8434506],[145.0089,-37.8434503],[145.0203564,-37.8434489],[145.0318128,-37.8434464]]}},{"type":"Feature","properties":{"axis":"N","value":2406500,"spacing":100,"datum":"vicgrid2020"},"geometry":{"type":"LineString","coordinates":[[144.8943375,-37.8425031],[144.9057937,-37.8425127],[144.9172499,-37.8425211],[144.9287062,-37.8425285],[144.9401624,-37.8425347],[144.9516187,-37.8425399],[144.9630749,-37.842544],[144.9745312,-37.8425469],[144.9859874,-37.8425488],[144.9974436,-37.8425496],[145.0088999,-37.8425493],[145.0203561,-37.8425479],[145.0318124,-37.8425454]]}},{"type":"Feature","properties":{"axis":"N","value":2406600,"spacing":100,"datum":"vicgrid2020"},"geometry":{"type":"LineString","coordinates":[[144.8943387,-37.8416021],[144.9057948,-37.8416117],[144.9172509,-37.8416201],[144.928707,-37.8416275],[144.9401631,-37.8416337],[144.9516192,-37.8416389],[144.9630754,-37.841643],[144.9745315,-37.8416459],[144.9859876,-37.8416478],[144.9974437,-37.8416486],[145.0088998,-37.8416483],[145.0203559,-37.8416469],[145.031812,-37.8416444]]}},{"type":"Feature","properties":{"axis":"N","value":2406700,"spacing":100,"datum":"vicgrid2020"},"geometry":{"type":"LineString","coordinates":[[144.89434,-37.8407011],[144.905796,-37.8407107],[144.9172519,-37.8407191],[144.9287079,-37.8407265],[144.9401639,-37.8407327],[144.9516198,-37.8407379],[144.9630758,-37.840742],[144.9745318,-37.8407449],[144.9859877,-37.8407468],[144.9974437,-37.8407476],[145.0088997,-37.8407473],[145.0203557,-37.8407459],[145.0318116,-37.8407434]]}},{"type":"Feature","properties":{"axis":"N","value":2406800,"spacing":100,"datum":"vicgrid2020"},"geometry":{"type":"LineString","coordinates":[[144.8943413,-37.8398002],[144.9057971,-37.8398097],[144.9172529,-37.8398181],[144.9287087,-37.8398255],[144.9401646,-37.8398317],[144.9516204,-37.8398369],[144.9630762,-37.839841],[144.9745321,-37.839844],[144.9859879,-37.8398458],[144.9974437,-37.8398466],[145.0088996,-37.8398463],[145.0203554,-37.8398449],[145.0318112,-37.8398424]]}},{"type":"Feature","properties":{"axis":"N","value":2406900,"spacing":100,"datum":"vicgrid2020"},"geometry":{"type":"LineString","coordinates":[[144.8943425,-37.8388992],[144.9057982,-37.8389087],[144.9172539,-37.8389171],[144.9287096,-37.8389245],[144.9401653,-37.8389307],[144.951621,-37.8389359],[144.9630767,-37.83894],[144.9745324,-37.838943],[144.9859881,-37.8389448],[144.9974438,-37.8389456],[145.0088995,-37.8389453],[145.0203552,-37.8389439],[145.0318109,-37.8389414]]}},{"type":"Feature","properties":{"axis":"N","value":2407100,"spacing":100,"datum":"vicgrid2020"},"geometry":{"type":"LineString","coordinates":[[144.894345,-37.8370972],[144.9058005,-37.8371067],[144.9172559,-37.8371152],[144.9287113,-37.8371225],[144.9401667,-37.8371288],[144.9516221,-37.8371339],[144.9630776,-37.837138],[144.974533,-37.837141],[144.9859884,-37.8371429],[144.9974438,-37.8371436],[145.0088993,-37.8371433],[145.0203547,-37.8371419],[145.0318101,-37.8371395]]}},{"type":"Feature","properties":{"axis":"N","value":2407200,"spacing":100,"datum":"vicgrid2020"},"geometry":{"type":"LineString","coordinates":[[144.8943463,-37.8361962],[144.9058016,-37.8362057],[144.9172569,-37.8362142],[144.9287121,-37.8362215],[144.9401674,-37.8362278],[144.9516227,-37.8362329],[144.963078,-37.836237],[144.9745333,-37.83624],[144.9859886,-37.8362419],[144.9974439,-37.8362426],[145.0088992,-37.8362423],[145.0203544,-37.8362409],[145.0318097,-37.8362385]]}},{"type":"Feature","properties":{"axis":"N","value":2407300,"spacing":100,"datum":"vicgrid2020"},"geometry":{"type":"LineString","coordinates":[[144.8943476,-37.8352952],[144.9058027,-37.8353047],[144.9172578,-37.8353132],[144.928713,-37.8353205],[144.9401681,-37.8353268],[144.9516233,-37.8353319],[144.9630784,-37.835336],[144.9745336,-37.835339],[144.9859887,-37.8353409],[144.9974439,-37.8353416],[145.008899,-37.8353413],[145.0203542,-37.83534],[145.0318093,-37.8353375]]}},{"type":"Feature","properties":{"axis":"N","value":2407400,"spacing":100,"datum":"vicgrid2020"},"geometry":{"type":"LineString","coordinates":[[144.8943488,-37.8343942],[144.9058038,-37.8344037],[144.9172588,-37.8344122],[144.9287138,-37.8344195],[144.9401688,-37.8344258],[144.9516239,-37.8344309],[144.9630789,-37.834435],[144.9745339,-37.834438],[144.9859889,-37.8344399],[144.9974439,-37.8344407],[145.0088989,-37.8344404],[145.020354,-37.834439],[145.031809,-37.8344365]]}},{"type":"Feature","properties":{"axis":"N","value":2407500,"spacing":100,"datum":"vicgrid2020"},"geometry":{"type":"LineString","coordinates":[[144.8943501,-37.8334932],[144.9058049,-37.8335027],[144.9172598,-37.8335112],[144.9287147,-37.8335185],[144.9401696,-37.8335248],[144.9516244,-37.8335299],[144.9630793,-37.833534],[144.9745342,-37.833537],[144.9859891,-37.8335389],[144.997444,-37.8335397],[145.0088988,-37.8335394],[145.0203537,-37.833538],[145.0318086,-37.8335355]]}},{"type":"Feature","properties":{"axis":"N","value":2407600,"spacing":100,"datum":"vicgrid2020"},"geometry":{"type":"LineString","coordinates":[[144.8943513,-37.8325922],[144.9058061,-37.8326017],[144.9172608,-37.8326102],[144.9287155,-37.8326175],[144.9401703,-37.8326238],[144.951625,-37.8326289],[144.9630798,-37.832633],[144.9745345,-37.832636],[144.9859892,-37.8326379],[144.997444,-37.8326387],[145.0088987,-37.8326384],[145.0203535,-37.832637],[145.0318082,-37.8326345]]}},{"type":"Feature","properties":{"axis":"N","value":2407700,"spacing":100,"datum":"vicgrid2020"},"geometry":{"type":"LineString","coordinates":[[144.8943526,-37.8316912],[144.9058072,-37.8317007],[144.9172618,-37.8317092],[144.9287164,-37.8317165],[144.940171,-37.8317228],[144.9516256,-37.8317279],[144.9630802,-37.831732],[144.9745348,-37.831735],[144.9859894,-37.8317369],[144.997444,-37.8317377],[145.0088986,-37.8317374],[145.0203532,-37.831736],[145.0318078,-37.8317335]]}},{"type":"Feature","properties":{"axis":"N","value":2407800,"spacing":100,"datum":"vicgrid2020"},"geometry":{"type":"LineString","coordinates":[[144.8943539,-37.8307902],[144.9058083,-37.8307997],[144.9172628,-37.8308082],[144.9287172,-37.8308155],[144.9401717,-37.8308218],[144.9516262,-37.8308269],[144.9630806,-37.830831],[144.9745351,-37.830834],[144.9859896,-37.8308359],[144.997444,-37.8308367],[145.0088985,-37.8308364],[145.020353,-37.830835],[145.0318075,-37.8308325]]}},{"type":"Feature","properties":{"axis":"N","value":2407900,"spacing":100,"datum":"vicgrid2020"},"geometry":{"type":"LineString","coordinates":[[144.8943551,-37.8298892],[144.9058094,-37.8298987],[144.9172638,-37.8299072],[144.9287181,-37.8299145],[144.9401724,-37.8299208],[144.9516267,-37.8299259],[144.9630811,-37.82993],[144.9745354,-37.829933],[144.9859897,-37.8299349],[144.9974441,-37.8299357],[145.0088984,-37.8299354],[145.0203527,-37.829934],[145.0318071,-37.8299315]]}},{"type":"Feature","properties":{"axis":"N","value":2408100,"spacing":100,"datum":"vicgrid2020"},"geometry":{"type":"LineString","coordinates":[[144.8943576,-37.8280872],[144.9058117,-37.8280967],[144.9172657,-37.8281052],[144.9287198,-37.8281125],[144.9401738,-37.8281188],[144.9516279,-37.8281239],[144.963082,-37.828128],[144.974536,-37.828131],[144.9859901,-37.8281329],[144.9974441,-37.8281337],[145.0088982,-37.8281334],[145.0203523,-37.828132],[145.0318063,-37.8281295]]}},{"type":"Feature","properties":{"axis":"N","value":2408200,"spacing":100,"datum":"vicgrid2020"},"geometry":{"type":"LineString","coordinates":[[144.8943589,-37.8271862],[144.9058128,-37.8271957],[144.9172667,-37.8272042],[144.9287206,-37.8272115],[144.9401746,-37.8272178],[144.9516285,-37.8272229],[144.9630824,-37.827227],[144.9745363,-37.82723],[144.9859902,-37.8272319],[144.9974442,-37.8272327],[145.0088981,-37.8272324],[145.020352,-37.827231],[145.0318059,-37.8272285]]}},{"type":"Feature","properties":{"axis":"N","value":2408300,"spacing":100,"datum":"vicgrid2020"},"geometry":{"type":"LineString","coordinates":[[144.8943602,-37.8262852],[144.9058139,-37.8262947],[144.9172677,-37.8263032],[144.9287215,-37.8263105],[144.9401753,-37.8263168],[144.9516291,-37.826322],[144.9630828,-37.826326],[144.9745366,-37.826329],[144.9859904,-37.8263309],[144.9974442,-37.8263317],[145.008898,-37.8263314],[145.0203518,-37.82633],[145.0318056,-37.8263275]]}},{"type":"Feature","properties":{"axis":"N","value":2408400,"spacing":100,"datum":"vicgrid2020"},"geometry":{"type":"LineString","coordinates":[[144.8943614,-37.8253842],[144.9058151,-37.8253937],[144.9172687,-37.8254022],[144.9287223,-37.8254095],[144.940176,-37.8254158],[144.9516296,-37.825421],[144.9630833,-37.825425],[144.9745369,-37.825428],[144.9859906,-37.8254299],[144.9974442,-37.8254307],[145.0088979,-37.8254304],[145.0203515,-37.825429],[145.0318052,-37.8254265]]}},{"type":"Feature","properties":{"axis":"N","value":2408500,"spacing":100,"datum":"vicgrid2020"},"geometry":{"type":"LineString","coordinates":[[144.8943627,-37.8244832],[144.9058162,-37.8244927],[144.9172697,-37.8245012],[144.9287232,-37.8245085],[144.9401767,-37.8245148],[144.9516302,-37.82452],[144.9630837,-37.824524],[144.9745372,-37.824527],[144.9859907,-37.8245289],[144.9974443,-37.8245297],[145.0088978,-37.8245294],[145.0203513,-37.824528],[145.0318048,-37.8245255]]}},{"type":"Feature","properties":{"axis":"N","value":2408600,"spacing":100,"datum":"vicgrid2020"},"geometry":{"type":"LineString","coordinates":[[144.8943639,-37.8235822],[144.9058173,-37.8235917],[144.9172707,-37.8236002],[144.928724,-37.8236075],[144.9401774,-37.8236138],[144.9516308,-37.8236189],[144.9630842,-37.823623],[144.9745375,-37.823626],[144.9859909,-37.8236279],[144.9974443,-37.8236287],[145.0088977,-37.8236284],[145.020351,-37.823627],[145.0318044,-37.8236245]]}},{"type":"Feature","properties":{"axis":"N","value":2408700,"spacing":100,"datum":"vicgrid2020"},"geometry":{"type":"LineString","coordinates":[[144.8943652,-37.8226812],[144.9058184,-37.8226907],[144.9172717,-37.8226992],[144.9287249,-37.8227065],[144.9401781,-37.8227128],[144.9516314,-37.8227179],[144.9630846,-37.822722],[144.9745378,-37.822725],[144.9859911,-37.8227269],[144.9974443,-37.8227277],[145.0088976,-37.8227274],[145.0203508,-37.822726],[145.031804,-37.8227235]]}},{"type":"Feature","properties":{"axis":"N","value":2408800,"spacing":100,"datum":"vicgrid2020"},"geometry":{"type":"LineString","coordinates":[[144.8943665,-37.8217802],[144.9058196,-37.8217897],[144.9172727,-37.8217982],[144.9287257,-37.8218055],[144.9401788,-37.8218118],[144.9516319,-37.8218169],[144.963085,-37.821821],[144.9745381,-37.821824],[144.9859912,-37.8218259],[144.9974443,-37.8218267],[145.0088975,-37.8218264],[145.0203506,-37.821825],[145.0318037,-37.8218225]]}},{"type":"Feature","properties":{"axis":"N","value":2408900,"spacing":100,"datum":"vicgrid2020"},"geometry":{"type":"LineString","coordinates":[[144.8943677,-37.8208792],[144.9058207,-37.8208887],[144.9172736,-37.8208972],[144.9287266,-37.8209045],[144.9401796,-37.8209108],[144.9516325,-37.8209159],[144.9630855,-37.82092],[144.9745384,-37.820923],[144.9859914,-37.8209249],[144.9974444,-37.8209257],[145.0088973,-37.8209254],[145.0203503,-37.820924],[145.0318033,-37.8209215]]}},{"type":"Feature","properties":{"axis":"N","value":2409100,"spacing":100,"datum":"vicgrid2020"},"geometry":{"type":"LineString","coordinates":[[144.8943702,-37.8190772],[144.9058229,-37.8190867],[144.9172756,-37.8190952],[144.9287283,-37.8191025],[144.940181,-37.8191088],[144.9516337,-37.8191139],[144.9630864,-37.819118],[144.9745391,-37.819121],[144.9859917,-37.8191229],[144.9974444,-37.8191237],[145.0088971,-37.8191234],[145.0203498,-37.819122],[145.0318025,-37.8191195]]}},{"type":"Feature","properties":{"axis":"N","value":2409200,"spacing":100,"datum":"vicgrid2020"},"geometry":{"type":"LineString","coordinates":[[144.8943715,-37.8181762],[144.9058241,-37.8181857],[144.9172766,-37.8181942],[144.9287291,-37.8182015],[144.9401817,-37.8182078],[144.9516343,-37.8182129],[144.9630868,-37.818217],[144.9745394,-37.81822],[144.9859919,-37.8182219],[144.9974445,-37.8182227],[145.008897,-37.8182224],[145.0203496,-37.818221],[145.0318021,-37.8182185]]}},{"type":"Feature","properties":{"axis":"N","value":2409300,"spacing":100,"datum":"vicgrid2020"},"geometry":{"type":"LineString","coordinates":[[144.8943728,-37.8172752],[144.9058252,-37.8172847],[144.9172776,-37.8172932],[144.92873,-37.8173005],[144.9401824,-37.8173068],[144.9516348,-37.8173119],[144.9630872,-37.817316],[144.9745397,-37.817319],[144.9859921,-37.8173209],[144.9974445,-37.8173217],[145.0088969,-37.8173214],[145.0203493,-37.81732],[145.0318018,-37.8173175]]}},{"type":"Feature","properties":{"axis":"N","value":2409400,"spacing":100,"datum":"vicgrid2020"},"geometry":{"type":"LineString","coordinates":[[144.894374,-37.8163742],[144.9058263,-37.8163837],[144.9172786,-37.8163922],[144.9287308,-37.8163995],[144.9401831,-37.8164058],[144.9516354,-37.8164109],[144.9630877,-37.816415],[144.97454,-37.816418],[144.9859922,-37.8164199],[144.9974445,-37.8164207],[145.0088968,-37.8164204],[145.0203491,-37.816419],[145.0318014,-37.8164165]]}},{"type":"Feature","properties":{"axis":"N","value":2409500,"spacing":100,"datum":"vicgrid2020"},"geometry":{"type":"LineString","coordinates":[[144.8943753,-37.8154732],[144.9058274,-37.8154827],[144.9172796,-37.8154912],[144.9287317,-37.8154985],[144.9401838,-37.8155048],[144.951636,-37.8155099],[144.9630881,-37.815514],[144.9745403,-37.815517],[144.9859924,-37.8155189],[144.9974446,-37.8155196],[145.0088967,-37.8155193],[145.0203489,-37.815518],[145.031801,-37.8155155]]}},{"type":"Feature","properties":{"axis":"N","value":2409600,"spacing":100,"datum":"vicgrid2020"},"geometry":{"type":"LineString","coordinates":[[144.8943766,-37.8145722],[144.9058285,-37.8145817],[144.9172805,-37.8145902],[144.9287325,-37.8145975],[144.9401846,-37.8146038],[144.9516366,-37.8146089],[144.9630886,-37.814613],[144.9745406,-37.814616],[144.9859926,-37.8146179],[144.9974446,-37.8146186],[145.0088966,-37.8146183],[145.0203486,-37.8146169],[145.0318006,-37.8146145]]}},{"type":"Feature","properties":{"axis":"N","value":2409700,"spacing":100,"datum":"vicgrid2020"},"geometry":{"type":"LineString","coordinates":[[144.8943778,-37.8136712],[144.9058297,-37.8136807],[144.9172815,-37.8136892],[144.9287334,-37.8136965],[144.9401853,-37.8137028],[144.9516371,-37.8137079],[144.963089,-37.813712],[144.9745409,-37.813715],[144.9859928,-37.8137169],[144.9974446,-37.8137176],[145.0088965,-37.8137173],[145.0203484,-37.8137159],[145.0318002,-37.8137135]]}},{"type":"Feature","properties":{"axis":"N","value":2409800,"spacing":100,"datum":"vicgrid2020"},"geometry":{"type":"LineString","coordinates":[[144.8943791,-37.8127702],[144.9058308,-37.8127797],[144.9172825,-37.8127882],[144.9287342,-37.8127955],[144.940186,-37.8128018],[144.9516377,-37.8128069],[144.9630894,-37.812811],[144.9745412,-37.812814],[144.9859929,-37.8128158],[144.9974447,-37.8128166],[145.0088964,-37.8128163],[145.0203481,-37.8128149],[145.0317999,-37.8128125]]}},{"type":"Feature","properties":{"axis":"N","value":2409900,"spacing":100,"datum":"vicgrid2020"},"geometry":{"type":"LineString","coordinates":[[144.8943803,-37.8118692],[144.9058319,-37.8118787],[144.9172835,-37.8118872],[144.9287351,-37.8118945],[144.9401867,-37.8119008],[144.9516383,-37.8119059],[144.9630899,-37.81191],[144.9745415,-37.811913],[144.9859931,-37.8119148],[144.9974447,-37.8119156],[145.0088963,-37.8119153],[145.0203479,-37.8119139],[145.0317995,-37.8119114]]}},{"type":"Feature","properties":{"axis":"N","value":2410100,"spacing":100,"datum":"vicgrid2020"},"geometry":{"type":"LineString","coordinates":[[144.8943829,-37.8100672],[144.9058342,-37.8100767],[144.9172855,-37.8100851],[144.9287368,-37.8100925],[144.9401881,-37.8100987],[144.9516394,-37.8101039],[144.9630908,-37.810108],[144.9745421,-37.8101109],[144.9859934,-37.8101128],[144.9974447,-37.8101136],[145.0088961,-37.8101133],[145.0203474,-37.8101119],[145.0317987,-37.8101094]]}},{"type":"Feature","properties":{"axis":"N","value":2410200,"spacing":100,"datum":"vicgrid2020"},"geometry":{"type":"LineString","coordinates":[[144.8943841,-37.8091662],[144.9058353,-37.8091757],[144.9172865,-37.8091841],[144.9287376,-37.8091915],[144.9401888,-37.8091977],[144.95164,-37.8092029],[144.9630912,-37.809207],[144.9745424,-37.8092099],[144.9859936,-37.8092118],[144.9974448,-37.8092126],[145.008896,-37.8092123],[145.0203472,-37.8092109],[145.0317983,-37.8092084]]}},{"type":"Feature","properties":{"axis":"N","value":2410300,"spacing":100,"datum":"vicgrid2020"},"geometry":{"type":"LineString","coordinates":[[144.8943854,-37.8082652],[144.9058364,-37.8082747],[144.9172875,-37.8082831],[144.9287385,-37.8082905],[144.9401895,-37.8082967],[144.9516406,-37.8083019],[144.9630916,-37.808306],[144.9745427,-37.8083089],[144.9859938,-37.8083108],[144.9974448,-37.8083116],[145.0088959,-37.8083113],[145.0203469,-37.8083099],[145.031798,-37.8083074]]}},{"type":"Feature","properties":{"axis":"N","value":2410400,"spacing":100,"datum":"vicgrid2020"},"geometry":{"type":"LineString","coordinates":[[144.8943866,-37.8073641],[144.9058375,-37.8073737],[144.9172884,-37.8073821],[144.9287393,-37.8073895],[144.9401903,-37.8073957],[144.9516412,-37.8074009],[144.9630921,-37.807405],[144.974543,-37.8074079],[144.9859939,-37.8074098],[144.9974448,-37.8074106],[145.0088958,-37.8074103],[145.0203467,-37.8074089],[145.0317976,-37.8074064]]}},{"type":"Feature","properties":{"axis":"N","value":2410500,"spacing":100,"datum":"vicgrid2020"},"geometry":{"type":"LineString","coordinates":[[144.8943879,-37.8064631],[144.9058387,-37.8064727],[144.9172894,-37.8064811],[144.9287402,-37.8064885],[144.940191,-37.8064947],[144.9516418,-37.8064999],[144.9630925,-37.8065039],[144.9745433,-37.8065069],[144.9859941,-37.8065088],[144.9974449,-37.8065096],[145.0088956,-37.8065093],[145.0203464,-37.8065079],[145.0317972,-37.8065054]]}},{"type":"Feature","properties":{"axis":"N","value":2410600,"spacing":100,"datum":"vicgrid2020"},"geometry":{"type":"LineString","coordinates":[[144.8943891,-37.8055621],[144.9058398,-37.8055717],[144.9172904,-37.8055801],[144.928741,-37.8055875],[144.9401917,-37.8055937],[144.9516423,-37.8055989],[144.963093,-37.8056029],[144.9745436,-37.8056059],[144.9859943,-37.8056078],[144.9974449,-37.8056086],[145.0088955,-37.8056083],[145.0203462,-37.8056069],[145.0317968,-37.8056044]]}},{"type":"Feature","properties":{"axis":"N","value":2410700,"spacing":100,"datum":"vicgrid2020"},"geometry":{"type":"LineString","coordinates":[[144.8943904,-37.8046611],[144.9058409,-37.8046707],[144.9172914,-37.8046791],[144.9287419,-37.8046864],[144.9401924,-37.8046927],[144.9516429,-37.8046979],[144.9630934,-37.8047019],[144.9745439,-37.8047049],[144.9859944,-37.8047068],[144.9974449,-37.8047076],[145.0088954,-37.8047073],[145.0203459,-37.8047059],[145.0317964,-37.8047034]]}},{"type":"Feature","properties":{"axis":"N","value":2410800,"spacing":100,"datum":"vicgrid2020"},"geometry":{"type":"LineString","coordinates":[[144.8943917,-37.8037601],[144.905842,-37.8037697],[144.9172924,-37.8037781],[144.9287427,-37.8037854],[144.9401931,-37.8037917],[144.9516435,-37.8037969],[144.9630938,-37.8038009],[144.9745442,-37.8038039],[144.9859946,-37.8038058],[144.997445,-37.8038066],[145.0088953,-37.8038063],[145.0203457,-37.8038049],[145.0317961,-37.8038024]]}},{"type":"Feature","properties":{"axis":"N","value":2410900,"spacing":100,"datum":"vicgrid2020"},"geometry":{"type":"LineString","coordinates":[[144.8943929,-37.8028591],[144.9058431,-37.8028686],[144.9172934,-37.8028771],[144.9287436,-37.8028844],[144.9401938,-37.8028907],[144.9516441,-37.8028958],[144.9630943,-37.8028999],[144.9745445,-37.8029029],[144.9859948,-37.8029048],[144.997445,-37.8029056],[145.0088952,-37.8029053],[145.0203455,-37.8029039],[145.0317957,-37.8029014]]}},{"type":"Feature","properties":{"axis":"N","value":2411100,"spacing":100,"datum":"vicgrid2020"},"geometry":{"type":"LineString","coordinates":[[144.8943954,-37.8010571],[144.9058454,-37.8010666],[144.9172953,-37.8010751],[144.9287453,-37.8010824],[144.9401953,-37.8010887],[144.9516452,-37.8010938],[144.9630952,-37.8010979],[144.9745451,-37.8011009],[144.9859951,-37.8011028],[144.9974451,-37.8011035],[145.008895,-37.8011032],[145.020345,-37.8011018],[145.0317949,-37.8010994]]}},{"type":"Feature","properties":{"axis":"N","value":2411200,"spacing":100,"datum":"vicgrid2020"},"geometry":{"type":"LineString","coordinates":[[144.8943967,-37.8001561],[144.9058465,-37.8001656],[144.9172963,-37.8001741],[144.9287461,-37.8001814],[144.940196,-37.8001877],[144.9516458,-37.8001928],[144.9630956,-37.8001969],[144.9745454,-37.8001999],[144.9859953,-37.8002017],[144.9974451,-37.8002025],[145.0088949,-37.8002022],[145.0203447,-37.8002008],[145.0317946,-37.8001984]]}},{"type":"Feature","properties":{"axis":"N","value":2411300,"spacing":100,"datum":"vicgrid2020"},"geometry":{"type":"LineString","coordinates":[[144.894398,-37.7992551],[144.9058476,-37.7992646],[144.9172973,-37.7992731],[144.928747,-37.7992804],[144.9401967,-37.7992866],[144.9516464,-37.7992918],[144.9630961,-37.7992959],[144.9745457,-37.7992989],[144.9859954,-37.7993007],[144.9974451,-37.7993015],[145.0088948,-37.7993012],[145.0203445,-37.7992998],[145.0317942,-37.7992973]]}},{"type":"Feature","properties":{"axis":"N","value":2411400,"spacing":100,"datum":"vicgrid2020"},"geometry":{"type":"LineString","coordinates":[[144.8943992,-37.7983541],[144.9058488,-37.7983636],[144.9172983,-37.798372],[144.9287478,-37.7983794],[144.9401974,-37.7983856],[144.9516469,-37.7983908],[144.9630965,-37.7983949],[144.974546,-37.7983978],[144.9859956,-37.7983997],[144.9974451,-37.7984005],[145.0088947,-37.7984002],[145.0203442,-37.7983988],[145.0317938,-37.7983963]]}},{"type":"Feature","properties":{"axis":"N","value":2411500,"spacing":100,"datum":"vicgrid2020"},"geometry":{"type":"LineString","coordinates":[[144.8944005,-37.7974531],[144.9058499,-37.7974626],[144.9172993,-37.797471],[144.9287487,-37.7974784],[144.9401981,-37.7974846],[144.9516475,-37.7974898],[144.9630969,-37.7974939],[144.9745463,-37.7974968],[144.9859958,-37.7974987],[144.9974452,-37.7974995],[145.0088946,-37.7974992],[145.020344,-37.7974978],[145.0317934,-37.7974953]]}},{"type":"Feature","properties":{"axis":"N","value":2411600,"spacing":100,"datum":"vicgrid2020"},"geometry":{"type":"LineString","coordinates":[[144.8944017,-37.7965521],[144.905851,-37.7965616],[144.9173003,-37.79657],[144.9287495,-37.7965774],[144.9401988,-37.7965836],[144.9516481,-37.7965888],[144.9630974,-37.7965928],[144.9745466,-37.7965958],[144.9859959,-37.7965977],[144.9974452,-37.7965985],[145.0088945,-37.7965982],[145.0203438,-37.7965968],[145.031793,-37.7965943]]}},{"type":"Feature","properties":{"axis":"N","value":2411700,"spacing":100,"datum":"vicgrid2020"},"geometry":{"type":"LineString","coordinates":[[144.894403,-37.795651],[144.9058521,-37.7956606],[144.9173013,-37.795669],[144.9287504,-37.7956764],[144.9401995,-37.7956826],[144.9516487,-37.7956878],[144.9630978,-37.7956918],[144.974547,-37.7956948],[144.9859961,-37.7956967],[144.9974452,-37.7956975],[145.0088944,-37.7956972],[145.0203435,-37.7956958],[145.0317927,-37.7956933]]}},{"type":"Feature","properties":{"axis":"N","value":2411800,"spacing":100,"datum":"vicgrid2020"},"geometry":{"type":"LineString","coordinates":[[144.8944043,-37.79475],[144.9058533,-37.7947596],[144.9173023,-37.794768],[144.9287512,-37.7947753],[144.9402002,-37.7947816],[144.9516492,-37.7947868],[144.9630983,-37.7947908],[144.9745473,-37.7947938],[144.9859963,-37.7947957],[144.9974453,-37.7947965],[145.0088943,-37.7947962],[145.0203433,-37.7947948],[145.0317923,-37.7947923]]}},{"type":"Feature","properties":{"axis":"N","value":2411900,"spacing":100,"datum":"vicgrid2020"},"geometry":{"type":"LineString","coordinates":[[144.8944055,-37.793849],[144.9058544,-37.7938585],[144.9173032,-37.793867],[144.9287521,-37.7938743],[144.940201,-37.7938806],[144.9516498,-37.7938857],[144.9630987,-37.7938898],[144.9745476,-37.7938928],[144.9859964,-37.7938947],[144.9974453,-37.7938955],[145.0088942,-37.7938952],[145.020343,-37.7938938],[145.0317919,-37.7938913]]}},{"type":"Feature","properties":{"axis":"N","value":2412100,"spacing":100,"datum":"vicgrid2020"},"geometry":{"type":"LineString","coordinates":[[144.894408,-37.792047],[144.9058566,-37.7920565],[144.9173052,-37.792065],[144.9287538,-37.7920723],[144.9402024,-37.7920786],[144.951651,-37.7920837],[144.9630996,-37.7920878],[144.9745482,-37.7920908],[144.9859968,-37.7920926],[144.9974454,-37.7920934],[145.0088939,-37.7920931],[145.0203425,-37.7920917],[145.0317911,-37.7920893]]}},{"type":"Feature","properties":{"axis":"N","value":2412200,"spacing":100,"datum":"vicgrid2020"},"geometry":{"type":"LineString","coordinates":[[144.8944093,-37.791146],[144.9058577,-37.7911555],[144.9173062,-37.791164],[144.9287546,-37.7911713],[144.9402031,-37.7911775],[144.9516516,-37.7911827],[144.9631,-37.7911868],[144.9745485,-37.7911898],[144.9859969,-37.7911916],[144.9974454,-37.7911924],[145.0088938,-37.7911921],[145.0203423,-37.7911907],[145.0317908,-37.7911882]]}},{"type":"Feature","properties":{"axis":"N","value":2412300,"spacing":100,"datum":"vicgrid2020"},"geometry":{"type":"LineString","coordinates":[[144.8944106,-37.790245],[144.9058589,-37.7902545],[144.9173072,-37.7902629],[144.9287555,-37.7902703],[144.9402038,-37.7902765],[144.9516521,-37.7902817],[144.9631005,-37.7902858],[144.9745488,-37.7902887],[144.9859971,-37.7902906],[144.9974454,-37.7902914],[145.0088937,-37.7902911],[145.0203421,-37.7902897],[145.0317904,-37.7902872]]}},{"type":"Feature","properties":{"axis":"N","value":2412400,"spacing":100,"datum":"vicgrid2020"},"geometry":{"type":"LineString","coordinates":[[144.8944118,-37.789344],[144.90586,-37.7893535],[144.9173082,-37.7893619],[144.9287563,-37.7893693],[144.9402045,-37.7893755],[144.9516527,-37.7893807],[144.9631009,-37.7893848],[144.9745491,-37.7893877],[144.9859973,-37.7893896],[144.9974454,-37.7893904],[145.0088936,-37.7893901],[145.0203418,-37.7893887],[145.03179,-37.7893862]]}},{"type":"Feature","properties":{"axis":"N","value":2412500,"spacing":100,"datum":"vicgrid2020"},"geometry":{"type":"LineString","coordinates":[[144.8944131,-37.7884429],[144.9058611,-37.7884525],[144.9173092,-37.7884609],[144.9287572,-37.7884683],[144.9402052,-37.7884745],[144.9516533,-37.7884797],[144.9631013,-37.7884837],[144.9745494,-37.7884867],[144.9859974,-37.7884886],[144.9974455,-37.7884894],[145.0088935,-37.7884891],[145.0203416,-37.7884877],[145.0317896,-37.7884852]]}},{"type":"Feature","properties":{"axis":"N","value":2412600,"spacing":100,"datum":"vicgrid2020"},"geometry":{"type":"LineString","coordinates":[[144.8944143,-37.7875419],[144.9058622,-37.7875515],[144.9173101,-37.7875599],[144.928758,-37.7875672],[144.940206,-37.7875735],[144.9516539,-37.7875787],[144.9631018,-37.7875827],[144.9745497,-37.7875857],[144.9859976,-37.7875876],[144.9974455,-37.7875884],[145.0088934,-37.7875881],[145.0203413,-37.7875867],[145.0317892,-37.7875842]]}},{"type":"Feature","properties":{"axis":"N","value":2412700,"spacing":100,"datum":"vicgrid2020"},"geometry":{"type":"LineString","coordinates":[[144.8944156,-37.7866409],[144.9058634,-37.7866504],[144.9173111,-37.7866589],[144.9287589,-37.7866662],[144.9402067,-37.7866725],[144.9516544,-37.7866776],[144.9631022,-37.7866817],[144.97455,-37.7866847],[144.9859978,-37.7866866],[144.9974455,-37.7866874],[145.0088933,-37.7866871],[145.0203411,-37.7866857],[145.0317889,-37.7866832]]}},{"type":"Feature","properties":{"axis":"N","value":2412800,"spacing":100,"datum":"vicgrid2020"},"geometry":{"type":"LineString","coordinates":[[144.8944169,-37.7857399],[144.9058645,-37.7857494],[144.9173121,-37.7857579],[144.9287597,-37.7857652],[144.9402074,-37.7857715],[144.951655,-37.7857766],[144.9631027,-37.7857807],[144.9745503,-37.7857837],[144.9859979,-37.7857856],[144.9974456,-37.7857863],[145.0088932,-37.785786],[145.0203408,-37.7857846],[145.0317885,-37.7857822]]}},{"type":"Feature","properties":{"axis":"N","value":2412900,"spacing":100,"datum":"vicgrid2020"},"geometry":{"type":"LineString","coordinates":[[144.8944181,-37.7848389],[144.9058656,-37.7848484],[144.9173131,-37.7848569],[144.9287606,-37.7848642],[144.9402081,-37.7848705],[144.9516556,-37.7848756],[144.9631031,-37.7848797],[144.9745506,-37.7848827],[144.9859981,-37.7848845],[144.9974456,-37.7848853],[145.0088931,-37.784885],[145.0203406,-37.7848836],[145.0317881,-37.7848811]]}},{"type":"Feature","properties":{"axis":"N","value":2413100,"spacing":100,"datum":"vicgrid2020"},"geometry":{"type":"LineString","coordinates":[[144.8944206,-37.7830369],[144.9058679,-37.7830464],[144.9173151,-37.7830548],[144.9287623,-37.7830622],[144.9402095,-37.7830684],[144.9516567,-37.7830736],[144.963104,-37.7830776],[144.9745512,-37.7830806],[144.9859984,-37.7830825],[144.9974457,-37.7830833],[145.0088929,-37.783083],[145.0203401,-37.7830816],[145.0317873,-37.7830791]]}},{"type":"Feature","properties":{"axis":"N","value":2413200,"spacing":100,"datum":"vicgrid2020"},"geometry":{"type":"LineString","coordinates":[[144.8944219,-37.7821358],[144.905869,-37.7821454],[144.9173161,-37.7821538],[144.9287631,-37.7821612],[144.9402102,-37.7821674],[144.9516573,-37.7821726],[144.9631044,-37.7821766],[144.9745515,-37.7821796],[144.9859986,-37.7821815],[144.9974457,-37.7821823],[145.0088928,-37.782182],[145.0203399,-37.7821806],[145.031787,-37.7821781]]}},{"type":"Feature","properties":{"axis":"N","value":2413300,"spacing":100,"datum":"vicgrid2020"},"geometry":{"type":"LineString","coordinates":[[144.8944232,-37.7812348],[144.9058701,-37.7812444],[144.917317,-37.7812528],[144.928764,-37.7812601],[144.9402109,-37.7812664],[144.9516579,-37.7812715],[144.9631049,-37.7812756],[144.9745518,-37.7812786],[144.9859988,-37.7812805],[144.9974457,-37.7812813],[145.0088927,-37.781281],[145.0203396,-37.7812796],[145.0317866,-37.7812771]]}},{"type":"Feature","properties":{"axis":"N","value":2413400,"spacing":100,"datum":"vicgrid2020"},"geometry":{"type":"LineString","coordinates":[[144.8944244,-37.7803338],[144.9058712,-37.7803433],[144.917318,-37.7803518],[144.9287648,-37.7803591],[144.9402117,-37.7803654],[144.9516585,-37.7803705],[144.9631053,-37.7803746],[144.9745521,-37.7803776],[144.9859989,-37.7803795],[144.9974458,-37.7803802],[145.0088926,-37.7803799],[145.0203394,-37.7803786],[145.0317862,-37.7803761]]}},{"type":"Feature","properties":{"axis":"N","value":2413500,"spacing":100,"datum":"vicgrid2020"},"geometry":{"type":"LineString","coordinates":[[144.8944257,-37.7794328],[144.9058723,-37.7794423],[144.917319,-37.7794508],[144.9287657,-37.7794581],[144.9402124,-37.7794644],[144.9516591,-37.7794695],[144.9631057,-37.7794736],[144.9745524,-37.7794766],[144.9859991,-37.7794784],[144.9974458,-37.7794792],[145.0088925,-37.7794789],[145.0203391,-37.7794775],[145.0317858,-37.779475]]}},{"type":"Feature","properties":{"axis":"N","value":2413600,"spacing":100,"datum":"vicgrid2020"},"geometry":{"type":"LineString","coordinates":[[144.8944269,-37.7785318],[144.9058735,-37.7785413],[144.91732,-37.7785497],[144.9287665,-37.7785571],[144.9402131,-37.7785633],[144.9516596,-37.7785685],[144.9631062,-37.7785726],[144.9745527,-37.7785755],[144.9859993,-37.7785774],[144.9974458,-37.7785782],[145.0088924,-37.7785779],[145.0203389,-37.7785765],[145.0317855,-37.778574]]}},{"type":"Feature","properties":{"axis":"N","value":2413700,"spacing":100,"datum":"vicgrid2020"},"geometry":{"type":"LineString","coordinates":[[144.8944282,-37.7776308],[144.9058746,-37.7776403],[144.917321,-37.7776487],[144.9287674,-37.7776561],[144.9402138,-37.7776623],[144.9516602,-37.7776675],[144.9631066,-37.7776715],[144.974553,-37.7776745],[144.9859994,-37.7776764],[144.9974458,-37.7776772],[145.0088923,-37.7776769],[145.0203387,-37.7776755],[145.0317851,-37.777673]]}},{"type":"Feature","properties":{"axis":"N","value":2413800,"spacing":100,"datum":"vicgrid2020"},"geometry":{"type":"LineString","coordinates":[[144.8944294,-37.7767297],[144.9058757,-37.7767393],[144.917322,-37.7767477],[144.9287682,-37.7767551],[144.9402145,-37.7767613],[144.9516608,-37.7767665],[144.9631071,-37.7767705],[144.9745533,-37.7767735],[144.9859996,-37.7767754],[144.9974459,-37.7767762],[145.0088921,-37.7767759],[145.0203384,-37.7767745],[145.0317847,-37.776772]]}},{"type":"Feature","properties":{"axis":"N","value":2413900,"spacing":100,"datum":"vicgrid2020"},"geometry":{"type":"LineString","coordinates":[[144.8944307,-37.7758287],[144.9058768,-37.7758383],[144.917323,-37.7758467],[144.9287691,-37.775854],[144.9402152,-37.7758603],[144.9516614,-37.7758654],[144.9631075,-37.7758695],[144.9745536,-37.7758725],[144.9859998,-37.7758744],[144.9974459,-37.7758752],[145.008892,-37.7758749],[145.0203382,-37.7758735],[145.0317843,-37.775871]]}},{"type":"Feature","properties":{"axis":"N","value":2414100,"spacing":100,"datum":"vicgrid2020"},"geometry":{"type":"LineString","coordinates":[[144.8944332,-37.7740267],[144.9058791,-37.7740362],[144.9173249,-37.7740447],[144.9287708,-37.774052],[144.9402166,-37.7740582],[144.9516625,-37.7740634],[144.9631084,-37.7740675],[144.9745542,-37.7740704],[144.9860001,-37.7740723],[144.997446,-37.7740731],[145.0088918,-37.7740728],[145.0203377,-37.7740714],[145.0317836,-37.7740689]]}},{"type":"Feature","properties":{"axis":"N","value":2414200,"spacing":100,"datum":"vicgrid2020"},"geometry":{"type":"LineString","coordinates":[[144.8944345,-37.7731257],[144.9058802,-37.7731352],[144.9173259,-37.7731436],[144.9287716,-37.773151],[144.9402174,-37.7731572],[144.9516631,-37.7731624],[144.9631088,-37.7731665],[144.9745545,-37.7731694],[144.9860003,-37.7731713],[144.997446,-37.7731721],[145.0088917,-37.7731718],[145.0203375,-37.7731704],[145.0317832,-37.7731679]]}},{"type":"Feature","properties":{"axis":"N","value":2414300,"spacing":100,"datum":"vicgrid2020"},"geometry":{"type":"LineString","coordinates":[[144.8944357,-37.7722247],[144.9058813,-37.7722342],[144.9173269,-37.7722426],[144.9287725,-37.77225],[144.9402181,-37.7722562],[144.9516637,-37.7722614],[144.9631093,-37.7722654],[144.9745548,-37.7722684],[144.9860004,-37.7722703],[144.997446,-37.7722711],[145.0088916,-37.7722708],[145.0203372,-37.7722694],[145.0317828,-37.7722669]]}},{"type":"Feature","properties":{"axis":"N","value":2414400,"spacing":100,"datum":"vicgrid2020"},"geometry":{"type":"LineString","coordinates":[[144.894437,-37.7713236],[144.9058824,-37.7713332],[144.9173279,-37.7713416],[144.9287733,-37.7713489],[144.9402188,-37.7713552],[144.9516642,-37.7713603],[144.9631097,-37.7713644],[144.9745551,-37.7713674],[144.9860006,-37.7713693],[144.9974461,-37.7713701],[145.0088915,-37.7713698],[145.020337,-37.7713684],[145.0317824,-37.7713659]]}},{"type":"Feature","properties":{"axis":"N","value":2414500,"spacing":100,"datum":"vicgrid2020"},"geometry":{"type":"LineString","coordinates":[[144.8944383,-37.7704226],[144.9058836,-37.7704321],[144.9173289,-37.7704406],[144.9287742,-37.7704479],[144.9402195,-37.7704542],[144.9516648,-37.7704593],[144.9631101,-37.7704634],[144.9745554,-37.7704664],[144.9860008,-37.7704683],[144.9974461,-37.770469],[145.0088914,-37.7704687],[145.0203367,-37.7704673],[145.031782,-37.7704649]]}},{"type":"Feature","properties":{"axis":"N","value":2414600,"spacing":100,"datum":"vicgrid2020"},"geometry":{"type":"LineString","coordinates":[[144.8944395,-37.7695216],[144.9058847,-37.7695311],[144.9173299,-37.7695396],[144.928775,-37.7695469],[144.9402202,-37.7695532],[144.9516654,-37.7695583],[144.9631106,-37.7695624],[144.9745558,-37.7695654],[144.9860009,-37.7695672],[144.9974461,-37.769568],[145.0088913,-37.7695677],[145.0203365,-37.7695663],[145.0317817,-37.7695638]]}},{"type":"Feature","properties":{"axis":"N","value":2414700,"spacing":100,"datum":"vicgrid2020"},"geometry":{"type":"LineString","coordinates":[[144.8944408,-37.7686206],[144.9058858,-37.7686301],[144.9173308,-37.7686385],[144.9287759,-37.7686459],[144.9402209,-37.7686521],[144.951666,-37.7686573],[144.963111,-37.7686614],[144.9745561,-37.7686643],[144.9860011,-37.7686662],[144.9974461,-37.768667],[145.0088912,-37.7686667],[145.0203362,-37.7686653],[145.0317813,-37.7686628]]}},{"type":"Feature","properties":{"axis":"N","value":2414800,"spacing":100,"datum":"vicgrid2020"},"geometry":{"type":"LineString","coordinates":[[144.894442,-37.7677196],[144.9058869,-37.7677291],[144.9173318,-37.7677375],[144.9287767,-37.7677449],[144.9402216,-37.7677511],[144.9516665,-37.7677563],[144.9631115,-37.7677603],[144.9745564,-37.7677633],[144.9860013,-37.7677652],[144.9974462,-37.767766],[145.0088911,-37.7677657],[145.020336,-37.7677643],[145.0317809,-37.7677618]]}},{"type":"Feature","properties":{"axis":"N","value":2414900,"spacing":100,"datum":"vicgrid2020"},"geometry":{"type":"LineString","coordinates":[[144.8944433,-37.7668185],[144.9058881,-37.7668281],[144.9173328,-37.7668365],[144.9287776,-37.7668438],[144.9402223,-37.7668501],[144.9516671,-37.7668552],[144.9631119,-37.7668593],[144.9745567,-37.7668623],[144.9860014,-37.7668642],[144.9974462,-37.766865],[145.008891,-37.7668647],[145.0203358,-37.7668633],[145.0317805,-37.7668608]]}},{"type":"Feature","properties":{"axis":"N","value":2415100,"spacing":100,"datum":"vicgrid2020"},"geometry":{"type":"LineString","coordinates":[[144.8944458,-37.7650165],[144.9058903,-37.765026],[144.9173348,-37.7650344],[144.9287793,-37.7650418],[144.9402238,-37.765048],[144.9516683,-37.7650532],[144.9631128,-37.7650573],[144.9745573,-37.7650602],[144.9860018,-37.7650621],[144.9974463,-37.7650629],[145.0088908,-37.7650626],[145.0203353,-37.7650612],[145.0317798,-37.7650587]]}},{"type":"Feature","properties":{"axis":"N","value":2415200,"spacing":100,"datum":"vicgrid2020"},"geometry":{"type":"LineString","coordinates":[[144.8944471,-37.7641155],[144.9058914,-37.764125],[144.9173358,-37.7641334],[144.9287801,-37.7641408],[144.9402245,-37.764147],[144.9516688,-37.7641522],[144.9631132,-37.7641562],[144.9745576,-37.7641592],[144.9860019,-37.7641611],[144.9974463,-37.7641619],[145.0088907,-37.7641616],[145.020335,-37.7641602],[145.0317794,-37.7641577]]}},{"type":"Feature","properties":{"axis":"N","value":2415300,"spacing":100,"datum":"vicgrid2020"},"geometry":{"type":"LineString","coordinates":[[144.8944483,-37.7632144],[144.9058925,-37.763224],[144.9173368,-37.7632324],[144.928781,-37.7632397],[144.9402252,-37.763246],[144.9516694,-37.7632512],[144.9631136,-37.7632552],[144.9745579,-37.7632582],[144.9860021,-37.7632601],[144.9974463,-37.7632609],[145.0088906,-37.7632606],[145.0203348,-37.7632592],[145.031779,-37.7632567]]}},{"type":"Feature","properties":{"axis":"N","value":2415400,"spacing":100,"datum":"vicgrid2020"},"geometry":{"type":"LineString","coordinates":[[144.8944496,-37.7623134],[144.9058937,-37.7623229],[144.9173377,-37.7623314],[144.9287818,-37.7623387],[144.9402259,-37.762345],[144.95167,-37.7623501],[144.9631141,-37.7623542],[144.9745582,-37.7623572],[144.9860023,-37.7623591],[144.9974464,-37.7623598],[145.0088905,-37.7623595],[145.0203345,-37.7623581],[145.0317786,-37.7623557]]}},{"type":"Feature","properties":{"axis":"N","value":2415500,"spacing":100,"datum":"vicgrid2020"},"geometry":{"type":"LineString","coordinates":[[144.8944508,-37.7614124],[144.9058948,-37.7614219],[144.9173387,-37.7614304],[144.9287827,-37.7614377],[144.9402266,-37.761444],[144.9516706,-37.7614491],[144.9631145,-37.7614532],[144.9745585,-37.7614562],[144.9860024,-37.761458],[144.9974464,-37.7614588],[145.0088903,-37.7614585],[145.0203343,-37.7614571],[145.0317783,-37.7614546]]}},{"type":"Feature","properties":{"axis":"N","value":2415600,"spacing":100,"datum":"vicgrid2020"},"geometry":{"type":"LineString","coordinates":[[144.8944521,-37.7605114],[144.9058959,-37.7605209],[144.9173397,-37.7605293],[144.9287835,-37.7605367],[144.9402273,-37.7605429],[144.9516712,-37.7605481],[144.963115,-37.7605522],[144.9745588,-37.7605551],[144.9860026,-37.760557],[144.9974464,-37.7605578],[145.0088902,-37.7605575],[145.0203341,-37.7605561],[145.0317779,-37.7605536]]}},{"type":"Feature","properties":{"axis":"N","value":2415700,"spacing":100,"datum":"vicgrid2020"},"geometry":{"type":"LineString","coordinates":[[144.8944534,-37.7596103],[144.905897,-37.7596199],[144.9173407,-37.7596283],[144.9287844,-37.7596357],[144.9402281,-37.7596419],[144.9516717,-37.7596471],[144.9631154,-37.7596511],[144.9745591,-37.7596541],[144.9860028,-37.759656],[144.9974465,-37.7596568],[145.0088901,-37.7596565],[145.0203338,-37.7596551],[145.0317775,-37.7596526]]}},{"type":"Feature","properties":{"axis":"N","value":2415800,"spacing":100,"datum":"vicgrid2020"},"geometry":{"type":"LineString","coordinates":[[144.8944546,-37.7587093],[144.9058982,-37.7587189],[144.9173417,-37.7587273],[144.9287852,-37.7587346],[144.9402288,-37.7587409],[144.9516723,-37.758746],[144.9631158,-37.7587501],[144.9745594,-37.7587531],[144.9860029,-37.758755],[144.9974465,-37.7587557],[145.00889,-37.7587554],[145.0203336,-37.7587541],[145.0317771,-37.7587516]]}}]}